{"type":"FeatureCollection","features":[{"type":"Feature","id":"433_-1244","geometry":{"type":"Polygon","coordinates":[[[-124.45,43.25],[-124.35,43.25],[-124.35,43.35],[-124.45,43.35],[-124.45,43.25]]]},"properties":{"group":"cantharellus","week":"2026-10-05","chance":0.1313,"uncertainty_low":null,"uncertainty_high":null,"applicable":true,"drivers":[{"label":"Rain, total of the last 14 days (mm)","value":9.7},{"label":"Rain, total of the last 3 days (mm)","value":0.0},{"label":"Air temperature, mean of the last 7 days (°C)","value":13.814}],"weather_through":"2026-10-04","model_version":"pnw-pilot-t1-synthetic-1cbe08ab21a8"}},{"type":"Feature","id":"433_-1243","geometry":{"type":"Polygon","coordinates":[[[-124.35,43.25],[-124.25,43.25],[-124.25,43.35],[-124.35,43.35],[-124.35,43.25]]]},"properties":{"group":"cantharellus","week":"2026-10-05","chance":0.1313,"uncertainty_low":null,"uncertainty_high":null,"applicable":true,"drivers":[{"label":"Rain, total of the last 14 days (mm)","value":6.8},{"label":"Rain, total of the last 3 days (mm)","value":0.0},{"label":"Air temperature, mean of the last 7 days (°C)","value":14.857}],"weather_through":"2026-10-04","model_version":"pnw-pilot-t1-synthetic-1cbe08ab21a8"}},{"type":"Feature","id":"438_-1242","geometry":{"type":"Polygon","coordinates":[[[-124.25,43.75],[-124.15,43.75],[-124.15,43.85],[-124.25,43.85],[-124.25,43.75]]]},"properties":{"group":"cantharellus","week":"2026-10-05","chance":0.1313,"uncertainty_low":null,"uncertainty_high":null,"applicable":true,"drivers":[{"label":"Rain, total of the last 14 days (mm)","value":8.8},{"label":"Rain, total of the last 3 days (mm)","value":0.0},{"label":"Air temperature, mean of the last 7 days (°C)","value":15.214}],"weather_through":"2026-10-04","model_version":"pnw-pilot-t1-synthetic-1cbe08ab21a8"}},{"type":"Feature","id":"438_-1227","geometry":{"type":"Polygon","coordinates":[[[-122.75,43.75],[-122.65,43.75],[-122.65,43.85],[-122.75,43.85],[-122.75,43.75]]]},"properties":{"group":"cantharellus","week":"2026-10-05","chance":0.1313,"uncertainty_low":null,"uncertainty_high":null,"applicable":true,"drivers":[{"label":"Rain, total of the last 14 days (mm)","value":12.6},{"label":"Rain, total of the last 3 days (mm)","value":0.0},{"label":"Air temperature, mean of the last 7 days (°C)","value":14.657}],"weather_through":"2026-10-04","model_version":"pnw-pilot-t1-synthetic-1cbe08ab21a8"}},{"type":"Feature","id":"439_-1241","geometry":{"type":"Polygon","coordinates":[[[-124.15,43.85],[-124.05,43.85],[-124.05,43.95],[-124.15,43.95],[-124.15,43.85]]]},"properties":{"group":"cantharellus","week":"2026-10-05","chance":0.1313,"uncertainty_low":null,"uncertainty_high":null,"applicable":true,"drivers":[{"label":"Rain, total of the last 14 days (mm)","value":15.2},{"label":"Rain, total of the last 3 days (mm)","value":0.0},{"label":"Air temperature, mean of the last 7 days (°C)","value":15.086}],"weather_through":"2026-10-04","model_version":"pnw-pilot-t1-synthetic-1cbe08ab21a8"}},{"type":"Feature","id":"440_-1241","geometry":{"type":"Polygon","coordinates":[[[-124.15,43.95],[-124.05,43.95],[-124.05,44.05],[-124.15,44.05],[-124.15,43.95]]]},"properties":{"group":"cantharellus","week":"2026-10-05","chance":0.1313,"uncertainty_low":null,"uncertainty_high":null,"applicable":true,"drivers":[{"label":"Rain, total of the last 14 days (mm)","value":15.2},{"label":"Rain, total of the last 3 days (mm)","value":0.0},{"label":"Air temperature, mean of the last 7 days (°C)","value":14.843}],"weather_through":"2026-10-04","model_version":"pnw-pilot-t1-synthetic-1cbe08ab21a8"}},{"type":"Feature","id":"440_-1231","geometry":{"type":"Polygon","coordinates":[[[-123.15,43.95],[-123.05,43.95],[-123.05,44.05],[-123.15,44.05],[-123.15,43.95]]]},"properties":{"group":"cantharellus","week":"2026-10-05","chance":0.1313,"uncertainty_low":null,"uncertainty_high":null,"applicable":true,"drivers":[{"label":"Rain, total of the last 14 days (mm)","value":7.4},{"label":"Rain, total of the last 3 days (mm)","value":0.0},{"label":"Air temperature, mean of the last 7 days (°C)","value":16.0}],"weather_through":"2026-10-04","model_version":"pnw-pilot-t1-synthetic-1cbe08ab21a8"}},{"type":"Feature","id":"440_-1230","geometry":{"type":"Polygon","coordinates":[[[-123.05,43.95],[-122.95,43.95],[-122.95,44.05],[-123.05,44.05],[-123.05,43.95]]]},"properties":{"group":"cantharellus","week":"2026-10-05","chance":0.1313,"uncertainty_low":null,"uncertainty_high":null,"applicable":true,"drivers":[{"label":"Rain, total of the last 14 days (mm)","value":7.4},{"label":"Rain, total of the last 3 days (mm)","value":0.0},{"label":"Air temperature, mean of the last 7 days (°C)","value":16.029}],"weather_through":"2026-10-04","model_version":"pnw-pilot-t1-synthetic-1cbe08ab21a8"}},{"type":"Feature","id":"440_-1229","geometry":{"type":"Polygon","coordinates":[[[-122.95,43.95],[-122.85,43.95],[-122.85,44.05],[-122.95,44.05],[-122.95,43.95]]]},"properties":{"group":"cantharellus","week":"2026-10-05","chance":0.1313,"uncertainty_low":null,"uncertainty_high":null,"applicable":true,"drivers":[{"label":"Rain, total of the last 14 days (mm)","value":7.4},{"label":"Rain, total of the last 3 days (mm)","value":0.0},{"label":"Air temperature, mean of the last 7 days (°C)","value":15.914}],"weather_through":"2026-10-04","model_version":"pnw-pilot-t1-synthetic-1cbe08ab21a8"}},{"type":"Feature","id":"441_-1241","geometry":{"type":"Polygon","coordinates":[[[-124.15,44.05],[-124.05,44.05],[-124.05,44.15],[-124.15,44.15],[-124.15,44.05]]]},"properties":{"group":"cantharellus","week":"2026-10-05","chance":0.1313,"uncertainty_low":null,"uncertainty_high":null,"applicable":true,"drivers":[{"label":"Rain, total of the last 14 days (mm)","value":15.2},{"label":"Rain, total of the last 3 days (mm)","value":0.0},{"label":"Air temperature, mean of the last 7 days (°C)","value":14.171}],"weather_through":"2026-10-04","model_version":"pnw-pilot-t1-synthetic-1cbe08ab21a8"}},{"type":"Feature","id":"441_-1233","geometry":{"type":"Polygon","coordinates":[[[-123.35,44.05],[-123.25,44.05],[-123.25,44.15],[-123.35,44.15],[-123.35,44.05]]]},"properties":{"group":"cantharellus","week":"2026-10-05","chance":0.1313,"uncertainty_low":null,"uncertainty_high":null,"applicable":true,"drivers":[{"label":"Rain, total of the last 14 days (mm)","value":8.9},{"label":"Rain, total of the last 3 days (mm)","value":0.0},{"label":"Air temperature, mean of the last 7 days (°C)","value":15.614}],"weather_through":"2026-10-04","model_version":"pnw-pilot-t1-synthetic-1cbe08ab21a8"}},{"type":"Feature","id":"441_-1232","geometry":{"type":"Polygon","coordinates":[[[-123.25,44.05],[-123.15,44.05],[-123.15,44.15],[-123.25,44.15],[-123.25,44.05]]]},"properties":{"group":"cantharellus","week":"2026-10-05","chance":0.1313,"uncertainty_low":null,"uncertainty_high":null,"applicable":true,"drivers":[{"label":"Rain, total of the last 14 days (mm)","value":8.9},{"label":"Rain, total of the last 3 days (mm)","value":0.0},{"label":"Air temperature, mean of the last 7 days (°C)","value":15.914}],"weather_through":"2026-10-04","model_version":"pnw-pilot-t1-synthetic-1cbe08ab21a8"}},{"type":"Feature","id":"441_-1231","geometry":{"type":"Polygon","coordinates":[[[-123.15,44.05],[-123.05,44.05],[-123.05,44.15],[-123.15,44.15],[-123.15,44.05]]]},"properties":{"group":"cantharellus","week":"2026-10-05","chance":0.1313,"uncertainty_low":null,"uncertainty_high":null,"applicable":true,"drivers":[{"label":"Rain, total of the last 14 days (mm)","value":7.4},{"label":"Rain, total of the last 3 days (mm)","value":0.0},{"label":"Air temperature, mean of the last 7 days (°C)","value":16.043}],"weather_through":"2026-10-04","model_version":"pnw-pilot-t1-synthetic-1cbe08ab21a8"}},{"type":"Feature","id":"442_-1241","geometry":{"type":"Polygon","coordinates":[[[-124.15,44.15],[-124.05,44.15],[-124.05,44.25],[-124.15,44.25],[-124.15,44.15]]]},"properties":{"group":"cantharellus","week":"2026-10-05","chance":0.1313,"uncertainty_low":null,"uncertainty_high":null,"applicable":true,"drivers":[{"label":"Rain, total of the last 14 days (mm)","value":16.8},{"label":"Rain, total of the last 3 days (mm)","value":0.0},{"label":"Air temperature, mean of the last 7 days (°C)","value":13.257}],"weather_through":"2026-10-04","model_version":"pnw-pilot-t1-synthetic-1cbe08ab21a8"}},{"type":"Feature","id":"442_-1228","geometry":{"type":"Polygon","coordinates":[[[-122.85,44.15],[-122.75,44.15],[-122.75,44.25],[-122.85,44.25],[-122.85,44.15]]]},"properties":{"group":"cantharellus","week":"2026-10-05","chance":0.1313,"uncertainty_low":null,"uncertainty_high":null,"applicable":true,"drivers":[{"label":"Rain, total of the last 14 days (mm)","value":14.9},{"label":"Rain, total of the last 3 days (mm)","value":0.0},{"label":"Air temperature, mean of the last 7 days (°C)","value":15.2}],"weather_through":"2026-10-04","model_version":"pnw-pilot-t1-synthetic-1cbe08ab21a8"}},{"type":"Feature","id":"442_-1223","geometry":{"type":"Polygon","coordinates":[[[-122.35,44.15],[-122.25,44.15],[-122.25,44.25],[-122.35,44.25],[-122.35,44.15]]]},"properties":{"group":"cantharellus","week":"2026-10-05","chance":0.1313,"uncertainty_low":null,"uncertainty_high":null,"applicable":true,"drivers":[{"label":"Rain, total of the last 14 days (mm)","value":15.4},{"label":"Rain, total of the last 3 days (mm)","value":0.0},{"label":"Air temperature, mean of the last 7 days (°C)","value":14.343}],"weather_through":"2026-10-04","model_version":"pnw-pilot-t1-synthetic-1cbe08ab21a8"}},{"type":"Feature","id":"442_-1222","geometry":{"type":"Polygon","coordinates":[[[-122.25,44.15],[-122.15,44.15],[-122.15,44.25],[-122.25,44.25],[-122.25,44.15]]]},"properties":{"group":"cantharellus","week":"2026-10-05","chance":0.1313,"uncertainty_low":null,"uncertainty_high":null,"applicable":true,"drivers":[{"label":"Rain, total of the last 14 days (mm)","value":15.4},{"label":"Rain, total of the last 3 days (mm)","value":0.0},{"label":"Air temperature, mean of the last 7 days (°C)","value":14.543}],"weather_through":"2026-10-04","model_version":"pnw-pilot-t1-synthetic-1cbe08ab21a8"}},{"type":"Feature","id":"442_-1221","geometry":{"type":"Polygon","coordinates":[[[-122.15,44.15],[-122.05,44.15],[-122.05,44.25],[-122.15,44.25],[-122.15,44.15]]]},"properties":{"group":"cantharellus","week":"2026-10-05","chance":0.1313,"uncertainty_low":null,"uncertainty_high":null,"applicable":true,"drivers":[{"label":"Rain, total of the last 14 days (mm)","value":11.0},{"label":"Rain, total of the last 3 days (mm)","value":0.0},{"label":"Air temperature, mean of the last 7 days (°C)","value":14.557}],"weather_through":"2026-10-04","model_version":"pnw-pilot-t1-synthetic-1cbe08ab21a8"}},{"type":"Feature","id":"443_-1241","geometry":{"type":"Polygon","coordinates":[[[-124.15,44.25],[-124.05,44.25],[-124.05,44.35],[-124.15,44.35],[-124.15,44.25]]]},"properties":{"group":"cantharellus","week":"2026-10-05","chance":0.1313,"uncertainty_low":null,"uncertainty_high":null,"applicable":true,"drivers":[{"label":"Rain, total of the last 14 days (mm)","value":16.8},{"label":"Rain, total of the last 3 days (mm)","value":0.0},{"label":"Air temperature, mean of the last 7 days (°C)","value":13.257}],"weather_through":"2026-10-04","model_version":"pnw-pilot-t1-synthetic-1cbe08ab21a8"}},{"type":"Feature","id":"443_-1235","geometry":{"type":"Polygon","coordinates":[[[-123.55,44.25],[-123.45,44.25],[-123.45,44.35],[-123.55,44.35],[-123.55,44.25]]]},"properties":{"group":"cantharellus","week":"2026-10-05","chance":0.1313,"uncertainty_low":null,"uncertainty_high":null,"applicable":true,"drivers":[{"label":"Rain, total of the last 14 days (mm)","value":17.6},{"label":"Rain, total of the last 3 days (mm)","value":0.0},{"label":"Air temperature, mean of the last 7 days (°C)","value":14.629}],"weather_through":"2026-10-04","model_version":"pnw-pilot-t1-synthetic-1cbe08ab21a8"}},{"type":"Feature","id":"444_-1233","geometry":{"type":"Polygon","coordinates":[[[-123.35,44.35],[-123.25,44.35],[-123.25,44.45],[-123.35,44.45],[-123.35,44.35]]]},"properties":{"group":"cantharellus","week":"2026-10-05","chance":0.1313,"uncertainty_low":null,"uncertainty_high":null,"applicable":true,"drivers":[{"label":"Rain, total of the last 14 days (mm)","value":13.4},{"label":"Rain, total of the last 3 days (mm)","value":0.0},{"label":"Air temperature, mean of the last 7 days (°C)","value":15.643}],"weather_through":"2026-10-04","model_version":"pnw-pilot-t1-synthetic-1cbe08ab21a8"}},{"type":"Feature","id":"445_-1241","geometry":{"type":"Polygon","coordinates":[[[-124.15,44.45],[-124.05,44.45],[-124.05,44.55],[-124.15,44.55],[-124.15,44.45]]]},"properties":{"group":"cantharellus","week":"2026-10-05","chance":0.1313,"uncertainty_low":null,"uncertainty_high":null,"applicable":true,"drivers":[{"label":"Rain, total of the last 14 days (mm)","value":21.0},{"label":"Rain, total of the last 3 days (mm)","value":0.0},{"label":"Air temperature, mean of the last 7 days (°C)","value":13.329}],"weather_through":"2026-10-04","model_version":"pnw-pilot-t1-synthetic-1cbe08ab21a8"}},{"type":"Feature","id":"445_-1240","geometry":{"type":"Polygon","coordinates":[[[-124.05,44.45],[-123.95,44.45],[-123.95,44.55],[-124.05,44.55],[-124.05,44.45]]]},"properties":{"group":"cantharellus","week":"2026-10-05","chance":0.1313,"uncertainty_low":null,"uncertainty_high":null,"applicable":true,"drivers":[{"label":"Rain, total of the last 14 days (mm)","value":21.0},{"label":"Rain, total of the last 3 days (mm)","value":0.0},{"label":"Air temperature, mean of the last 7 days (°C)","value":13.571}],"weather_through":"2026-10-04","model_version":"pnw-pilot-t1-synthetic-1cbe08ab21a8"}},{"type":"Feature","id":"445_-1236","geometry":{"type":"Polygon","coordinates":[[[-123.65,44.45],[-123.55,44.45],[-123.55,44.55],[-123.65,44.55],[-123.65,44.45]]]},"properties":{"group":"cantharellus","week":"2026-10-05","chance":0.1313,"uncertainty_low":null,"uncertainty_high":null,"applicable":true,"drivers":[{"label":"Rain, total of the last 14 days (mm)","value":18.5},{"label":"Rain, total of the last 3 days (mm)","value":0.0},{"label":"Air temperature, mean of the last 7 days (°C)","value":14.357}],"weather_through":"2026-10-04","model_version":"pnw-pilot-t1-synthetic-1cbe08ab21a8"}},{"type":"Feature","id":"445_-1235","geometry":{"type":"Polygon","coordinates":[[[-123.55,44.45],[-123.45,44.45],[-123.45,44.55],[-123.55,44.55],[-123.55,44.45]]]},"properties":{"group":"cantharellus","week":"2026-10-05","chance":0.1313,"uncertainty_low":null,"uncertainty_high":null,"applicable":true,"drivers":[{"label":"Rain, total of the last 14 days (mm)","value":18.5},{"label":"Rain, total of the last 3 days (mm)","value":0.0},{"label":"Air temperature, mean of the last 7 days (°C)","value":14.771}],"weather_through":"2026-10-04","model_version":"pnw-pilot-t1-synthetic-1cbe08ab21a8"}},{"type":"Feature","id":"446_-1241","geometry":{"type":"Polygon","coordinates":[[[-124.15,44.55],[-124.05,44.55],[-124.05,44.65],[-124.15,44.65],[-124.15,44.55]]]},"properties":{"group":"cantharellus","week":"2026-10-05","chance":0.1313,"uncertainty_low":null,"uncertainty_high":null,"applicable":true,"drivers":[{"label":"Rain, total of the last 14 days (mm)","value":21.0},{"label":"Rain, total of the last 3 days (mm)","value":0.0},{"label":"Air temperature, mean of the last 7 days (°C)","value":13.329}],"weather_through":"2026-10-04","model_version":"pnw-pilot-t1-synthetic-1cbe08ab21a8"}},{"type":"Feature","id":"446_-1233","geometry":{"type":"Polygon","coordinates":[[[-123.35,44.55],[-123.25,44.55],[-123.25,44.65],[-123.35,44.65],[-123.35,44.55]]]},"properties":{"group":"cantharellus","week":"2026-10-05","chance":0.1313,"uncertainty_low":null,"uncertainty_high":null,"applicable":true,"drivers":[{"label":"Rain, total of the last 14 days (mm)","value":13.4},{"label":"Rain, total of the last 3 days (mm)","value":0.0},{"label":"Air temperature, mean of the last 7 days (°C)","value":15.557}],"weather_through":"2026-10-04","model_version":"pnw-pilot-t1-synthetic-1cbe08ab21a8"}},{"type":"Feature","id":"447_-1232","geometry":{"type":"Polygon","coordinates":[[[-123.25,44.65],[-123.15,44.65],[-123.15,44.75],[-123.25,44.75],[-123.25,44.65]]]},"properties":{"group":"cantharellus","week":"2026-10-05","chance":0.1313,"uncertainty_low":null,"uncertainty_high":null,"applicable":true,"drivers":[{"label":"Rain, total of the last 14 days (mm)","value":14.7},{"label":"Rain, total of the last 3 days (mm)","value":0.0},{"label":"Air temperature, mean of the last 7 days (°C)","value":15.714}],"weather_through":"2026-10-04","model_version":"pnw-pilot-t1-synthetic-1cbe08ab21a8"}},{"type":"Feature","id":"448_-1240","geometry":{"type":"Polygon","coordinates":[[[-124.05,44.75],[-123.95,44.75],[-123.95,44.85],[-124.05,44.85],[-124.05,44.75]]]},"properties":{"group":"cantharellus","week":"2026-10-05","chance":0.1313,"uncertainty_low":null,"uncertainty_high":null,"applicable":true,"drivers":[{"label":"Rain, total of the last 14 days (mm)","value":23.6},{"label":"Rain, total of the last 3 days (mm)","value":0.0},{"label":"Air temperature, mean of the last 7 days (°C)","value":13.814}],"weather_through":"2026-10-04","model_version":"pnw-pilot-t1-synthetic-1cbe08ab21a8"}},{"type":"Feature","id":"449_-1240","geometry":{"type":"Polygon","coordinates":[[[-124.05,44.85],[-123.95,44.85],[-123.95,44.95],[-124.05,44.95],[-124.05,44.85]]]},"properties":{"group":"cantharellus","week":"2026-10-05","chance":0.1313,"uncertainty_low":null,"uncertainty_high":null,"applicable":true,"drivers":[{"label":"Rain, total of the last 14 days (mm)","value":24.1},{"label":"Rain, total of the last 3 days (mm)","value":0.0},{"label":"Air temperature, mean of the last 7 days (°C)","value":13.743}],"weather_through":"2026-10-04","model_version":"pnw-pilot-t1-synthetic-1cbe08ab21a8"}},{"type":"Feature","id":"449_-1230","geometry":{"type":"Polygon","coordinates":[[[-123.05,44.85],[-122.95,44.85],[-122.95,44.95],[-123.05,44.95],[-123.05,44.85]]]},"properties":{"group":"cantharellus","week":"2026-10-05","chance":0.1313,"uncertainty_low":null,"uncertainty_high":null,"applicable":true,"drivers":[{"label":"Rain, total of the last 14 days (mm)","value":10.6},{"label":"Rain, total of the last 3 days (mm)","value":0.0},{"label":"Air temperature, mean of the last 7 days (°C)","value":16.357}],"weather_through":"2026-10-04","model_version":"pnw-pilot-t1-synthetic-1cbe08ab21a8"}},{"type":"Feature","id":"449_-1226","geometry":{"type":"Polygon","coordinates":[[[-122.65,44.85],[-122.55,44.85],[-122.55,44.95],[-122.65,44.95],[-122.65,44.85]]]},"properties":{"group":"cantharellus","week":"2026-10-05","chance":0.1313,"uncertainty_low":null,"uncertainty_high":null,"applicable":true,"drivers":[{"label":"Rain, total of the last 14 days (mm)","value":18.0},{"label":"Rain, total of the last 3 days (mm)","value":0.0},{"label":"Air temperature, mean of the last 7 days (°C)","value":15.043}],"weather_through":"2026-10-04","model_version":"pnw-pilot-t1-synthetic-1cbe08ab21a8"}},{"type":"Feature","id":"450_-1240","geometry":{"type":"Polygon","coordinates":[[[-124.05,44.95],[-123.95,44.95],[-123.95,45.05],[-124.05,45.05],[-124.05,44.95]]]},"properties":{"group":"cantharellus","week":"2026-10-05","chance":0.1313,"uncertainty_low":null,"uncertainty_high":null,"applicable":true,"drivers":[{"label":"Rain, total of the last 14 days (mm)","value":24.1},{"label":"Rain, total of the last 3 days (mm)","value":0.0},{"label":"Air temperature, mean of the last 7 days (°C)","value":13.714}],"weather_through":"2026-10-04","model_version":"pnw-pilot-t1-synthetic-1cbe08ab21a8"}},{"type":"Feature","id":"450_-1230","geometry":{"type":"Polygon","coordinates":[[[-123.05,44.95],[-122.95,44.95],[-122.95,45.05],[-123.05,45.05],[-123.05,44.95]]]},"properties":{"group":"cantharellus","week":"2026-10-05","chance":0.1313,"uncertainty_low":null,"uncertainty_high":null,"applicable":true,"drivers":[{"label":"Rain, total of the last 14 days (mm)","value":10.6},{"label":"Rain, total of the last 3 days (mm)","value":0.0},{"label":"Air temperature, mean of the last 7 days (°C)","value":16.457}],"weather_through":"2026-10-04","model_version":"pnw-pilot-t1-synthetic-1cbe08ab21a8"}},{"type":"Feature","id":"452_-1224","geometry":{"type":"Polygon","coordinates":[[[-122.45,45.15],[-122.35,45.15],[-122.35,45.25],[-122.45,45.25],[-122.45,45.15]]]},"properties":{"group":"cantharellus","week":"2026-10-05","chance":0.1313,"uncertainty_low":null,"uncertainty_high":null,"applicable":true,"drivers":[{"label":"Rain, total of the last 14 days (mm)","value":12.3},{"label":"Rain, total of the last 3 days (mm)","value":0.0},{"label":"Air temperature, mean of the last 7 days (°C)","value":15.3}],"weather_through":"2026-10-04","model_version":"pnw-pilot-t1-synthetic-1cbe08ab21a8"}},{"type":"Feature","id":"453_-1240","geometry":{"type":"Polygon","coordinates":[[[-124.05,45.25],[-123.95,45.25],[-123.95,45.35],[-124.05,45.35],[-124.05,45.25]]]},"properties":{"group":"cantharellus","week":"2026-10-05","chance":0.1313,"uncertainty_low":null,"uncertainty_high":null,"applicable":true,"drivers":[{"label":"Rain, total of the last 14 days (mm)","value":26.8},{"label":"Rain, total of the last 3 days (mm)","value":0.0},{"label":"Air temperature, mean of the last 7 days (°C)","value":13.5}],"weather_through":"2026-10-04","model_version":"pnw-pilot-t1-synthetic-1cbe08ab21a8"}},{"type":"Feature","id":"453_-1223","geometry":{"type":"Polygon","coordinates":[[[-122.35,45.25],[-122.25,45.25],[-122.25,45.35],[-122.35,45.35],[-122.35,45.25]]]},"properties":{"group":"cantharellus","week":"2026-10-05","chance":0.1313,"uncertainty_low":null,"uncertainty_high":null,"applicable":true,"drivers":[{"label":"Rain, total of the last 14 days (mm)","value":18.8},{"label":"Rain, total of the last 3 days (mm)","value":0.0},{"label":"Air temperature, mean of the last 7 days (°C)","value":15.243}],"weather_through":"2026-10-04","model_version":"pnw-pilot-t1-synthetic-1cbe08ab21a8"}},{"type":"Feature","id":"453_-1222","geometry":{"type":"Polygon","coordinates":[[[-122.25,45.25],[-122.15,45.25],[-122.15,45.35],[-122.25,45.35],[-122.25,45.25]]]},"properties":{"group":"cantharellus","week":"2026-10-05","chance":0.1313,"uncertainty_low":null,"uncertainty_high":null,"applicable":true,"drivers":[{"label":"Rain, total of the last 14 days (mm)","value":18.8},{"label":"Rain, total of the last 3 days (mm)","value":0.0},{"label":"Air temperature, mean of the last 7 days (°C)","value":14.6}],"weather_through":"2026-10-04","model_version":"pnw-pilot-t1-synthetic-1cbe08ab21a8"}},{"type":"Feature","id":"453_-1219","geometry":{"type":"Polygon","coordinates":[[[-121.95,45.25],[-121.85,45.25],[-121.85,45.35],[-121.95,45.35],[-121.95,45.25]]]},"properties":{"group":"cantharellus","week":"2026-10-05","chance":0.1313,"uncertainty_low":null,"uncertainty_high":null,"applicable":true,"drivers":[{"label":"Rain, total of the last 14 days (mm)","value":12.7},{"label":"Rain, total of the last 3 days (mm)","value":0.0},{"label":"Air temperature, mean of the last 7 days (°C)","value":12.786}],"weather_through":"2026-10-04","model_version":"pnw-pilot-t1-synthetic-1cbe08ab21a8"}},{"type":"Feature","id":"453_-1218","geometry":{"type":"Polygon","coordinates":[[[-121.85,45.25],[-121.75,45.25],[-121.75,45.35],[-121.85,45.35],[-121.85,45.25]]]},"properties":{"group":"cantharellus","week":"2026-10-05","chance":0.1313,"uncertainty_low":null,"uncertainty_high":null,"applicable":true,"drivers":[{"label":"Rain, total of the last 14 days (mm)","value":9.3},{"label":"Rain, total of the last 3 days (mm)","value":0.0},{"label":"Air temperature, mean of the last 7 days (°C)","value":12.671}],"weather_through":"2026-10-04","model_version":"pnw-pilot-t1-synthetic-1cbe08ab21a8"}},{"type":"Feature","id":"453_-1217","geometry":{"type":"Polygon","coordinates":[[[-121.75,45.25],[-121.65,45.25],[-121.65,45.35],[-121.75,45.35],[-121.75,45.25]]]},"properties":{"group":"cantharellus","week":"2026-10-05","chance":0.1313,"uncertainty_low":null,"uncertainty_high":null,"applicable":true,"drivers":[{"label":"Rain, total of the last 14 days (mm)","value":9.3},{"label":"Rain, total of the last 3 days (mm)","value":0.0},{"label":"Air temperature, mean of the last 7 days (°C)","value":12.514}],"weather_through":"2026-10-04","model_version":"pnw-pilot-t1-synthetic-1cbe08ab21a8"}},{"type":"Feature","id":"454_-1228","geometry":{"type":"Polygon","coordinates":[[[-122.85,45.35],[-122.75,45.35],[-122.75,45.45],[-122.85,45.45],[-122.85,45.35]]]},"properties":{"group":"cantharellus","week":"2026-10-05","chance":0.1313,"uncertainty_low":null,"uncertainty_high":null,"applicable":true,"drivers":[{"label":"Rain, total of the last 14 days (mm)","value":12.1},{"label":"Rain, total of the last 3 days (mm)","value":0.0},{"label":"Air temperature, mean of the last 7 days (°C)","value":16.571}],"weather_through":"2026-10-04","model_version":"pnw-pilot-t1-synthetic-1cbe08ab21a8"}},{"type":"Feature","id":"454_-1227","geometry":{"type":"Polygon","coordinates":[[[-122.75,45.35],[-122.65,45.35],[-122.65,45.45],[-122.75,45.45],[-122.75,45.35]]]},"properties":{"group":"cantharellus","week":"2026-10-05","chance":0.1313,"uncertainty_low":null,"uncertainty_high":null,"applicable":true,"drivers":[{"label":"Rain, total of the last 14 days (mm)","value":12.1},{"label":"Rain, total of the last 3 days (mm)","value":0.0},{"label":"Air temperature, mean of the last 7 days (°C)","value":16.857}],"weather_through":"2026-10-04","model_version":"pnw-pilot-t1-synthetic-1cbe08ab21a8"}},{"type":"Feature","id":"454_-1226","geometry":{"type":"Polygon","coordinates":[[[-122.65,45.35],[-122.55,45.35],[-122.55,45.45],[-122.65,45.45],[-122.65,45.35]]]},"properties":{"group":"cantharellus","week":"2026-10-05","chance":0.1313,"uncertainty_low":null,"uncertainty_high":null,"applicable":true,"drivers":[{"label":"Rain, total of the last 14 days (mm)","value":18.0},{"label":"Rain, total of the last 3 days (mm)","value":0.0},{"label":"Air temperature, mean of the last 7 days (°C)","value":16.729}],"weather_through":"2026-10-04","model_version":"pnw-pilot-t1-synthetic-1cbe08ab21a8"}},{"type":"Feature","id":"454_-1220","geometry":{"type":"Polygon","coordinates":[[[-122.05,45.35],[-121.95,45.35],[-121.95,45.45],[-122.05,45.45],[-122.05,45.35]]]},"properties":{"group":"cantharellus","week":"2026-10-05","chance":0.1313,"uncertainty_low":null,"uncertainty_high":null,"applicable":true,"drivers":[{"label":"Rain, total of the last 14 days (mm)","value":19.7},{"label":"Rain, total of the last 3 days (mm)","value":0.0},{"label":"Air temperature, mean of the last 7 days (°C)","value":13.443}],"weather_through":"2026-10-04","model_version":"pnw-pilot-t1-synthetic-1cbe08ab21a8"}},{"type":"Feature","id":"454_-1218","geometry":{"type":"Polygon","coordinates":[[[-121.85,45.35],[-121.75,45.35],[-121.75,45.45],[-121.85,45.45],[-121.85,45.35]]]},"properties":{"group":"cantharellus","week":"2026-10-05","chance":0.1313,"uncertainty_low":null,"uncertainty_high":null,"applicable":true,"drivers":[{"label":"Rain, total of the last 14 days (mm)","value":13.1},{"label":"Rain, total of the last 3 days (mm)","value":0.0},{"label":"Air temperature, mean of the last 7 days (°C)","value":12.371}],"weather_through":"2026-10-04","model_version":"pnw-pilot-t1-synthetic-1cbe08ab21a8"}},{"type":"Feature","id":"455_-1230","geometry":{"type":"Polygon","coordinates":[[[-123.05,45.45],[-122.95,45.45],[-122.95,45.55],[-123.05,45.55],[-123.05,45.45]]]},"properties":{"group":"cantharellus","week":"2026-10-05","chance":0.1313,"uncertainty_low":null,"uncertainty_high":null,"applicable":true,"drivers":[{"label":"Rain, total of the last 14 days (mm)","value":17.2},{"label":"Rain, total of the last 3 days (mm)","value":0.0},{"label":"Air temperature, mean of the last 7 days (°C)","value":16.314}],"weather_through":"2026-10-04","model_version":"pnw-pilot-t1-synthetic-1cbe08ab21a8"}},{"type":"Feature","id":"455_-1229","geometry":{"type":"Polygon","coordinates":[[[-122.95,45.45],[-122.85,45.45],[-122.85,45.55],[-122.95,45.55],[-122.95,45.45]]]},"properties":{"group":"cantharellus","week":"2026-10-05","chance":0.1313,"uncertainty_low":null,"uncertainty_high":null,"applicable":true,"drivers":[{"label":"Rain, total of the last 14 days (mm)","value":17.2},{"label":"Rain, total of the last 3 days (mm)","value":0.0},{"label":"Air temperature, mean of the last 7 days (°C)","value":16.229}],"weather_through":"2026-10-04","model_version":"pnw-pilot-t1-synthetic-1cbe08ab21a8"}},{"type":"Feature","id":"455_-1228","geometry":{"type":"Polygon","coordinates":[[[-122.85,45.45],[-122.75,45.45],[-122.75,45.55],[-122.85,45.55],[-122.85,45.45]]]},"properties":{"group":"cantharellus","week":"2026-10-05","chance":0.1313,"uncertainty_low":null,"uncertainty_high":null,"applicable":true,"drivers":[{"label":"Rain, total of the last 14 days (mm)","value":12.1},{"label":"Rain, total of the last 3 days (mm)","value":0.0},{"label":"Air temperature, mean of the last 7 days (°C)","value":16.314}],"weather_through":"2026-10-04","model_version":"pnw-pilot-t1-synthetic-1cbe08ab21a8"}},{"type":"Feature","id":"455_-1227","geometry":{"type":"Polygon","coordinates":[[[-122.75,45.45],[-122.65,45.45],[-122.65,45.55],[-122.75,45.55],[-122.75,45.45]]]},"properties":{"group":"cantharellus","week":"2026-10-05","chance":0.1313,"uncertainty_low":null,"uncertainty_high":null,"applicable":true,"drivers":[{"label":"Rain, total of the last 14 days (mm)","value":12.1},{"label":"Rain, total of the last 3 days (mm)","value":0.0},{"label":"Air temperature, mean of the last 7 days (°C)","value":16.557}],"weather_through":"2026-10-04","model_version":"pnw-pilot-t1-synthetic-1cbe08ab21a8"}},{"type":"Feature","id":"455_-1226","geometry":{"type":"Polygon","coordinates":[[[-122.65,45.45],[-122.55,45.45],[-122.55,45.55],[-122.65,45.55],[-122.65,45.45]]]},"properties":{"group":"cantharellus","week":"2026-10-05","chance":0.1313,"uncertainty_low":null,"uncertainty_high":null,"applicable":true,"drivers":[{"label":"Rain, total of the last 14 days (mm)","value":18.0},{"label":"Rain, total of the last 3 days (mm)","value":0.0},{"label":"Air temperature, mean of the last 7 days (°C)","value":16.643}],"weather_through":"2026-10-04","model_version":"pnw-pilot-t1-synthetic-1cbe08ab21a8"}},{"type":"Feature","id":"455_-1225","geometry":{"type":"Polygon","coordinates":[[[-122.55,45.45],[-122.45,45.45],[-122.45,45.55],[-122.55,45.55],[-122.55,45.45]]]},"properties":{"group":"cantharellus","week":"2026-10-05","chance":0.1313,"uncertainty_low":null,"uncertainty_high":null,"applicable":true,"drivers":[{"label":"Rain, total of the last 14 days (mm)","value":18.0},{"label":"Rain, total of the last 3 days (mm)","value":0.0},{"label":"Air temperature, mean of the last 7 days (°C)","value":16.414}],"weather_through":"2026-10-04","model_version":"pnw-pilot-t1-synthetic-1cbe08ab21a8"}},{"type":"Feature","id":"455_-1224","geometry":{"type":"Polygon","coordinates":[[[-122.45,45.45],[-122.35,45.45],[-122.35,45.55],[-122.45,45.55],[-122.45,45.45]]]},"properties":{"group":"cantharellus","week":"2026-10-05","chance":0.1313,"uncertainty_low":null,"uncertainty_high":null,"applicable":true,"drivers":[{"label":"Rain, total of the last 14 days (mm)","value":18.0},{"label":"Rain, total of the last 3 days (mm)","value":0.0},{"label":"Air temperature, mean of the last 7 days (°C)","value":16.071}],"weather_through":"2026-10-04","model_version":"pnw-pilot-t1-synthetic-1cbe08ab21a8"}},{"type":"Feature","id":"455_-1223","geometry":{"type":"Polygon","coordinates":[[[-122.35,45.45],[-122.25,45.45],[-122.25,45.55],[-122.35,45.55],[-122.35,45.45]]]},"properties":{"group":"cantharellus","week":"2026-10-05","chance":0.1313,"uncertainty_low":null,"uncertainty_high":null,"applicable":true,"drivers":[{"label":"Rain, total of the last 14 days (mm)","value":26.4},{"label":"Rain, total of the last 3 days (mm)","value":0.0},{"label":"Air temperature, mean of the last 7 days (°C)","value":15.643}],"weather_through":"2026-10-04","model_version":"pnw-pilot-t1-synthetic-1cbe08ab21a8"}},{"type":"Feature","id":"455_-1221","geometry":{"type":"Polygon","coordinates":[[[-122.15,45.45],[-122.05,45.45],[-122.05,45.55],[-122.15,45.55],[-122.15,45.45]]]},"properties":{"group":"cantharellus","week":"2026-10-05","chance":0.1313,"uncertainty_low":null,"uncertainty_high":null,"applicable":true,"drivers":[{"label":"Rain, total of the last 14 days (mm)","value":19.7},{"label":"Rain, total of the last 3 days (mm)","value":0.0},{"label":"Air temperature, mean of the last 7 days (°C)","value":14.2}],"weather_through":"2026-10-04","model_version":"pnw-pilot-t1-synthetic-1cbe08ab21a8"}},{"type":"Feature","id":"456_-1240","geometry":{"type":"Polygon","coordinates":[[[-124.05,45.55],[-123.95,45.55],[-123.95,45.65],[-124.05,45.65],[-124.05,45.55]]]},"properties":{"group":"cantharellus","week":"2026-10-05","chance":0.1313,"uncertainty_low":null,"uncertainty_high":null,"applicable":true,"drivers":[{"label":"Rain, total of the last 14 days (mm)","value":31.6},{"label":"Rain, total of the last 3 days (mm)","value":0.3},{"label":"Air temperature, mean of the last 7 days (°C)","value":13.471}],"weather_through":"2026-10-04","model_version":"pnw-pilot-t1-synthetic-1cbe08ab21a8"}},{"type":"Feature","id":"456_-1229","geometry":{"type":"Polygon","coordinates":[[[-122.95,45.55],[-122.85,45.55],[-122.85,45.65],[-122.95,45.65],[-122.95,45.55]]]},"properties":{"group":"cantharellus","week":"2026-10-05","chance":0.1313,"uncertainty_low":null,"uncertainty_high":null,"applicable":true,"drivers":[{"label":"Rain, total of the last 14 days (mm)","value":17.2},{"label":"Rain, total of the last 3 days (mm)","value":0.0},{"label":"Air temperature, mean of the last 7 days (°C)","value":15.986}],"weather_through":"2026-10-04","model_version":"pnw-pilot-t1-synthetic-1cbe08ab21a8"}},{"type":"Feature","id":"456_-1228","geometry":{"type":"Polygon","coordinates":[[[-122.85,45.55],[-122.75,45.55],[-122.75,45.65],[-122.85,45.65],[-122.85,45.55]]]},"properties":{"group":"cantharellus","week":"2026-10-05","chance":0.1313,"uncertainty_low":null,"uncertainty_high":null,"applicable":true,"drivers":[{"label":"Rain, total of the last 14 days (mm)","value":12.1},{"label":"Rain, total of the last 3 days (mm)","value":0.0},{"label":"Air temperature, mean of the last 7 days (°C)","value":16.129}],"weather_through":"2026-10-04","model_version":"pnw-pilot-t1-synthetic-1cbe08ab21a8"}},{"type":"Feature","id":"456_-1227","geometry":{"type":"Polygon","coordinates":[[[-122.75,45.55],[-122.65,45.55],[-122.65,45.65],[-122.75,45.65],[-122.75,45.55]]]},"properties":{"group":"cantharellus","week":"2026-10-05","chance":0.1313,"uncertainty_low":null,"uncertainty_high":null,"applicable":true,"drivers":[{"label":"Rain, total of the last 14 days (mm)","value":12.1},{"label":"Rain, total of the last 3 days (mm)","value":0.0},{"label":"Air temperature, mean of the last 7 days (°C)","value":16.4}],"weather_through":"2026-10-04","model_version":"pnw-pilot-t1-synthetic-1cbe08ab21a8"}},{"type":"Feature","id":"456_-1226","geometry":{"type":"Polygon","coordinates":[[[-122.65,45.55],[-122.55,45.55],[-122.55,45.65],[-122.65,45.65],[-122.65,45.55]]]},"properties":{"group":"cantharellus","week":"2026-10-05","chance":0.1313,"uncertainty_low":null,"uncertainty_high":null,"applicable":true,"drivers":[{"label":"Rain, total of the last 14 days (mm)","value":18.0},{"label":"Rain, total of the last 3 days (mm)","value":0.0},{"label":"Air temperature, mean of the last 7 days (°C)","value":16.414}],"weather_through":"2026-10-04","model_version":"pnw-pilot-t1-synthetic-1cbe08ab21a8"}},{"type":"Feature","id":"456_-1224","geometry":{"type":"Polygon","coordinates":[[[-122.45,45.55],[-122.35,45.55],[-122.35,45.65],[-122.45,45.65],[-122.45,45.55]]]},"properties":{"group":"cantharellus","week":"2026-10-05","chance":0.1313,"uncertainty_low":null,"uncertainty_high":null,"applicable":true,"drivers":[{"label":"Rain, total of the last 14 days (mm)","value":18.0},{"label":"Rain, total of the last 3 days (mm)","value":0.0},{"label":"Air temperature, mean of the last 7 days (°C)","value":16.0}],"weather_through":"2026-10-04","model_version":"pnw-pilot-t1-synthetic-1cbe08ab21a8"}},{"type":"Feature","id":"456_-1221","geometry":{"type":"Polygon","coordinates":[[[-122.15,45.55],[-122.05,45.55],[-122.05,45.65],[-122.15,45.65],[-122.15,45.55]]]},"properties":{"group":"cantharellus","week":"2026-10-05","chance":0.1313,"uncertainty_low":null,"uncertainty_high":null,"applicable":true,"drivers":[{"label":"Rain, total of the last 14 days (mm)","value":19.7},{"label":"Rain, total of the last 3 days (mm)","value":0.0},{"label":"Air temperature, mean of the last 7 days (°C)","value":14.529}],"weather_through":"2026-10-04","model_version":"pnw-pilot-t1-synthetic-1cbe08ab21a8"}},{"type":"Feature","id":"457_-1239","geometry":{"type":"Polygon","coordinates":[[[-123.95,45.65],[-123.85,45.65],[-123.85,45.75],[-123.95,45.75],[-123.95,45.65]]]},"properties":{"group":"cantharellus","week":"2026-10-05","chance":0.1313,"uncertainty_low":null,"uncertainty_high":null,"applicable":true,"drivers":[{"label":"Rain, total of the last 14 days (mm)","value":36.7},{"label":"Rain, total of the last 3 days (mm)","value":0.0},{"label":"Air temperature, mean of the last 7 days (°C)","value":13.729}],"weather_through":"2026-10-04","model_version":"pnw-pilot-t1-synthetic-1cbe08ab21a8"}},{"type":"Feature","id":"457_-1232","geometry":{"type":"Polygon","coordinates":[[[-123.25,45.65],[-123.15,45.65],[-123.15,45.75],[-123.25,45.75],[-123.25,45.65]]]},"properties":{"group":"cantharellus","week":"2026-10-05","chance":0.1313,"uncertainty_low":null,"uncertainty_high":null,"applicable":true,"drivers":[{"label":"Rain, total of the last 14 days (mm)","value":21.7},{"label":"Rain, total of the last 3 days (mm)","value":0.0},{"label":"Air temperature, mean of the last 7 days (°C)","value":15.086}],"weather_through":"2026-10-04","model_version":"pnw-pilot-t1-synthetic-1cbe08ab21a8"}},{"type":"Feature","id":"457_-1228","geometry":{"type":"Polygon","coordinates":[[[-122.85,45.65],[-122.75,45.65],[-122.75,45.75],[-122.85,45.75],[-122.85,45.65]]]},"properties":{"group":"cantharellus","week":"2026-10-05","chance":0.1313,"uncertainty_low":null,"uncertainty_high":null,"applicable":true,"drivers":[{"label":"Rain, total of the last 14 days (mm)","value":22.5},{"label":"Rain, total of the last 3 days (mm)","value":0.0},{"label":"Air temperature, mean of the last 7 days (°C)","value":15.857}],"weather_through":"2026-10-04","model_version":"pnw-pilot-t1-synthetic-1cbe08ab21a8"}},{"type":"Feature","id":"457_-1226","geometry":{"type":"Polygon","coordinates":[[[-122.65,45.65],[-122.55,45.65],[-122.55,45.75],[-122.65,45.75],[-122.65,45.65]]]},"properties":{"group":"cantharellus","week":"2026-10-05","chance":0.1313,"uncertainty_low":null,"uncertainty_high":null,"applicable":true,"drivers":[{"label":"Rain, total of the last 14 days (mm)","value":28.1},{"label":"Rain, total of the last 3 days (mm)","value":0.0},{"label":"Air temperature, mean of the last 7 days (°C)","value":16.229}],"weather_through":"2026-10-04","model_version":"pnw-pilot-t1-synthetic-1cbe08ab21a8"}},{"type":"Feature","id":"458_-1240","geometry":{"type":"Polygon","coordinates":[[[-124.05,45.75],[-123.95,45.75],[-123.95,45.85],[-124.05,45.85],[-124.05,45.75]]]},"properties":{"group":"cantharellus","week":"2026-10-05","chance":0.1313,"uncertainty_low":null,"uncertainty_high":null,"applicable":true,"drivers":[{"label":"Rain, total of the last 14 days (mm)","value":36.7},{"label":"Rain, total of the last 3 days (mm)","value":0.0},{"label":"Air temperature, mean of the last 7 days (°C)","value":13.429}],"weather_through":"2026-10-04","model_version":"pnw-pilot-t1-synthetic-1cbe08ab21a8"}},{"type":"Feature","id":"459_-1240","geometry":{"type":"Polygon","coordinates":[[[-124.05,45.85],[-123.95,45.85],[-123.95,45.95],[-124.05,45.95],[-124.05,45.85]]]},"properties":{"group":"cantharellus","week":"2026-10-05","chance":0.1313,"uncertainty_low":null,"uncertainty_high":null,"applicable":true,"drivers":[{"label":"Rain, total of the last 14 days (mm)","value":34.9},{"label":"Rain, total of the last 3 days (mm)","value":0.3},{"label":"Air temperature, mean of the last 7 days (°C)","value":13.6}],"weather_through":"2026-10-04","model_version":"pnw-pilot-t1-synthetic-1cbe08ab21a8"}},{"type":"Feature","id":"461_-1239","geometry":{"type":"Polygon","coordinates":[[[-123.95,46.05],[-123.85,46.05],[-123.85,46.15],[-123.95,46.15],[-123.95,46.05]]]},"properties":{"group":"cantharellus","week":"2026-10-05","chance":0.1313,"uncertainty_low":null,"uncertainty_high":null,"applicable":true,"drivers":[{"label":"Rain, total of the last 14 days (mm)","value":34.9},{"label":"Rain, total of the last 3 days (mm)","value":0.3},{"label":"Air temperature, mean of the last 7 days (°C)","value":14.229}],"weather_through":"2026-10-04","model_version":"pnw-pilot-t1-synthetic-1cbe08ab21a8"}},{"type":"Feature","id":"462_-1240","geometry":{"type":"Polygon","coordinates":[[[-124.05,46.15],[-123.95,46.15],[-123.95,46.25],[-124.05,46.25],[-124.05,46.15]]]},"properties":{"group":"cantharellus","week":"2026-10-05","chance":0.1313,"uncertainty_low":null,"uncertainty_high":null,"applicable":true,"drivers":[{"label":"Rain, total of the last 14 days (mm)","value":36.1},{"label":"Rain, total of the last 3 days (mm)","value":0.1},{"label":"Air temperature, mean of the last 7 days (°C)","value":14.357}],"weather_through":"2026-10-04","model_version":"pnw-pilot-t1-synthetic-1cbe08ab21a8"}},{"type":"Feature","id":"464_-1241","geometry":{"type":"Polygon","coordinates":[[[-124.15,46.35],[-124.05,46.35],[-124.05,46.45],[-124.15,46.45],[-124.15,46.35]]]},"properties":{"group":"cantharellus","week":"2026-10-05","chance":0.1313,"uncertainty_low":null,"uncertainty_high":null,"applicable":true,"drivers":[{"label":"Rain, total of the last 14 days (mm)","value":43.2},{"label":"Rain, total of the last 3 days (mm)","value":0.1},{"label":"Air temperature, mean of the last 7 days (°C)","value":14.0}],"weather_through":"2026-10-04","model_version":"pnw-pilot-t1-synthetic-1cbe08ab21a8"}},{"type":"Feature","id":"464_-1218","geometry":{"type":"Polygon","coordinates":[[[-121.85,46.35],[-121.75,46.35],[-121.75,46.45],[-121.85,46.45],[-121.85,46.35]]]},"properties":{"group":"cantharellus","week":"2026-10-05","chance":0.1313,"uncertainty_low":null,"uncertainty_high":null,"applicable":true,"drivers":[{"label":"Rain, total of the last 14 days (mm)","value":38.8},{"label":"Rain, total of the last 3 days (mm)","value":0.0},{"label":"Air temperature, mean of the last 7 days (°C)","value":11.929}],"weather_through":"2026-10-04","model_version":"pnw-pilot-t1-synthetic-1cbe08ab21a8"}},{"type":"Feature","id":"465_-1220","geometry":{"type":"Polygon","coordinates":[[[-122.05,46.45],[-121.95,46.45],[-121.95,46.55],[-122.05,46.55],[-122.05,46.45]]]},"properties":{"group":"cantharellus","week":"2026-10-05","chance":0.1313,"uncertainty_low":null,"uncertainty_high":null,"applicable":true,"drivers":[{"label":"Rain, total of the last 14 days (mm)","value":43.2},{"label":"Rain, total of the last 3 days (mm)","value":0.0},{"label":"Air temperature, mean of the last 7 days (°C)","value":12.9}],"weather_through":"2026-10-04","model_version":"pnw-pilot-t1-synthetic-1cbe08ab21a8"}},{"type":"Feature","id":"467_-1216","geometry":{"type":"Polygon","coordinates":[[[-121.65,46.65],[-121.55,46.65],[-121.55,46.75],[-121.65,46.75],[-121.65,46.65]]]},"properties":{"group":"cantharellus","week":"2026-10-05","chance":0.1313,"uncertainty_low":null,"uncertainty_high":null,"applicable":true,"drivers":[{"label":"Rain, total of the last 14 days (mm)","value":22.0},{"label":"Rain, total of the last 3 days (mm)","value":0.0},{"label":"Air temperature, mean of the last 7 days (°C)","value":11.657}],"weather_through":"2026-10-04","model_version":"pnw-pilot-t1-synthetic-1cbe08ab21a8"}},{"type":"Feature","id":"468_-1218","geometry":{"type":"Polygon","coordinates":[[[-121.85,46.75],[-121.75,46.75],[-121.75,46.85],[-121.85,46.85],[-121.85,46.75]]]},"properties":{"group":"cantharellus","week":"2026-10-05","chance":0.1313,"uncertainty_low":null,"uncertainty_high":null,"applicable":true,"drivers":[{"label":"Rain, total of the last 14 days (mm)","value":36.8},{"label":"Rain, total of the last 3 days (mm)","value":0.0},{"label":"Air temperature, mean of the last 7 days (°C)","value":8.743}],"weather_through":"2026-10-04","model_version":"pnw-pilot-t1-synthetic-1cbe08ab21a8"}},{"type":"Feature","id":"469_-1241","geometry":{"type":"Polygon","coordinates":[[[-124.15,46.85],[-124.05,46.85],[-124.05,46.95],[-124.15,46.95],[-124.15,46.85]]]},"properties":{"group":"cantharellus","week":"2026-10-05","chance":0.1313,"uncertainty_low":null,"uncertainty_high":null,"applicable":true,"drivers":[{"label":"Rain, total of the last 14 days (mm)","value":32.2},{"label":"Rain, total of the last 3 days (mm)","value":0.0},{"label":"Air temperature, mean of the last 7 days (°C)","value":14.471}],"weather_through":"2026-10-04","model_version":"pnw-pilot-t1-synthetic-1cbe08ab21a8"}},{"type":"Feature","id":"469_-1231","geometry":{"type":"Polygon","coordinates":[[[-123.15,46.85],[-123.05,46.85],[-123.05,46.95],[-123.15,46.95],[-123.15,46.85]]]},"properties":{"group":"cantharellus","week":"2026-10-05","chance":0.1313,"uncertainty_low":null,"uncertainty_high":null,"applicable":true,"drivers":[{"label":"Rain, total of the last 14 days (mm)","value":24.8},{"label":"Rain, total of the last 3 days (mm)","value":0.2},{"label":"Air temperature, mean of the last 7 days (°C)","value":14.014}],"weather_through":"2026-10-04","model_version":"pnw-pilot-t1-synthetic-1cbe08ab21a8"}},{"type":"Feature","id":"469_-1229","geometry":{"type":"Polygon","coordinates":[[[-122.95,46.85],[-122.85,46.85],[-122.85,46.95],[-122.95,46.95],[-122.95,46.85]]]},"properties":{"group":"cantharellus","week":"2026-10-05","chance":0.1313,"uncertainty_low":null,"uncertainty_high":null,"applicable":true,"drivers":[{"label":"Rain, total of the last 14 days (mm)","value":24.8},{"label":"Rain, total of the last 3 days (mm)","value":0.2},{"label":"Air temperature, mean of the last 7 days (°C)","value":14.4}],"weather_through":"2026-10-04","model_version":"pnw-pilot-t1-synthetic-1cbe08ab21a8"}},{"type":"Feature","id":"469_-1223","geometry":{"type":"Polygon","coordinates":[[[-122.35,46.85],[-122.25,46.85],[-122.25,46.95],[-122.35,46.95],[-122.35,46.85]]]},"properties":{"group":"cantharellus","week":"2026-10-05","chance":0.1313,"uncertainty_low":null,"uncertainty_high":null,"applicable":true,"drivers":[{"label":"Rain, total of the last 14 days (mm)","value":28.1},{"label":"Rain, total of the last 3 days (mm)","value":0.1},{"label":"Air temperature, mean of the last 7 days (°C)","value":13.443}],"weather_through":"2026-10-04","model_version":"pnw-pilot-t1-synthetic-1cbe08ab21a8"}},{"type":"Feature","id":"470_-1230","geometry":{"type":"Polygon","coordinates":[[[-123.05,46.95],[-122.95,46.95],[-122.95,47.05],[-123.05,47.05],[-123.05,46.95]]]},"properties":{"group":"cantharellus","week":"2026-10-05","chance":0.1313,"uncertainty_low":null,"uncertainty_high":null,"applicable":true,"drivers":[{"label":"Rain, total of the last 14 days (mm)","value":24.8},{"label":"Rain, total of the last 3 days (mm)","value":0.2},{"label":"Air temperature, mean of the last 7 days (°C)","value":14.257}],"weather_through":"2026-10-04","model_version":"pnw-pilot-t1-synthetic-1cbe08ab21a8"}},{"type":"Feature","id":"470_-1229","geometry":{"type":"Polygon","coordinates":[[[-122.95,46.95],[-122.85,46.95],[-122.85,47.05],[-122.95,47.05],[-122.95,46.95]]]},"properties":{"group":"cantharellus","week":"2026-10-05","chance":0.1313,"uncertainty_low":null,"uncertainty_high":null,"applicable":true,"drivers":[{"label":"Rain, total of the last 14 days (mm)","value":24.8},{"label":"Rain, total of the last 3 days (mm)","value":0.2},{"label":"Air temperature, mean of the last 7 days (°C)","value":14.571}],"weather_through":"2026-10-04","model_version":"pnw-pilot-t1-synthetic-1cbe08ab21a8"}},{"type":"Feature","id":"470_-1228","geometry":{"type":"Polygon","coordinates":[[[-122.85,46.95],[-122.75,46.95],[-122.75,47.05],[-122.85,47.05],[-122.85,46.95]]]},"properties":{"group":"cantharellus","week":"2026-10-05","chance":0.1313,"uncertainty_low":null,"uncertainty_high":null,"applicable":true,"drivers":[{"label":"Rain, total of the last 14 days (mm)","value":22.4},{"label":"Rain, total of the last 3 days (mm)","value":0.1},{"label":"Air temperature, mean of the last 7 days (°C)","value":14.557}],"weather_through":"2026-10-04","model_version":"pnw-pilot-t1-synthetic-1cbe08ab21a8"}},{"type":"Feature","id":"471_-1231","geometry":{"type":"Polygon","coordinates":[[[-123.15,47.05],[-123.05,47.05],[-123.05,47.15],[-123.15,47.15],[-123.15,47.05]]]},"properties":{"group":"cantharellus","week":"2026-10-05","chance":0.1313,"uncertainty_low":null,"uncertainty_high":null,"applicable":true,"drivers":[{"label":"Rain, total of the last 14 days (mm)","value":24.8},{"label":"Rain, total of the last 3 days (mm)","value":0.2},{"label":"Air temperature, mean of the last 7 days (°C)","value":14.171}],"weather_through":"2026-10-04","model_version":"pnw-pilot-t1-synthetic-1cbe08ab21a8"}},{"type":"Feature","id":"471_-1230","geometry":{"type":"Polygon","coordinates":[[[-123.05,47.05],[-122.95,47.05],[-122.95,47.15],[-123.05,47.15],[-123.05,47.05]]]},"properties":{"group":"cantharellus","week":"2026-10-05","chance":0.1313,"uncertainty_low":null,"uncertainty_high":null,"applicable":true,"drivers":[{"label":"Rain, total of the last 14 days (mm)","value":24.8},{"label":"Rain, total of the last 3 days (mm)","value":0.2},{"label":"Air temperature, mean of the last 7 days (°C)","value":14.529}],"weather_through":"2026-10-04","model_version":"pnw-pilot-t1-synthetic-1cbe08ab21a8"}},{"type":"Feature","id":"471_-1229","geometry":{"type":"Polygon","coordinates":[[[-122.95,47.05],[-122.85,47.05],[-122.85,47.15],[-122.95,47.15],[-122.95,47.05]]]},"properties":{"group":"cantharellus","week":"2026-10-05","chance":0.1313,"uncertainty_low":null,"uncertainty_high":null,"applicable":true,"drivers":[{"label":"Rain, total of the last 14 days (mm)","value":24.8},{"label":"Rain, total of the last 3 days (mm)","value":0.2},{"label":"Air temperature, mean of the last 7 days (°C)","value":14.8}],"weather_through":"2026-10-04","model_version":"pnw-pilot-t1-synthetic-1cbe08ab21a8"}},{"type":"Feature","id":"471_-1228","geometry":{"type":"Polygon","coordinates":[[[-122.85,47.05],[-122.75,47.05],[-122.75,47.15],[-122.85,47.15],[-122.85,47.05]]]},"properties":{"group":"cantharellus","week":"2026-10-05","chance":0.1313,"uncertainty_low":null,"uncertainty_high":null,"applicable":true,"drivers":[{"label":"Rain, total of the last 14 days (mm)","value":22.4},{"label":"Rain, total of the last 3 days (mm)","value":0.1},{"label":"Air temperature, mean of the last 7 days (°C)","value":14.871}],"weather_through":"2026-10-04","model_version":"pnw-pilot-t1-synthetic-1cbe08ab21a8"}},{"type":"Feature","id":"471_-1227","geometry":{"type":"Polygon","coordinates":[[[-122.75,47.05],[-122.65,47.05],[-122.65,47.15],[-122.75,47.15],[-122.75,47.05]]]},"properties":{"group":"cantharellus","week":"2026-10-05","chance":0.1313,"uncertainty_low":null,"uncertainty_high":null,"applicable":true,"drivers":[{"label":"Rain, total of the last 14 days (mm)","value":22.4},{"label":"Rain, total of the last 3 days (mm)","value":0.1},{"label":"Air temperature, mean of the last 7 days (°C)","value":14.486}],"weather_through":"2026-10-04","model_version":"pnw-pilot-t1-synthetic-1cbe08ab21a8"}},{"type":"Feature","id":"472_-1242","geometry":{"type":"Polygon","coordinates":[[[-124.25,47.15],[-124.15,47.15],[-124.15,47.25],[-124.25,47.25],[-124.25,47.15]]]},"properties":{"group":"cantharellus","week":"2026-10-05","chance":0.1313,"uncertainty_low":null,"uncertainty_high":null,"applicable":true,"drivers":[{"label":"Rain, total of the last 14 days (mm)","value":56.2},{"label":"Rain, total of the last 3 days (mm)","value":1.8},{"label":"Air temperature, mean of the last 7 days (°C)","value":13.886}],"weather_through":"2026-10-04","model_version":"pnw-pilot-t1-synthetic-1cbe08ab21a8"}},{"type":"Feature","id":"472_-1231","geometry":{"type":"Polygon","coordinates":[[[-123.15,47.15],[-123.05,47.15],[-123.05,47.25],[-123.15,47.25],[-123.15,47.15]]]},"properties":{"group":"cantharellus","week":"2026-10-05","chance":0.1313,"uncertainty_low":null,"uncertainty_high":null,"applicable":true,"drivers":[{"label":"Rain, total of the last 14 days (mm)","value":37.6},{"label":"Rain, total of the last 3 days (mm)","value":0.0},{"label":"Air temperature, mean of the last 7 days (°C)","value":14.257}],"weather_through":"2026-10-04","model_version":"pnw-pilot-t1-synthetic-1cbe08ab21a8"}},{"type":"Feature","id":"472_-1225","geometry":{"type":"Polygon","coordinates":[[[-122.55,47.15],[-122.45,47.15],[-122.45,47.25],[-122.55,47.25],[-122.55,47.15]]]},"properties":{"group":"cantharellus","week":"2026-10-05","chance":0.1313,"uncertainty_low":null,"uncertainty_high":null,"applicable":true,"drivers":[{"label":"Rain, total of the last 14 days (mm)","value":20.3},{"label":"Rain, total of the last 3 days (mm)","value":0.0},{"label":"Air temperature, mean of the last 7 days (°C)","value":14.6}],"weather_through":"2026-10-04","model_version":"pnw-pilot-t1-synthetic-1cbe08ab21a8"}},{"type":"Feature","id":"472_-1224","geometry":{"type":"Polygon","coordinates":[[[-122.45,47.15],[-122.35,47.15],[-122.35,47.25],[-122.45,47.25],[-122.45,47.15]]]},"properties":{"group":"cantharellus","week":"2026-10-05","chance":0.1313,"uncertainty_low":null,"uncertainty_high":null,"applicable":true,"drivers":[{"label":"Rain, total of the last 14 days (mm)","value":20.3},{"label":"Rain, total of the last 3 days (mm)","value":0.0},{"label":"Air temperature, mean of the last 7 days (°C)","value":14.329}],"weather_through":"2026-10-04","model_version":"pnw-pilot-t1-synthetic-1cbe08ab21a8"}},{"type":"Feature","id":"472_-1223","geometry":{"type":"Polygon","coordinates":[[[-122.35,47.15],[-122.25,47.15],[-122.25,47.25],[-122.35,47.25],[-122.35,47.15]]]},"properties":{"group":"cantharellus","week":"2026-10-05","chance":0.1313,"uncertainty_low":null,"uncertainty_high":null,"applicable":true,"drivers":[{"label":"Rain, total of the last 14 days (mm)","value":25.0},{"label":"Rain, total of the last 3 days (mm)","value":0.0},{"label":"Air temperature, mean of the last 7 days (°C)","value":13.986}],"weather_through":"2026-10-04","model_version":"pnw-pilot-t1-synthetic-1cbe08ab21a8"}},{"type":"Feature","id":"473_-1229","geometry":{"type":"Polygon","coordinates":[[[-122.95,47.25],[-122.85,47.25],[-122.85,47.35],[-122.95,47.35],[-122.95,47.25]]]},"properties":{"group":"cantharellus","week":"2026-10-05","chance":0.1313,"uncertainty_low":null,"uncertainty_high":null,"applicable":true,"drivers":[{"label":"Rain, total of the last 14 days (mm)","value":37.6},{"label":"Rain, total of the last 3 days (mm)","value":0.0},{"label":"Air temperature, mean of the last 7 days (°C)","value":14.857}],"weather_through":"2026-10-04","model_version":"pnw-pilot-t1-synthetic-1cbe08ab21a8"}},{"type":"Feature","id":"473_-1226","geometry":{"type":"Polygon","coordinates":[[[-122.65,47.25],[-122.55,47.25],[-122.55,47.35],[-122.65,47.35],[-122.65,47.25]]]},"properties":{"group":"cantharellus","week":"2026-10-05","chance":0.1313,"uncertainty_low":null,"uncertainty_high":null,"applicable":true,"drivers":[{"label":"Rain, total of the last 14 days (mm)","value":20.3},{"label":"Rain, total of the last 3 days (mm)","value":0.0},{"label":"Air temperature, mean of the last 7 days (°C)","value":14.714}],"weather_through":"2026-10-04","model_version":"pnw-pilot-t1-synthetic-1cbe08ab21a8"}},{"type":"Feature","id":"473_-1225","geometry":{"type":"Polygon","coordinates":[[[-122.55,47.25],[-122.45,47.25],[-122.45,47.35],[-122.55,47.35],[-122.55,47.25]]]},"properties":{"group":"cantharellus","week":"2026-10-05","chance":0.1313,"uncertainty_low":null,"uncertainty_high":null,"applicable":true,"drivers":[{"label":"Rain, total of the last 14 days (mm)","value":20.3},{"label":"Rain, total of the last 3 days (mm)","value":0.0},{"label":"Air temperature, mean of the last 7 days (°C)","value":14.829}],"weather_through":"2026-10-04","model_version":"pnw-pilot-t1-synthetic-1cbe08ab21a8"}},{"type":"Feature","id":"473_-1224","geometry":{"type":"Polygon","coordinates":[[[-122.45,47.25],[-122.35,47.25],[-122.35,47.35],[-122.45,47.35],[-122.45,47.25]]]},"properties":{"group":"cantharellus","week":"2026-10-05","chance":0.1313,"uncertainty_low":null,"uncertainty_high":null,"applicable":true,"drivers":[{"label":"Rain, total of the last 14 days (mm)","value":20.3},{"label":"Rain, total of the last 3 days (mm)","value":0.0},{"label":"Air temperature, mean of the last 7 days (°C)","value":14.5}],"weather_through":"2026-10-04","model_version":"pnw-pilot-t1-synthetic-1cbe08ab21a8"}},{"type":"Feature","id":"474_-1233","geometry":{"type":"Polygon","coordinates":[[[-123.35,47.35],[-123.25,47.35],[-123.25,47.45],[-123.35,47.45],[-123.35,47.35]]]},"properties":{"group":"cantharellus","week":"2026-10-05","chance":0.1313,"uncertainty_low":null,"uncertainty_high":null,"applicable":true,"drivers":[{"label":"Rain, total of the last 14 days (mm)","value":60.8},{"label":"Rain, total of the last 3 days (mm)","value":0.0},{"label":"Air temperature, mean of the last 7 days (°C)","value":13.286}],"weather_through":"2026-10-04","model_version":"pnw-pilot-t1-synthetic-1cbe08ab21a8"}},{"type":"Feature","id":"474_-1230","geometry":{"type":"Polygon","coordinates":[[[-123.05,47.35],[-122.95,47.35],[-122.95,47.45],[-123.05,47.45],[-123.05,47.35]]]},"properties":{"group":"cantharellus","week":"2026-10-05","chance":0.1313,"uncertainty_low":null,"uncertainty_high":null,"applicable":true,"drivers":[{"label":"Rain, total of the last 14 days (mm)","value":48.0},{"label":"Rain, total of the last 3 days (mm)","value":0.0},{"label":"Air temperature, mean of the last 7 days (°C)","value":14.786}],"weather_through":"2026-10-04","model_version":"pnw-pilot-t1-synthetic-1cbe08ab21a8"}},{"type":"Feature","id":"474_-1225","geometry":{"type":"Polygon","coordinates":[[[-122.55,47.35],[-122.45,47.35],[-122.45,47.45],[-122.55,47.45],[-122.55,47.35]]]},"properties":{"group":"cantharellus","week":"2026-10-05","chance":0.1313,"uncertainty_low":null,"uncertainty_high":null,"applicable":true,"drivers":[{"label":"Rain, total of the last 14 days (mm)","value":27.8},{"label":"Rain, total of the last 3 days (mm)","value":0.0},{"label":"Air temperature, mean of the last 7 days (°C)","value":14.857}],"weather_through":"2026-10-04","model_version":"pnw-pilot-t1-synthetic-1cbe08ab21a8"}},{"type":"Feature","id":"474_-1223","geometry":{"type":"Polygon","coordinates":[[[-122.35,47.35],[-122.25,47.35],[-122.25,47.45],[-122.35,47.45],[-122.35,47.35]]]},"properties":{"group":"cantharellus","week":"2026-10-05","chance":0.1313,"uncertainty_low":null,"uncertainty_high":null,"applicable":true,"drivers":[{"label":"Rain, total of the last 14 days (mm)","value":37.8},{"label":"Rain, total of the last 3 days (mm)","value":0.2},{"label":"Air temperature, mean of the last 7 days (°C)","value":14.286}],"weather_through":"2026-10-04","model_version":"pnw-pilot-t1-synthetic-1cbe08ab21a8"}},{"type":"Feature","id":"474_-1221","geometry":{"type":"Polygon","coordinates":[[[-122.15,47.35],[-122.05,47.35],[-122.05,47.45],[-122.15,47.45],[-122.15,47.35]]]},"properties":{"group":"cantharellus","week":"2026-10-05","chance":0.1313,"uncertainty_low":null,"uncertainty_high":null,"applicable":true,"drivers":[{"label":"Rain, total of the last 14 days (mm)","value":50.2},{"label":"Rain, total of the last 3 days (mm)","value":0.2},{"label":"Air temperature, mean of the last 7 days (°C)","value":13.743}],"weather_through":"2026-10-04","model_version":"pnw-pilot-t1-synthetic-1cbe08ab21a8"}},{"type":"Feature","id":"474_-1216","geometry":{"type":"Polygon","coordinates":[[[-121.65,47.35],[-121.55,47.35],[-121.55,47.45],[-121.65,47.45],[-121.65,47.35]]]},"properties":{"group":"cantharellus","week":"2026-10-05","chance":0.1313,"uncertainty_low":null,"uncertainty_high":null,"applicable":true,"drivers":[{"label":"Rain, total of the last 14 days (mm)","value":65.5},{"label":"Rain, total of the last 3 days (mm)","value":0.4},{"label":"Air temperature, mean of the last 7 days (°C)","value":11.229}],"weather_through":"2026-10-04","model_version":"pnw-pilot-t1-synthetic-1cbe08ab21a8"}},{"type":"Feature","id":"474_-1215","geometry":{"type":"Polygon","coordinates":[[[-121.55,47.35],[-121.45,47.35],[-121.45,47.45],[-121.55,47.45],[-121.55,47.35]]]},"properties":{"group":"cantharellus","week":"2026-10-05","chance":0.1313,"uncertainty_low":null,"uncertainty_high":null,"applicable":true,"drivers":[{"label":"Rain, total of the last 14 days (mm)","value":65.5},{"label":"Rain, total of the last 3 days (mm)","value":0.4},{"label":"Air temperature, mean of the last 7 days (°C)","value":10.914}],"weather_through":"2026-10-04","model_version":"pnw-pilot-t1-synthetic-1cbe08ab21a8"}},{"type":"Feature","id":"474_-1214","geometry":{"type":"Polygon","coordinates":[[[-121.45,47.35],[-121.35,47.35],[-121.35,47.45],[-121.45,47.45],[-121.45,47.35]]]},"properties":{"group":"cantharellus","week":"2026-10-05","chance":0.1313,"uncertainty_low":null,"uncertainty_high":null,"applicable":true,"drivers":[{"label":"Rain, total of the last 14 days (mm)","value":65.5},{"label":"Rain, total of the last 3 days (mm)","value":0.4},{"label":"Air temperature, mean of the last 7 days (°C)","value":10.657}],"weather_through":"2026-10-04","model_version":"pnw-pilot-t1-synthetic-1cbe08ab21a8"}},{"type":"Feature","id":"475_-1239","geometry":{"type":"Polygon","coordinates":[[[-123.95,47.45],[-123.85,47.45],[-123.85,47.55],[-123.95,47.55],[-123.95,47.45]]]},"properties":{"group":"cantharellus","week":"2026-10-05","chance":0.1313,"uncertainty_low":null,"uncertainty_high":null,"applicable":true,"drivers":[{"label":"Rain, total of the last 14 days (mm)","value":64.1},{"label":"Rain, total of the last 3 days (mm)","value":0.7},{"label":"Air temperature, mean of the last 7 days (°C)","value":12.357}],"weather_through":"2026-10-04","model_version":"pnw-pilot-t1-synthetic-1cbe08ab21a8"}},{"type":"Feature","id":"475_-1238","geometry":{"type":"Polygon","coordinates":[[[-123.85,47.45],[-123.75,47.45],[-123.75,47.55],[-123.85,47.55],[-123.85,47.45]]]},"properties":{"group":"cantharellus","week":"2026-10-05","chance":0.1313,"uncertainty_low":null,"uncertainty_high":null,"applicable":true,"drivers":[{"label":"Rain, total of the last 14 days (mm)","value":68.9},{"label":"Rain, total of the last 3 days (mm)","value":0.0},{"label":"Air temperature, mean of the last 7 days (°C)","value":11.943}],"weather_through":"2026-10-04","model_version":"pnw-pilot-t1-synthetic-1cbe08ab21a8"}},{"type":"Feature","id":"475_-1233","geometry":{"type":"Polygon","coordinates":[[[-123.35,47.45],[-123.25,47.45],[-123.25,47.55],[-123.35,47.55],[-123.35,47.45]]]},"properties":{"group":"cantharellus","week":"2026-10-05","chance":0.1313,"uncertainty_low":null,"uncertainty_high":null,"applicable":true,"drivers":[{"label":"Rain, total of the last 14 days (mm)","value":60.8},{"label":"Rain, total of the last 3 days (mm)","value":0.0},{"label":"Air temperature, mean of the last 7 days (°C)","value":11.914}],"weather_through":"2026-10-04","model_version":"pnw-pilot-t1-synthetic-1cbe08ab21a8"}},{"type":"Feature","id":"475_-1227","geometry":{"type":"Polygon","coordinates":[[[-122.75,47.45],[-122.65,47.45],[-122.65,47.55],[-122.75,47.55],[-122.75,47.45]]]},"properties":{"group":"cantharellus","week":"2026-10-05","chance":0.1313,"uncertainty_low":null,"uncertainty_high":null,"applicable":true,"drivers":[{"label":"Rain, total of the last 14 days (mm)","value":31.6},{"label":"Rain, total of the last 3 days (mm)","value":0.1},{"label":"Air temperature, mean of the last 7 days (°C)","value":14.4}],"weather_through":"2026-10-04","model_version":"pnw-pilot-t1-synthetic-1cbe08ab21a8"}},{"type":"Feature","id":"475_-1226","geometry":{"type":"Polygon","coordinates":[[[-122.65,47.45],[-122.55,47.45],[-122.55,47.55],[-122.65,47.55],[-122.65,47.45]]]},"properties":{"group":"cantharellus","week":"2026-10-05","chance":0.1313,"uncertainty_low":null,"uncertainty_high":null,"applicable":true,"drivers":[{"label":"Rain, total of the last 14 days (mm)","value":27.8},{"label":"Rain, total of the last 3 days (mm)","value":0.0},{"label":"Air temperature, mean of the last 7 days (°C)","value":14.429}],"weather_through":"2026-10-04","model_version":"pnw-pilot-t1-synthetic-1cbe08ab21a8"}},{"type":"Feature","id":"475_-1225","geometry":{"type":"Polygon","coordinates":[[[-122.55,47.45],[-122.45,47.45],[-122.45,47.55],[-122.55,47.55],[-122.55,47.45]]]},"properties":{"group":"cantharellus","week":"2026-10-05","chance":0.1313,"uncertainty_low":null,"uncertainty_high":null,"applicable":true,"drivers":[{"label":"Rain, total of the last 14 days (mm)","value":27.8},{"label":"Rain, total of the last 3 days (mm)","value":0.0},{"label":"Air temperature, mean of the last 7 days (°C)","value":14.571}],"weather_through":"2026-10-04","model_version":"pnw-pilot-t1-synthetic-1cbe08ab21a8"}},{"type":"Feature","id":"475_-1224","geometry":{"type":"Polygon","coordinates":[[[-122.45,47.45],[-122.35,47.45],[-122.35,47.55],[-122.45,47.55],[-122.45,47.45]]]},"properties":{"group":"cantharellus","week":"2026-10-05","chance":0.1313,"uncertainty_low":null,"uncertainty_high":null,"applicable":true,"drivers":[{"label":"Rain, total of the last 14 days (mm)","value":27.8},{"label":"Rain, total of the last 3 days (mm)","value":0.0},{"label":"Air temperature, mean of the last 7 days (°C)","value":14.529}],"weather_through":"2026-10-04","model_version":"pnw-pilot-t1-synthetic-1cbe08ab21a8"}},{"type":"Feature","id":"475_-1223","geometry":{"type":"Polygon","coordinates":[[[-122.35,47.45],[-122.25,47.45],[-122.25,47.55],[-122.35,47.55],[-122.35,47.45]]]},"properties":{"group":"cantharellus","week":"2026-10-05","chance":0.1313,"uncertainty_low":null,"uncertainty_high":null,"applicable":true,"drivers":[{"label":"Rain, total of the last 14 days (mm)","value":37.8},{"label":"Rain, total of the last 3 days (mm)","value":0.2},{"label":"Air temperature, mean of the last 7 days (°C)","value":14.229}],"weather_through":"2026-10-04","model_version":"pnw-pilot-t1-synthetic-1cbe08ab21a8"}},{"type":"Feature","id":"475_-1222","geometry":{"type":"Polygon","coordinates":[[[-122.25,47.45],[-122.15,47.45],[-122.15,47.55],[-122.25,47.55],[-122.25,47.45]]]},"properties":{"group":"cantharellus","week":"2026-10-05","chance":0.1313,"uncertainty_low":null,"uncertainty_high":null,"applicable":true,"drivers":[{"label":"Rain, total of the last 14 days (mm)","value":37.8},{"label":"Rain, total of the last 3 days (mm)","value":0.2},{"label":"Air temperature, mean of the last 7 days (°C)","value":13.829}],"weather_through":"2026-10-04","model_version":"pnw-pilot-t1-synthetic-1cbe08ab21a8"}},{"type":"Feature","id":"475_-1221","geometry":{"type":"Polygon","coordinates":[[[-122.15,47.45],[-122.05,47.45],[-122.05,47.55],[-122.15,47.55],[-122.15,47.45]]]},"properties":{"group":"cantharellus","week":"2026-10-05","chance":0.1313,"uncertainty_low":null,"uncertainty_high":null,"applicable":true,"drivers":[{"label":"Rain, total of the last 14 days (mm)","value":50.2},{"label":"Rain, total of the last 3 days (mm)","value":0.2},{"label":"Air temperature, mean of the last 7 days (°C)","value":13.557}],"weather_through":"2026-10-04","model_version":"pnw-pilot-t1-synthetic-1cbe08ab21a8"}},{"type":"Feature","id":"475_-1220","geometry":{"type":"Polygon","coordinates":[[[-122.05,47.45],[-121.95,47.45],[-121.95,47.55],[-122.05,47.55],[-122.05,47.45]]]},"properties":{"group":"cantharellus","week":"2026-10-05","chance":0.1313,"uncertainty_low":null,"uncertainty_high":null,"applicable":true,"drivers":[{"label":"Rain, total of the last 14 days (mm)","value":50.2},{"label":"Rain, total of the last 3 days (mm)","value":0.2},{"label":"Air temperature, mean of the last 7 days (°C)","value":13.357}],"weather_through":"2026-10-04","model_version":"pnw-pilot-t1-synthetic-1cbe08ab21a8"}},{"type":"Feature","id":"475_-1218","geometry":{"type":"Polygon","coordinates":[[[-121.85,47.45],[-121.75,47.45],[-121.75,47.55],[-121.85,47.55],[-121.85,47.45]]]},"properties":{"group":"cantharellus","week":"2026-10-05","chance":0.1313,"uncertainty_low":null,"uncertainty_high":null,"applicable":true,"drivers":[{"label":"Rain, total of the last 14 days (mm)","value":65.8},{"label":"Rain, total of the last 3 days (mm)","value":0.3},{"label":"Air temperature, mean of the last 7 days (°C)","value":12.714}],"weather_through":"2026-10-04","model_version":"pnw-pilot-t1-synthetic-1cbe08ab21a8"}},{"type":"Feature","id":"475_-1217","geometry":{"type":"Polygon","coordinates":[[[-121.75,47.45],[-121.65,47.45],[-121.65,47.55],[-121.75,47.55],[-121.75,47.45]]]},"properties":{"group":"cantharellus","week":"2026-10-05","chance":0.1313,"uncertainty_low":null,"uncertainty_high":null,"applicable":true,"drivers":[{"label":"Rain, total of the last 14 days (mm)","value":65.8},{"label":"Rain, total of the last 3 days (mm)","value":0.3},{"label":"Air temperature, mean of the last 7 days (°C)","value":12.086}],"weather_through":"2026-10-04","model_version":"pnw-pilot-t1-synthetic-1cbe08ab21a8"}},{"type":"Feature","id":"476_-1228","geometry":{"type":"Polygon","coordinates":[[[-122.85,47.55],[-122.75,47.55],[-122.75,47.65],[-122.85,47.65],[-122.85,47.55]]]},"properties":{"group":"cantharellus","week":"2026-10-05","chance":0.1313,"uncertainty_low":null,"uncertainty_high":null,"applicable":true,"drivers":[{"label":"Rain, total of the last 14 days (mm)","value":31.6},{"label":"Rain, total of the last 3 days (mm)","value":0.1},{"label":"Air temperature, mean of the last 7 days (°C)","value":14.557}],"weather_through":"2026-10-04","model_version":"pnw-pilot-t1-synthetic-1cbe08ab21a8"}},{"type":"Feature","id":"476_-1227","geometry":{"type":"Polygon","coordinates":[[[-122.75,47.55],[-122.65,47.55],[-122.65,47.65],[-122.75,47.65],[-122.75,47.55]]]},"properties":{"group":"cantharellus","week":"2026-10-05","chance":0.1313,"uncertainty_low":null,"uncertainty_high":null,"applicable":true,"drivers":[{"label":"Rain, total of the last 14 days (mm)","value":31.6},{"label":"Rain, total of the last 3 days (mm)","value":0.1},{"label":"Air temperature, mean of the last 7 days (°C)","value":14.257}],"weather_through":"2026-10-04","model_version":"pnw-pilot-t1-synthetic-1cbe08ab21a8"}},{"type":"Feature","id":"476_-1226","geometry":{"type":"Polygon","coordinates":[[[-122.65,47.55],[-122.55,47.55],[-122.55,47.65],[-122.65,47.65],[-122.65,47.55]]]},"properties":{"group":"cantharellus","week":"2026-10-05","chance":0.1313,"uncertainty_low":null,"uncertainty_high":null,"applicable":true,"drivers":[{"label":"Rain, total of the last 14 days (mm)","value":27.8},{"label":"Rain, total of the last 3 days (mm)","value":0.0},{"label":"Air temperature, mean of the last 7 days (°C)","value":14.186}],"weather_through":"2026-10-04","model_version":"pnw-pilot-t1-synthetic-1cbe08ab21a8"}},{"type":"Feature","id":"476_-1225","geometry":{"type":"Polygon","coordinates":[[[-122.55,47.55],[-122.45,47.55],[-122.45,47.65],[-122.55,47.65],[-122.55,47.55]]]},"properties":{"group":"cantharellus","week":"2026-10-05","chance":0.1313,"uncertainty_low":null,"uncertainty_high":null,"applicable":true,"drivers":[{"label":"Rain, total of the last 14 days (mm)","value":27.8},{"label":"Rain, total of the last 3 days (mm)","value":0.0},{"label":"Air temperature, mean of the last 7 days (°C)","value":14.643}],"weather_through":"2026-10-04","model_version":"pnw-pilot-t1-synthetic-1cbe08ab21a8"}},{"type":"Feature","id":"476_-1224","geometry":{"type":"Polygon","coordinates":[[[-122.45,47.55],[-122.35,47.55],[-122.35,47.65],[-122.45,47.65],[-122.45,47.55]]]},"properties":{"group":"cantharellus","week":"2026-10-05","chance":0.1313,"uncertainty_low":null,"uncertainty_high":null,"applicable":true,"drivers":[{"label":"Rain, total of the last 14 days (mm)","value":27.8},{"label":"Rain, total of the last 3 days (mm)","value":0.0},{"label":"Air temperature, mean of the last 7 days (°C)","value":14.643}],"weather_through":"2026-10-04","model_version":"pnw-pilot-t1-synthetic-1cbe08ab21a8"}},{"type":"Feature","id":"476_-1223","geometry":{"type":"Polygon","coordinates":[[[-122.35,47.55],[-122.25,47.55],[-122.25,47.65],[-122.35,47.65],[-122.35,47.55]]]},"properties":{"group":"cantharellus","week":"2026-10-05","chance":0.1313,"uncertainty_low":null,"uncertainty_high":null,"applicable":true,"drivers":[{"label":"Rain, total of the last 14 days (mm)","value":37.8},{"label":"Rain, total of the last 3 days (mm)","value":0.2},{"label":"Air temperature, mean of the last 7 days (°C)","value":14.186}],"weather_through":"2026-10-04","model_version":"pnw-pilot-t1-synthetic-1cbe08ab21a8"}},{"type":"Feature","id":"476_-1222","geometry":{"type":"Polygon","coordinates":[[[-122.25,47.55],[-122.15,47.55],[-122.15,47.65],[-122.25,47.65],[-122.25,47.55]]]},"properties":{"group":"cantharellus","week":"2026-10-05","chance":0.1313,"uncertainty_low":null,"uncertainty_high":null,"applicable":true,"drivers":[{"label":"Rain, total of the last 14 days (mm)","value":37.8},{"label":"Rain, total of the last 3 days (mm)","value":0.2},{"label":"Air temperature, mean of the last 7 days (°C)","value":13.771}],"weather_through":"2026-10-04","model_version":"pnw-pilot-t1-synthetic-1cbe08ab21a8"}},{"type":"Feature","id":"476_-1221","geometry":{"type":"Polygon","coordinates":[[[-122.15,47.55],[-122.05,47.55],[-122.05,47.65],[-122.15,47.65],[-122.15,47.55]]]},"properties":{"group":"cantharellus","week":"2026-10-05","chance":0.1313,"uncertainty_low":null,"uncertainty_high":null,"applicable":true,"drivers":[{"label":"Rain, total of the last 14 days (mm)","value":50.2},{"label":"Rain, total of the last 3 days (mm)","value":0.2},{"label":"Air temperature, mean of the last 7 days (°C)","value":13.643}],"weather_through":"2026-10-04","model_version":"pnw-pilot-t1-synthetic-1cbe08ab21a8"}},{"type":"Feature","id":"476_-1220","geometry":{"type":"Polygon","coordinates":[[[-122.05,47.55],[-121.95,47.55],[-121.95,47.65],[-122.05,47.65],[-122.05,47.55]]]},"properties":{"group":"cantharellus","week":"2026-10-05","chance":0.1313,"uncertainty_low":null,"uncertainty_high":null,"applicable":true,"drivers":[{"label":"Rain, total of the last 14 days (mm)","value":50.2},{"label":"Rain, total of the last 3 days (mm)","value":0.2},{"label":"Air temperature, mean of the last 7 days (°C)","value":13.643}],"weather_through":"2026-10-04","model_version":"pnw-pilot-t1-synthetic-1cbe08ab21a8"}},{"type":"Feature","id":"477_-1224","geometry":{"type":"Polygon","coordinates":[[[-122.45,47.65],[-122.35,47.65],[-122.35,47.75],[-122.45,47.75],[-122.45,47.65]]]},"properties":{"group":"cantharellus","week":"2026-10-05","chance":0.1313,"uncertainty_low":null,"uncertainty_high":null,"applicable":true,"drivers":[{"label":"Rain, total of the last 14 days (mm)","value":39.0},{"label":"Rain, total of the last 3 days (mm)","value":0.3},{"label":"Air temperature, mean of the last 7 days (°C)","value":14.057}],"weather_through":"2026-10-04","model_version":"pnw-pilot-t1-synthetic-1cbe08ab21a8"}},{"type":"Feature","id":"477_-1223","geometry":{"type":"Polygon","coordinates":[[[-122.35,47.65],[-122.25,47.65],[-122.25,47.75],[-122.35,47.75],[-122.35,47.65]]]},"properties":{"group":"cantharellus","week":"2026-10-05","chance":0.1313,"uncertainty_low":null,"uncertainty_high":null,"applicable":true,"drivers":[{"label":"Rain, total of the last 14 days (mm)","value":49.0},{"label":"Rain, total of the last 3 days (mm)","value":0.3},{"label":"Air temperature, mean of the last 7 days (°C)","value":13.8}],"weather_through":"2026-10-04","model_version":"pnw-pilot-t1-synthetic-1cbe08ab21a8"}},{"type":"Feature","id":"477_-1222","geometry":{"type":"Polygon","coordinates":[[[-122.25,47.65],[-122.15,47.65],[-122.15,47.75],[-122.25,47.75],[-122.25,47.65]]]},"properties":{"group":"cantharellus","week":"2026-10-05","chance":0.1313,"uncertainty_low":null,"uncertainty_high":null,"applicable":true,"drivers":[{"label":"Rain, total of the last 14 days (mm)","value":49.0},{"label":"Rain, total of the last 3 days (mm)","value":0.3},{"label":"Air temperature, mean of the last 7 days (°C)","value":13.543}],"weather_through":"2026-10-04","model_version":"pnw-pilot-t1-synthetic-1cbe08ab21a8"}},{"type":"Feature","id":"477_-1221","geometry":{"type":"Polygon","coordinates":[[[-122.15,47.65],[-122.05,47.65],[-122.05,47.75],[-122.15,47.75],[-122.15,47.65]]]},"properties":{"group":"cantharellus","week":"2026-10-05","chance":0.1313,"uncertainty_low":null,"uncertainty_high":null,"applicable":true,"drivers":[{"label":"Rain, total of the last 14 days (mm)","value":62.9},{"label":"Rain, total of the last 3 days (mm)","value":0.6},{"label":"Air temperature, mean of the last 7 days (°C)","value":13.329}],"weather_through":"2026-10-04","model_version":"pnw-pilot-t1-synthetic-1cbe08ab21a8"}},{"type":"Feature","id":"477_-1220","geometry":{"type":"Polygon","coordinates":[[[-122.05,47.65],[-121.95,47.65],[-121.95,47.75],[-122.05,47.75],[-122.05,47.65]]]},"properties":{"group":"cantharellus","week":"2026-10-05","chance":0.1313,"uncertainty_low":null,"uncertainty_high":null,"applicable":true,"drivers":[{"label":"Rain, total of the last 14 days (mm)","value":62.9},{"label":"Rain, total of the last 3 days (mm)","value":0.6},{"label":"Air temperature, mean of the last 7 days (°C)","value":13.357}],"weather_through":"2026-10-04","model_version":"pnw-pilot-t1-synthetic-1cbe08ab21a8"}},{"type":"Feature","id":"478_-1226","geometry":{"type":"Polygon","coordinates":[[[-122.65,47.75],[-122.55,47.75],[-122.55,47.85],[-122.65,47.85],[-122.65,47.75]]]},"properties":{"group":"cantharellus","week":"2026-10-05","chance":0.1313,"uncertainty_low":null,"uncertainty_high":null,"applicable":true,"drivers":[{"label":"Rain, total of the last 14 days (mm)","value":39.0},{"label":"Rain, total of the last 3 days (mm)","value":0.3},{"label":"Air temperature, mean of the last 7 days (°C)","value":13.971}],"weather_through":"2026-10-04","model_version":"pnw-pilot-t1-synthetic-1cbe08ab21a8"}},{"type":"Feature","id":"478_-1225","geometry":{"type":"Polygon","coordinates":[[[-122.55,47.75],[-122.45,47.75],[-122.45,47.85],[-122.55,47.85],[-122.55,47.75]]]},"properties":{"group":"cantharellus","week":"2026-10-05","chance":0.1313,"uncertainty_low":null,"uncertainty_high":null,"applicable":true,"drivers":[{"label":"Rain, total of the last 14 days (mm)","value":39.0},{"label":"Rain, total of the last 3 days (mm)","value":0.3},{"label":"Air temperature, mean of the last 7 days (°C)","value":14.214}],"weather_through":"2026-10-04","model_version":"pnw-pilot-t1-synthetic-1cbe08ab21a8"}},{"type":"Feature","id":"478_-1224","geometry":{"type":"Polygon","coordinates":[[[-122.45,47.75],[-122.35,47.75],[-122.35,47.85],[-122.45,47.85],[-122.45,47.75]]]},"properties":{"group":"cantharellus","week":"2026-10-05","chance":0.1313,"uncertainty_low":null,"uncertainty_high":null,"applicable":true,"drivers":[{"label":"Rain, total of the last 14 days (mm)","value":39.0},{"label":"Rain, total of the last 3 days (mm)","value":0.3},{"label":"Air temperature, mean of the last 7 days (°C)","value":14.214}],"weather_through":"2026-10-04","model_version":"pnw-pilot-t1-synthetic-1cbe08ab21a8"}},{"type":"Feature","id":"478_-1223","geometry":{"type":"Polygon","coordinates":[[[-122.35,47.75],[-122.25,47.75],[-122.25,47.85],[-122.35,47.85],[-122.35,47.75]]]},"properties":{"group":"cantharellus","week":"2026-10-05","chance":0.1313,"uncertainty_low":null,"uncertainty_high":null,"applicable":true,"drivers":[{"label":"Rain, total of the last 14 days (mm)","value":49.0},{"label":"Rain, total of the last 3 days (mm)","value":0.3},{"label":"Air temperature, mean of the last 7 days (°C)","value":13.543}],"weather_through":"2026-10-04","model_version":"pnw-pilot-t1-synthetic-1cbe08ab21a8"}},{"type":"Feature","id":"478_-1222","geometry":{"type":"Polygon","coordinates":[[[-122.25,47.75],[-122.15,47.75],[-122.15,47.85],[-122.25,47.85],[-122.25,47.75]]]},"properties":{"group":"cantharellus","week":"2026-10-05","chance":0.1313,"uncertainty_low":null,"uncertainty_high":null,"applicable":true,"drivers":[{"label":"Rain, total of the last 14 days (mm)","value":49.0},{"label":"Rain, total of the last 3 days (mm)","value":0.3},{"label":"Air temperature, mean of the last 7 days (°C)","value":13.343}],"weather_through":"2026-10-04","model_version":"pnw-pilot-t1-synthetic-1cbe08ab21a8"}},{"type":"Feature","id":"478_-1221","geometry":{"type":"Polygon","coordinates":[[[-122.15,47.75],[-122.05,47.75],[-122.05,47.85],[-122.15,47.85],[-122.15,47.75]]]},"properties":{"group":"cantharellus","week":"2026-10-05","chance":0.1313,"uncertainty_low":null,"uncertainty_high":null,"applicable":true,"drivers":[{"label":"Rain, total of the last 14 days (mm)","value":62.9},{"label":"Rain, total of the last 3 days (mm)","value":0.6},{"label":"Air temperature, mean of the last 7 days (°C)","value":13.329}],"weather_through":"2026-10-04","model_version":"pnw-pilot-t1-synthetic-1cbe08ab21a8"}},{"type":"Feature","id":"479_-1246","geometry":{"type":"Polygon","coordinates":[[[-124.65,47.85],[-124.55,47.85],[-124.55,47.95],[-124.65,47.95],[-124.65,47.85]]]},"properties":{"group":"cantharellus","week":"2026-10-05","chance":0.1313,"uncertainty_low":null,"uncertainty_high":null,"applicable":true,"drivers":[{"label":"Rain, total of the last 14 days (mm)","value":75.3},{"label":"Rain, total of the last 3 days (mm)","value":2.0},{"label":"Air temperature, mean of the last 7 days (°C)","value":13.186}],"weather_through":"2026-10-04","model_version":"pnw-pilot-t1-synthetic-1cbe08ab21a8"}},{"type":"Feature","id":"479_-1239","geometry":{"type":"Polygon","coordinates":[[[-123.95,47.85],[-123.85,47.85],[-123.85,47.95],[-123.95,47.95],[-123.95,47.85]]]},"properties":{"group":"cantharellus","week":"2026-10-05","chance":0.1313,"uncertainty_low":null,"uncertainty_high":null,"applicable":true,"drivers":[{"label":"Rain, total of the last 14 days (mm)","value":72.2},{"label":"Rain, total of the last 3 days (mm)","value":2.5},{"label":"Air temperature, mean of the last 7 days (°C)","value":10.686}],"weather_through":"2026-10-04","model_version":"pnw-pilot-t1-synthetic-1cbe08ab21a8"}},{"type":"Feature","id":"479_-1226","geometry":{"type":"Polygon","coordinates":[[[-122.65,47.85],[-122.55,47.85],[-122.55,47.95],[-122.65,47.95],[-122.65,47.85]]]},"properties":{"group":"cantharellus","week":"2026-10-05","chance":0.1313,"uncertainty_low":null,"uncertainty_high":null,"applicable":true,"drivers":[{"label":"Rain, total of the last 14 days (mm)","value":51.7},{"label":"Rain, total of the last 3 days (mm)","value":0.5},{"label":"Air temperature, mean of the last 7 days (°C)","value":13.586}],"weather_through":"2026-10-04","model_version":"pnw-pilot-t1-synthetic-1cbe08ab21a8"}},{"type":"Feature","id":"479_-1223","geometry":{"type":"Polygon","coordinates":[[[-122.35,47.85],[-122.25,47.85],[-122.25,47.95],[-122.35,47.95],[-122.35,47.85]]]},"properties":{"group":"cantharellus","week":"2026-10-05","chance":0.1313,"uncertainty_low":null,"uncertainty_high":null,"applicable":true,"drivers":[{"label":"Rain, total of the last 14 days (mm)","value":61.0},{"label":"Rain, total of the last 3 days (mm)","value":0.7},{"label":"Air temperature, mean of the last 7 days (°C)","value":13.429}],"weather_through":"2026-10-04","model_version":"pnw-pilot-t1-synthetic-1cbe08ab21a8"}},{"type":"Feature","id":"479_-1222","geometry":{"type":"Polygon","coordinates":[[[-122.25,47.85],[-122.15,47.85],[-122.15,47.95],[-122.25,47.95],[-122.25,47.85]]]},"properties":{"group":"cantharellus","week":"2026-10-05","chance":0.1313,"uncertainty_low":null,"uncertainty_high":null,"applicable":true,"drivers":[{"label":"Rain, total of the last 14 days (mm)","value":61.0},{"label":"Rain, total of the last 3 days (mm)","value":0.7},{"label":"Air temperature, mean of the last 7 days (°C)","value":13.414}],"weather_through":"2026-10-04","model_version":"pnw-pilot-t1-synthetic-1cbe08ab21a8"}},{"type":"Feature","id":"479_-1221","geometry":{"type":"Polygon","coordinates":[[[-122.15,47.85],[-122.05,47.85],[-122.05,47.95],[-122.15,47.95],[-122.15,47.85]]]},"properties":{"group":"cantharellus","week":"2026-10-05","chance":0.1313,"uncertainty_low":null,"uncertainty_high":null,"applicable":true,"drivers":[{"label":"Rain, total of the last 14 days (mm)","value":70.2},{"label":"Rain, total of the last 3 days (mm)","value":1.0},{"label":"Air temperature, mean of the last 7 days (°C)","value":13.429}],"weather_through":"2026-10-04","model_version":"pnw-pilot-t1-synthetic-1cbe08ab21a8"}},{"type":"Feature","id":"479_-1220","geometry":{"type":"Polygon","coordinates":[[[-122.05,47.85],[-121.95,47.85],[-121.95,47.95],[-122.05,47.95],[-122.05,47.85]]]},"properties":{"group":"cantharellus","week":"2026-10-05","chance":0.1313,"uncertainty_low":null,"uncertainty_high":null,"applicable":true,"drivers":[{"label":"Rain, total of the last 14 days (mm)","value":70.2},{"label":"Rain, total of the last 3 days (mm)","value":1.0},{"label":"Air temperature, mean of the last 7 days (°C)","value":13.529}],"weather_through":"2026-10-04","model_version":"pnw-pilot-t1-synthetic-1cbe08ab21a8"}},{"type":"Feature","id":"480_-1239","geometry":{"type":"Polygon","coordinates":[[[-123.95,47.95],[-123.85,47.95],[-123.85,48.05],[-123.95,48.05],[-123.95,47.95]]]},"properties":{"group":"cantharellus","week":"2026-10-05","chance":0.1313,"uncertainty_low":null,"uncertainty_high":null,"applicable":true,"drivers":[{"label":"Rain, total of the last 14 days (mm)","value":72.2},{"label":"Rain, total of the last 3 days (mm)","value":2.5},{"label":"Air temperature, mean of the last 7 days (°C)","value":11.043}],"weather_through":"2026-10-04","model_version":"pnw-pilot-t1-synthetic-1cbe08ab21a8"}},{"type":"Feature","id":"480_-1238","geometry":{"type":"Polygon","coordinates":[[[-123.85,47.95],[-123.75,47.95],[-123.75,48.05],[-123.85,48.05],[-123.85,47.95]]]},"properties":{"group":"cantharellus","week":"2026-10-05","chance":0.1313,"uncertainty_low":null,"uncertainty_high":null,"applicable":true,"drivers":[{"label":"Rain, total of the last 14 days (mm)","value":59.4},{"label":"Rain, total of the last 3 days (mm)","value":1.4},{"label":"Air temperature, mean of the last 7 days (°C)","value":10.629}],"weather_through":"2026-10-04","model_version":"pnw-pilot-t1-synthetic-1cbe08ab21a8"}},{"type":"Feature","id":"480_-1236","geometry":{"type":"Polygon","coordinates":[[[-123.65,47.95],[-123.55,47.95],[-123.55,48.05],[-123.65,48.05],[-123.65,47.95]]]},"properties":{"group":"cantharellus","week":"2026-10-05","chance":0.1313,"uncertainty_low":null,"uncertainty_high":null,"applicable":true,"drivers":[{"label":"Rain, total of the last 14 days (mm)","value":50.4},{"label":"Rain, total of the last 3 days (mm)","value":1.5},{"label":"Air temperature, mean of the last 7 days (°C)","value":10.429}],"weather_through":"2026-10-04","model_version":"pnw-pilot-t1-synthetic-1cbe08ab21a8"}},{"type":"Feature","id":"480_-1234","geometry":{"type":"Polygon","coordinates":[[[-123.45,47.95],[-123.35,47.95],[-123.35,48.05],[-123.45,48.05],[-123.45,47.95]]]},"properties":{"group":"cantharellus","week":"2026-10-05","chance":0.1313,"uncertainty_low":null,"uncertainty_high":null,"applicable":true,"drivers":[{"label":"Rain, total of the last 14 days (mm)","value":50.4},{"label":"Rain, total of the last 3 days (mm)","value":1.5},{"label":"Air temperature, mean of the last 7 days (°C)","value":10.957}],"weather_through":"2026-10-04","model_version":"pnw-pilot-t1-synthetic-1cbe08ab21a8"}},{"type":"Feature","id":"480_-1227","geometry":{"type":"Polygon","coordinates":[[[-122.75,47.95],[-122.65,47.95],[-122.65,48.05],[-122.75,48.05],[-122.75,47.95]]]},"properties":{"group":"cantharellus","week":"2026-10-05","chance":0.1313,"uncertainty_low":null,"uncertainty_high":null,"applicable":true,"drivers":[{"label":"Rain, total of the last 14 days (mm)","value":55.5},{"label":"Rain, total of the last 3 days (mm)","value":1.2},{"label":"Air temperature, mean of the last 7 days (°C)","value":13.557}],"weather_through":"2026-10-04","model_version":"pnw-pilot-t1-synthetic-1cbe08ab21a8"}},{"type":"Feature","id":"480_-1221","geometry":{"type":"Polygon","coordinates":[[[-122.15,47.95],[-122.05,47.95],[-122.05,48.05],[-122.15,48.05],[-122.15,47.95]]]},"properties":{"group":"cantharellus","week":"2026-10-05","chance":0.1313,"uncertainty_low":null,"uncertainty_high":null,"applicable":true,"drivers":[{"label":"Rain, total of the last 14 days (mm)","value":70.2},{"label":"Rain, total of the last 3 days (mm)","value":1.0},{"label":"Air temperature, mean of the last 7 days (°C)","value":13.271}],"weather_through":"2026-10-04","model_version":"pnw-pilot-t1-synthetic-1cbe08ab21a8"}},{"type":"Feature","id":"481_-1238","geometry":{"type":"Polygon","coordinates":[[[-123.85,48.05],[-123.75,48.05],[-123.75,48.15],[-123.85,48.15],[-123.85,48.05]]]},"properties":{"group":"cantharellus","week":"2026-10-05","chance":0.1313,"uncertainty_low":null,"uncertainty_high":null,"applicable":true,"drivers":[{"label":"Rain, total of the last 14 days (mm)","value":59.4},{"label":"Rain, total of the last 3 days (mm)","value":1.4},{"label":"Air temperature, mean of the last 7 days (°C)","value":12.171}],"weather_through":"2026-10-04","model_version":"pnw-pilot-t1-synthetic-1cbe08ab21a8"}},{"type":"Feature","id":"481_-1236","geometry":{"type":"Polygon","coordinates":[[[-123.65,48.05],[-123.55,48.05],[-123.55,48.15],[-123.65,48.15],[-123.65,48.05]]]},"properties":{"group":"cantharellus","week":"2026-10-05","chance":0.1313,"uncertainty_low":null,"uncertainty_high":null,"applicable":true,"drivers":[{"label":"Rain, total of the last 14 days (mm)","value":50.4},{"label":"Rain, total of the last 3 days (mm)","value":1.5},{"label":"Air temperature, mean of the last 7 days (°C)","value":12.229}],"weather_through":"2026-10-04","model_version":"pnw-pilot-t1-synthetic-1cbe08ab21a8"}},{"type":"Feature","id":"481_-1234","geometry":{"type":"Polygon","coordinates":[[[-123.45,48.05],[-123.35,48.05],[-123.35,48.15],[-123.45,48.15],[-123.45,48.05]]]},"properties":{"group":"cantharellus","week":"2026-10-05","chance":0.1313,"uncertainty_low":null,"uncertainty_high":null,"applicable":true,"drivers":[{"label":"Rain, total of the last 14 days (mm)","value":50.4},{"label":"Rain, total of the last 3 days (mm)","value":1.5},{"label":"Air temperature, mean of the last 7 days (°C)","value":12.757}],"weather_through":"2026-10-04","model_version":"pnw-pilot-t1-synthetic-1cbe08ab21a8"}},{"type":"Feature","id":"481_-1228","geometry":{"type":"Polygon","coordinates":[[[-122.85,48.05],[-122.75,48.05],[-122.75,48.15],[-122.85,48.15],[-122.85,48.05]]]},"properties":{"group":"cantharellus","week":"2026-10-05","chance":0.1313,"uncertainty_low":null,"uncertainty_high":null,"applicable":true,"drivers":[{"label":"Rain, total of the last 14 days (mm)","value":55.5},{"label":"Rain, total of the last 3 days (mm)","value":1.2},{"label":"Air temperature, mean of the last 7 days (°C)","value":13.243}],"weather_through":"2026-10-04","model_version":"pnw-pilot-t1-synthetic-1cbe08ab21a8"}},{"type":"Feature","id":"483_-1237","geometry":{"type":"Polygon","coordinates":[[[-123.75,48.25],[-123.65,48.25],[-123.65,48.35],[-123.75,48.35],[-123.75,48.25]]]},"properties":{"group":"cantharellus","week":"2026-10-05","chance":0.1313,"uncertainty_low":null,"uncertainty_high":null,"applicable":true,"drivers":[{"label":"Rain, total of the last 14 days (mm)","value":59.4},{"label":"Rain, total of the last 3 days (mm)","value":4.0},{"label":"Air temperature, mean of the last 7 days (°C)","value":12.586}],"weather_through":"2026-10-04","model_version":"pnw-pilot-t1-synthetic-1cbe08ab21a8"}},{"type":"Feature","id":"483_-1236","geometry":{"type":"Polygon","coordinates":[[[-123.65,48.25],[-123.55,48.25],[-123.55,48.35],[-123.65,48.35],[-123.65,48.25]]]},"properties":{"group":"cantharellus","week":"2026-10-05","chance":0.1313,"uncertainty_low":null,"uncertainty_high":null,"applicable":true,"drivers":[{"label":"Rain, total of the last 14 days (mm)","value":54.1},{"label":"Rain, total of the last 3 days (mm)","value":2.7},{"label":"Air temperature, mean of the last 7 days (°C)","value":12.671}],"weather_through":"2026-10-04","model_version":"pnw-pilot-t1-synthetic-1cbe08ab21a8"}},{"type":"Feature","id":"484_-1241","geometry":{"type":"Polygon","coordinates":[[[-124.15,48.35],[-124.05,48.35],[-124.05,48.45],[-124.15,48.45],[-124.15,48.35]]]},"properties":{"group":"cantharellus","week":"2026-10-05","chance":0.1313,"uncertainty_low":null,"uncertainty_high":null,"applicable":true,"drivers":[{"label":"Rain, total of the last 14 days (mm)","value":58.3},{"label":"Rain, total of the last 3 days (mm)","value":3.4},{"label":"Air temperature, mean of the last 7 days (°C)","value":12.343}],"weather_through":"2026-10-04","model_version":"pnw-pilot-t1-synthetic-1cbe08ab21a8"}},{"type":"Feature","id":"484_-1238","geometry":{"type":"Polygon","coordinates":[[[-123.85,48.35],[-123.75,48.35],[-123.75,48.45],[-123.85,48.45],[-123.85,48.35]]]},"properties":{"group":"cantharellus","week":"2026-10-05","chance":0.1313,"uncertainty_low":null,"uncertainty_high":null,"applicable":true,"drivers":[{"label":"Rain, total of the last 14 days (mm)","value":45.0},{"label":"Rain, total of the last 3 days (mm)","value":1.7},{"label":"Air temperature, mean of the last 7 days (°C)","value":12.786}],"weather_through":"2026-10-04","model_version":"pnw-pilot-t1-synthetic-1cbe08ab21a8"}},{"type":"Feature","id":"484_-1237","geometry":{"type":"Polygon","coordinates":[[[-123.75,48.35],[-123.65,48.35],[-123.65,48.45],[-123.75,48.45],[-123.75,48.35]]]},"properties":{"group":"cantharellus","week":"2026-10-05","chance":0.1313,"uncertainty_low":null,"uncertainty_high":null,"applicable":true,"drivers":[{"label":"Rain, total of the last 14 days (mm)","value":45.0},{"label":"Rain, total of the last 3 days (mm)","value":1.7},{"label":"Air temperature, mean of the last 7 days (°C)","value":12.829}],"weather_through":"2026-10-04","model_version":"pnw-pilot-t1-synthetic-1cbe08ab21a8"}},{"type":"Feature","id":"484_-1236","geometry":{"type":"Polygon","coordinates":[[[-123.65,48.35],[-123.55,48.35],[-123.55,48.45],[-123.65,48.45],[-123.65,48.35]]]},"properties":{"group":"cantharellus","week":"2026-10-05","chance":0.1313,"uncertainty_low":null,"uncertainty_high":null,"applicable":true,"drivers":[{"label":"Rain, total of the last 14 days (mm)","value":41.1},{"label":"Rain, total of the last 3 days (mm)","value":0.7},{"label":"Air temperature, mean of the last 7 days (°C)","value":12.914}],"weather_through":"2026-10-04","model_version":"pnw-pilot-t1-synthetic-1cbe08ab21a8"}},{"type":"Feature","id":"484_-1235","geometry":{"type":"Polygon","coordinates":[[[-123.55,48.35],[-123.45,48.35],[-123.45,48.45],[-123.55,48.45],[-123.55,48.35]]]},"properties":{"group":"cantharellus","week":"2026-10-05","chance":0.1313,"uncertainty_low":null,"uncertainty_high":null,"applicable":true,"drivers":[{"label":"Rain, total of the last 14 days (mm)","value":41.1},{"label":"Rain, total of the last 3 days (mm)","value":0.7},{"label":"Air temperature, mean of the last 7 days (°C)","value":12.929}],"weather_through":"2026-10-04","model_version":"pnw-pilot-t1-synthetic-1cbe08ab21a8"}},{"type":"Feature","id":"484_-1234","geometry":{"type":"Polygon","coordinates":[[[-123.45,48.35],[-123.35,48.35],[-123.35,48.45],[-123.45,48.45],[-123.45,48.35]]]},"properties":{"group":"cantharellus","week":"2026-10-05","chance":0.1313,"uncertainty_low":null,"uncertainty_high":null,"applicable":true,"drivers":[{"label":"Rain, total of the last 14 days (mm)","value":41.1},{"label":"Rain, total of the last 3 days (mm)","value":0.7},{"label":"Air temperature, mean of the last 7 days (°C)","value":12.943}],"weather_through":"2026-10-04","model_version":"pnw-pilot-t1-synthetic-1cbe08ab21a8"}},{"type":"Feature","id":"484_-1233","geometry":{"type":"Polygon","coordinates":[[[-123.35,48.35],[-123.25,48.35],[-123.25,48.45],[-123.35,48.45],[-123.35,48.35]]]},"properties":{"group":"cantharellus","week":"2026-10-05","chance":0.1313,"uncertainty_low":null,"uncertainty_high":null,"applicable":true,"drivers":[{"label":"Rain, total of the last 14 days (mm)","value":53.7},{"label":"Rain, total of the last 3 days (mm)","value":1.0},{"label":"Air temperature, mean of the last 7 days (°C)","value":12.429}],"weather_through":"2026-10-04","model_version":"pnw-pilot-t1-synthetic-1cbe08ab21a8"}},{"type":"Feature","id":"484_-1227","geometry":{"type":"Polygon","coordinates":[[[-122.75,48.35],[-122.65,48.35],[-122.65,48.45],[-122.75,48.45],[-122.75,48.35]]]},"properties":{"group":"cantharellus","week":"2026-10-05","chance":0.1313,"uncertainty_low":null,"uncertainty_high":null,"applicable":true,"drivers":[{"label":"Rain, total of the last 14 days (mm)","value":60.7},{"label":"Rain, total of the last 3 days (mm)","value":0.5},{"label":"Air temperature, mean of the last 7 days (°C)","value":12.6}],"weather_through":"2026-10-04","model_version":"pnw-pilot-t1-synthetic-1cbe08ab21a8"}},{"type":"Feature","id":"484_-1226","geometry":{"type":"Polygon","coordinates":[[[-122.65,48.35],[-122.55,48.35],[-122.55,48.45],[-122.65,48.45],[-122.65,48.35]]]},"properties":{"group":"cantharellus","week":"2026-10-05","chance":0.1313,"uncertainty_low":null,"uncertainty_high":null,"applicable":true,"drivers":[{"label":"Rain, total of the last 14 days (mm)","value":58.3},{"label":"Rain, total of the last 3 days (mm)","value":0.3},{"label":"Air temperature, mean of the last 7 days (°C)","value":12.914}],"weather_through":"2026-10-04","model_version":"pnw-pilot-t1-synthetic-1cbe08ab21a8"}},{"type":"Feature","id":"485_-1236","geometry":{"type":"Polygon","coordinates":[[[-123.65,48.45],[-123.55,48.45],[-123.55,48.55],[-123.65,48.55],[-123.65,48.45]]]},"properties":{"group":"cantharellus","week":"2026-10-05","chance":0.1313,"uncertainty_low":null,"uncertainty_high":null,"applicable":true,"drivers":[{"label":"Rain, total of the last 14 days (mm)","value":41.1},{"label":"Rain, total of the last 3 days (mm)","value":0.7},{"label":"Air temperature, mean of the last 7 days (°C)","value":12.714}],"weather_through":"2026-10-04","model_version":"pnw-pilot-t1-synthetic-1cbe08ab21a8"}},{"type":"Feature","id":"485_-1235","geometry":{"type":"Polygon","coordinates":[[[-123.55,48.45],[-123.45,48.45],[-123.45,48.55],[-123.55,48.55],[-123.55,48.45]]]},"properties":{"group":"cantharellus","week":"2026-10-05","chance":0.1313,"uncertainty_low":null,"uncertainty_high":null,"applicable":true,"drivers":[{"label":"Rain, total of the last 14 days (mm)","value":41.1},{"label":"Rain, total of the last 3 days (mm)","value":0.7},{"label":"Air temperature, mean of the last 7 days (°C)","value":12.914}],"weather_through":"2026-10-04","model_version":"pnw-pilot-t1-synthetic-1cbe08ab21a8"}},{"type":"Feature","id":"485_-1234","geometry":{"type":"Polygon","coordinates":[[[-123.45,48.45],[-123.35,48.45],[-123.35,48.55],[-123.45,48.55],[-123.45,48.45]]]},"properties":{"group":"cantharellus","week":"2026-10-05","chance":0.1313,"uncertainty_low":null,"uncertainty_high":null,"applicable":true,"drivers":[{"label":"Rain, total of the last 14 days (mm)","value":41.1},{"label":"Rain, total of the last 3 days (mm)","value":0.7},{"label":"Air temperature, mean of the last 7 days (°C)","value":12.929}],"weather_through":"2026-10-04","model_version":"pnw-pilot-t1-synthetic-1cbe08ab21a8"}},{"type":"Feature","id":"485_-1233","geometry":{"type":"Polygon","coordinates":[[[-123.35,48.45],[-123.25,48.45],[-123.25,48.55],[-123.35,48.55],[-123.35,48.45]]]},"properties":{"group":"cantharellus","week":"2026-10-05","chance":0.1313,"uncertainty_low":null,"uncertainty_high":null,"applicable":true,"drivers":[{"label":"Rain, total of the last 14 days (mm)","value":53.7},{"label":"Rain, total of the last 3 days (mm)","value":1.0},{"label":"Air temperature, mean of the last 7 days (°C)","value":12.429}],"weather_through":"2026-10-04","model_version":"pnw-pilot-t1-synthetic-1cbe08ab21a8"}},{"type":"Feature","id":"485_-1230","geometry":{"type":"Polygon","coordinates":[[[-123.05,48.45],[-122.95,48.45],[-122.95,48.55],[-123.05,48.55],[-123.05,48.45]]]},"properties":{"group":"cantharellus","week":"2026-10-05","chance":0.1313,"uncertainty_low":null,"uncertainty_high":null,"applicable":true,"drivers":[{"label":"Rain, total of the last 14 days (mm)","value":59.3},{"label":"Rain, total of the last 3 days (mm)","value":0.8},{"label":"Air temperature, mean of the last 7 days (°C)","value":12.4}],"weather_through":"2026-10-04","model_version":"pnw-pilot-t1-synthetic-1cbe08ab21a8"}},{"type":"Feature","id":"485_-1227","geometry":{"type":"Polygon","coordinates":[[[-122.75,48.45],[-122.65,48.45],[-122.65,48.55],[-122.75,48.55],[-122.75,48.45]]]},"properties":{"group":"cantharellus","week":"2026-10-05","chance":0.1313,"uncertainty_low":null,"uncertainty_high":null,"applicable":true,"drivers":[{"label":"Rain, total of the last 14 days (mm)","value":60.7},{"label":"Rain, total of the last 3 days (mm)","value":0.5},{"label":"Air temperature, mean of the last 7 days (°C)","value":12.6}],"weather_through":"2026-10-04","model_version":"pnw-pilot-t1-synthetic-1cbe08ab21a8"}},{"type":"Feature","id":"485_-1226","geometry":{"type":"Polygon","coordinates":[[[-122.65,48.45],[-122.55,48.45],[-122.55,48.55],[-122.65,48.55],[-122.65,48.45]]]},"properties":{"group":"cantharellus","week":"2026-10-05","chance":0.1313,"uncertainty_low":null,"uncertainty_high":null,"applicable":true,"drivers":[{"label":"Rain, total of the last 14 days (mm)","value":58.3},{"label":"Rain, total of the last 3 days (mm)","value":0.3},{"label":"Air temperature, mean of the last 7 days (°C)","value":13.114}],"weather_through":"2026-10-04","model_version":"pnw-pilot-t1-synthetic-1cbe08ab21a8"}},{"type":"Feature","id":"486_-1237","geometry":{"type":"Polygon","coordinates":[[[-123.75,48.55],[-123.65,48.55],[-123.65,48.65],[-123.75,48.65],[-123.75,48.55]]]},"properties":{"group":"cantharellus","week":"2026-10-05","chance":0.1313,"uncertainty_low":null,"uncertainty_high":null,"applicable":true,"drivers":[{"label":"Rain, total of the last 14 days (mm)","value":45.0},{"label":"Rain, total of the last 3 days (mm)","value":1.7},{"label":"Air temperature, mean of the last 7 days (°C)","value":12.643}],"weather_through":"2026-10-04","model_version":"pnw-pilot-t1-synthetic-1cbe08ab21a8"}},{"type":"Feature","id":"486_-1235","geometry":{"type":"Polygon","coordinates":[[[-123.55,48.55],[-123.45,48.55],[-123.45,48.65],[-123.55,48.65],[-123.55,48.55]]]},"properties":{"group":"cantharellus","week":"2026-10-05","chance":0.1313,"uncertainty_low":null,"uncertainty_high":null,"applicable":true,"drivers":[{"label":"Rain, total of the last 14 days (mm)","value":41.1},{"label":"Rain, total of the last 3 days (mm)","value":0.7},{"label":"Air temperature, mean of the last 7 days (°C)","value":13.086}],"weather_through":"2026-10-04","model_version":"pnw-pilot-t1-synthetic-1cbe08ab21a8"}},{"type":"Feature","id":"486_-1234","geometry":{"type":"Polygon","coordinates":[[[-123.45,48.55],[-123.35,48.55],[-123.35,48.65],[-123.45,48.65],[-123.45,48.55]]]},"properties":{"group":"cantharellus","week":"2026-10-05","chance":0.1313,"uncertainty_low":null,"uncertainty_high":null,"applicable":true,"drivers":[{"label":"Rain, total of the last 14 days (mm)","value":41.1},{"label":"Rain, total of the last 3 days (mm)","value":0.7},{"label":"Air temperature, mean of the last 7 days (°C)","value":13.086}],"weather_through":"2026-10-04","model_version":"pnw-pilot-t1-synthetic-1cbe08ab21a8"}},{"type":"Feature","id":"486_-1231","geometry":{"type":"Polygon","coordinates":[[[-123.15,48.55],[-123.05,48.55],[-123.05,48.65],[-123.15,48.65],[-123.15,48.55]]]},"properties":{"group":"cantharellus","week":"2026-10-05","chance":0.1313,"uncertainty_low":null,"uncertainty_high":null,"applicable":true,"drivers":[{"label":"Rain, total of the last 14 days (mm)","value":59.3},{"label":"Rain, total of the last 3 days (mm)","value":0.8},{"label":"Air temperature, mean of the last 7 days (°C)","value":12.4}],"weather_through":"2026-10-04","model_version":"pnw-pilot-t1-synthetic-1cbe08ab21a8"}},{"type":"Feature","id":"486_-1224","geometry":{"type":"Polygon","coordinates":[[[-122.45,48.55],[-122.35,48.55],[-122.35,48.65],[-122.45,48.65],[-122.45,48.55]]]},"properties":{"group":"cantharellus","week":"2026-10-05","chance":0.1313,"uncertainty_low":null,"uncertainty_high":null,"applicable":true,"drivers":[{"label":"Rain, total of the last 14 days (mm)","value":58.3},{"label":"Rain, total of the last 3 days (mm)","value":0.3},{"label":"Air temperature, mean of the last 7 days (°C)","value":13.243}],"weather_through":"2026-10-04","model_version":"pnw-pilot-t1-synthetic-1cbe08ab21a8"}},{"type":"Feature","id":"487_-1237","geometry":{"type":"Polygon","coordinates":[[[-123.75,48.65],[-123.65,48.65],[-123.65,48.75],[-123.75,48.75],[-123.75,48.65]]]},"properties":{"group":"cantharellus","week":"2026-10-05","chance":0.1313,"uncertainty_low":null,"uncertainty_high":null,"applicable":true,"drivers":[{"label":"Rain, total of the last 14 days (mm)","value":47.0},{"label":"Rain, total of the last 3 days (mm)","value":4.4},{"label":"Air temperature, mean of the last 7 days (°C)","value":13.071}],"weather_through":"2026-10-04","model_version":"pnw-pilot-t1-synthetic-1cbe08ab21a8"}},{"type":"Feature","id":"487_-1234","geometry":{"type":"Polygon","coordinates":[[[-123.45,48.65],[-123.35,48.65],[-123.35,48.75],[-123.45,48.75],[-123.45,48.65]]]},"properties":{"group":"cantharellus","week":"2026-10-05","chance":0.1313,"uncertainty_low":null,"uncertainty_high":null,"applicable":true,"drivers":[{"label":"Rain, total of the last 14 days (mm)","value":46.7},{"label":"Rain, total of the last 3 days (mm)","value":3.8},{"label":"Air temperature, mean of the last 7 days (°C)","value":13.171}],"weather_through":"2026-10-04","model_version":"pnw-pilot-t1-synthetic-1cbe08ab21a8"}},{"type":"Feature","id":"487_-1225","geometry":{"type":"Polygon","coordinates":[[[-122.55,48.65],[-122.45,48.65],[-122.45,48.75],[-122.55,48.75],[-122.55,48.65]]]},"properties":{"group":"cantharellus","week":"2026-10-05","chance":0.1313,"uncertainty_low":null,"uncertainty_high":null,"applicable":true,"drivers":[{"label":"Rain, total of the last 14 days (mm)","value":80.5},{"label":"Rain, total of the last 3 days (mm)","value":3.5},{"label":"Air temperature, mean of the last 7 days (°C)","value":13.3}],"weather_through":"2026-10-04","model_version":"pnw-pilot-t1-synthetic-1cbe08ab21a8"}},{"type":"Feature","id":"487_-1224","geometry":{"type":"Polygon","coordinates":[[[-122.45,48.65],[-122.35,48.65],[-122.35,48.75],[-122.45,48.75],[-122.45,48.65]]]},"properties":{"group":"cantharellus","week":"2026-10-05","chance":0.1313,"uncertainty_low":null,"uncertainty_high":null,"applicable":true,"drivers":[{"label":"Rain, total of the last 14 days (mm)","value":80.5},{"label":"Rain, total of the last 3 days (mm)","value":3.5},{"label":"Air temperature, mean of the last 7 days (°C)","value":13.157}],"weather_through":"2026-10-04","model_version":"pnw-pilot-t1-synthetic-1cbe08ab21a8"}},{"type":"Feature","id":"487_-1223","geometry":{"type":"Polygon","coordinates":[[[-122.35,48.65],[-122.25,48.65],[-122.25,48.75],[-122.35,48.75],[-122.35,48.65]]]},"properties":{"group":"cantharellus","week":"2026-10-05","chance":0.1313,"uncertainty_low":null,"uncertainty_high":null,"applicable":true,"drivers":[{"label":"Rain, total of the last 14 days (mm)","value":92.1},{"label":"Rain, total of the last 3 days (mm)","value":3.7},{"label":"Air temperature, mean of the last 7 days (°C)","value":12.529}],"weather_through":"2026-10-04","model_version":"pnw-pilot-t1-synthetic-1cbe08ab21a8"}},{"type":"Feature","id":"488_-1241","geometry":{"type":"Polygon","coordinates":[[[-124.15,48.75],[-124.05,48.75],[-124.05,48.85],[-124.15,48.85],[-124.15,48.75]]]},"properties":{"group":"cantharellus","week":"2026-10-05","chance":0.1313,"uncertainty_low":null,"uncertainty_high":null,"applicable":true,"drivers":[{"label":"Rain, total of the last 14 days (mm)","value":52.9},{"label":"Rain, total of the last 3 days (mm)","value":5.0},{"label":"Air temperature, mean of the last 7 days (°C)","value":11.414}],"weather_through":"2026-10-04","model_version":"pnw-pilot-t1-synthetic-1cbe08ab21a8"}},{"type":"Feature","id":"488_-1236","geometry":{"type":"Polygon","coordinates":[[[-123.65,48.75],[-123.55,48.75],[-123.55,48.85],[-123.65,48.85],[-123.65,48.75]]]},"properties":{"group":"cantharellus","week":"2026-10-05","chance":0.1313,"uncertainty_low":null,"uncertainty_high":null,"applicable":true,"drivers":[{"label":"Rain, total of the last 14 days (mm)","value":46.7},{"label":"Rain, total of the last 3 days (mm)","value":3.8},{"label":"Air temperature, mean of the last 7 days (°C)","value":13.529}],"weather_through":"2026-10-04","model_version":"pnw-pilot-t1-synthetic-1cbe08ab21a8"}},{"type":"Feature","id":"488_-1235","geometry":{"type":"Polygon","coordinates":[[[-123.55,48.75],[-123.45,48.75],[-123.45,48.85],[-123.55,48.85],[-123.55,48.75]]]},"properties":{"group":"cantharellus","week":"2026-10-05","chance":0.1313,"uncertainty_low":null,"uncertainty_high":null,"applicable":true,"drivers":[{"label":"Rain, total of the last 14 days (mm)","value":46.7},{"label":"Rain, total of the last 3 days (mm)","value":3.8},{"label":"Air temperature, mean of the last 7 days (°C)","value":13.571}],"weather_through":"2026-10-04","model_version":"pnw-pilot-t1-synthetic-1cbe08ab21a8"}},{"type":"Feature","id":"488_-1234","geometry":{"type":"Polygon","coordinates":[[[-123.45,48.75],[-123.35,48.75],[-123.35,48.85],[-123.45,48.85],[-123.45,48.75]]]},"properties":{"group":"cantharellus","week":"2026-10-05","chance":0.1313,"uncertainty_low":null,"uncertainty_high":null,"applicable":true,"drivers":[{"label":"Rain, total of the last 14 days (mm)","value":46.7},{"label":"Rain, total of the last 3 days (mm)","value":3.8},{"label":"Air temperature, mean of the last 7 days (°C)","value":13.171}],"weather_through":"2026-10-04","model_version":"pnw-pilot-t1-synthetic-1cbe08ab21a8"}},{"type":"Feature","id":"488_-1233","geometry":{"type":"Polygon","coordinates":[[[-123.35,48.75],[-123.25,48.75],[-123.25,48.85],[-123.35,48.85],[-123.35,48.75]]]},"properties":{"group":"cantharellus","week":"2026-10-05","chance":0.1313,"uncertainty_low":null,"uncertainty_high":null,"applicable":true,"drivers":[{"label":"Rain, total of the last 14 days (mm)","value":57.2},{"label":"Rain, total of the last 3 days (mm)","value":2.5},{"label":"Air temperature, mean of the last 7 days (°C)","value":13.029}],"weather_through":"2026-10-04","model_version":"pnw-pilot-t1-synthetic-1cbe08ab21a8"}},{"type":"Feature","id":"488_-1225","geometry":{"type":"Polygon","coordinates":[[[-122.55,48.75],[-122.45,48.75],[-122.45,48.85],[-122.55,48.85],[-122.55,48.75]]]},"properties":{"group":"cantharellus","week":"2026-10-05","chance":0.1313,"uncertainty_low":null,"uncertainty_high":null,"applicable":true,"drivers":[{"label":"Rain, total of the last 14 days (mm)","value":80.5},{"label":"Rain, total of the last 3 days (mm)","value":3.5},{"label":"Air temperature, mean of the last 7 days (°C)","value":13.214}],"weather_through":"2026-10-04","model_version":"pnw-pilot-t1-synthetic-1cbe08ab21a8"}},{"type":"Feature","id":"488_-1224","geometry":{"type":"Polygon","coordinates":[[[-122.45,48.75],[-122.35,48.75],[-122.35,48.85],[-122.45,48.85],[-122.45,48.75]]]},"properties":{"group":"cantharellus","week":"2026-10-05","chance":0.1313,"uncertainty_low":null,"uncertainty_high":null,"applicable":true,"drivers":[{"label":"Rain, total of the last 14 days (mm)","value":80.5},{"label":"Rain, total of the last 3 days (mm)","value":3.5},{"label":"Air temperature, mean of the last 7 days (°C)","value":13.143}],"weather_through":"2026-10-04","model_version":"pnw-pilot-t1-synthetic-1cbe08ab21a8"}},{"type":"Feature","id":"488_-1223","geometry":{"type":"Polygon","coordinates":[[[-122.35,48.75],[-122.25,48.75],[-122.25,48.85],[-122.35,48.85],[-122.35,48.75]]]},"properties":{"group":"cantharellus","week":"2026-10-05","chance":0.1313,"uncertainty_low":null,"uncertainty_high":null,"applicable":true,"drivers":[{"label":"Rain, total of the last 14 days (mm)","value":92.1},{"label":"Rain, total of the last 3 days (mm)","value":3.7},{"label":"Air temperature, mean of the last 7 days (°C)","value":12.743}],"weather_through":"2026-10-04","model_version":"pnw-pilot-t1-synthetic-1cbe08ab21a8"}},{"type":"Feature","id":"489_-1236","geometry":{"type":"Polygon","coordinates":[[[-123.65,48.85],[-123.55,48.85],[-123.55,48.95],[-123.65,48.95],[-123.65,48.85]]]},"properties":{"group":"cantharellus","week":"2026-10-05","chance":0.1313,"uncertainty_low":null,"uncertainty_high":null,"applicable":true,"drivers":[{"label":"Rain, total of the last 14 days (mm)","value":54.5},{"label":"Rain, total of the last 3 days (mm)","value":4.4},{"label":"Air temperature, mean of the last 7 days (°C)","value":13.971}],"weather_through":"2026-10-04","model_version":"pnw-pilot-t1-synthetic-1cbe08ab21a8"}},{"type":"Feature","id":"489_-1235","geometry":{"type":"Polygon","coordinates":[[[-123.55,48.85],[-123.45,48.85],[-123.45,48.95],[-123.55,48.95],[-123.55,48.85]]]},"properties":{"group":"cantharellus","week":"2026-10-05","chance":0.1313,"uncertainty_low":null,"uncertainty_high":null,"applicable":true,"drivers":[{"label":"Rain, total of the last 14 days (mm)","value":54.5},{"label":"Rain, total of the last 3 days (mm)","value":4.4},{"label":"Air temperature, mean of the last 7 days (°C)","value":13.971}],"weather_through":"2026-10-04","model_version":"pnw-pilot-t1-synthetic-1cbe08ab21a8"}},{"type":"Feature","id":"489_-1234","geometry":{"type":"Polygon","coordinates":[[[-123.45,48.85],[-123.35,48.85],[-123.35,48.95],[-123.45,48.95],[-123.45,48.85]]]},"properties":{"group":"cantharellus","week":"2026-10-05","chance":0.1313,"uncertainty_low":null,"uncertainty_high":null,"applicable":true,"drivers":[{"label":"Rain, total of the last 14 days (mm)","value":54.5},{"label":"Rain, total of the last 3 days (mm)","value":4.4},{"label":"Air temperature, mean of the last 7 days (°C)","value":13.971}],"weather_through":"2026-10-04","model_version":"pnw-pilot-t1-synthetic-1cbe08ab21a8"}},{"type":"Feature","id":"489_-1233","geometry":{"type":"Polygon","coordinates":[[[-123.35,48.85],[-123.25,48.85],[-123.25,48.95],[-123.35,48.95],[-123.35,48.85]]]},"properties":{"group":"cantharellus","week":"2026-10-05","chance":0.1313,"uncertainty_low":null,"uncertainty_high":null,"applicable":true,"drivers":[{"label":"Rain, total of the last 14 days (mm)","value":65.7},{"label":"Rain, total of the last 3 days (mm)","value":5.2},{"label":"Air temperature, mean of the last 7 days (°C)","value":14.157}],"weather_through":"2026-10-04","model_version":"pnw-pilot-t1-synthetic-1cbe08ab21a8"}},{"type":"Feature","id":"489_-1219","geometry":{"type":"Polygon","coordinates":[[[-121.95,48.85],[-121.85,48.85],[-121.85,48.95],[-121.95,48.95],[-121.95,48.85]]]},"properties":{"group":"cantharellus","week":"2026-10-05","chance":0.1313,"uncertainty_low":null,"uncertainty_high":null,"applicable":true,"drivers":[{"label":"Rain, total of the last 14 days (mm)","value":94.6},{"label":"Rain, total of the last 3 days (mm)","value":5.0},{"label":"Air temperature, mean of the last 7 days (°C)","value":8.657}],"weather_through":"2026-10-04","model_version":"pnw-pilot-t1-synthetic-1cbe08ab21a8"}},{"type":"Feature","id":"489_-1217","geometry":{"type":"Polygon","coordinates":[[[-121.75,48.85],[-121.65,48.85],[-121.65,48.95],[-121.75,48.95],[-121.75,48.85]]]},"properties":{"group":"cantharellus","week":"2026-10-05","chance":0.1313,"uncertainty_low":null,"uncertainty_high":null,"applicable":true,"drivers":[{"label":"Rain, total of the last 14 days (mm)","value":95.0},{"label":"Rain, total of the last 3 days (mm)","value":5.5},{"label":"Air temperature, mean of the last 7 days (°C)","value":8.514}],"weather_through":"2026-10-04","model_version":"pnw-pilot-t1-synthetic-1cbe08ab21a8"}},{"type":"Feature","id":"490_-1238","geometry":{"type":"Polygon","coordinates":[[[-123.85,48.95],[-123.75,48.95],[-123.75,49.05],[-123.85,49.05],[-123.85,48.95]]]},"properties":{"group":"cantharellus","week":"2026-10-05","chance":0.1313,"uncertainty_low":null,"uncertainty_high":null,"applicable":true,"drivers":[{"label":"Rain, total of the last 14 days (mm)","value":39.7},{"label":"Rain, total of the last 3 days (mm)","value":2.1},{"label":"Air temperature, mean of the last 7 days (°C)","value":12.486}],"weather_through":"2026-10-04","model_version":"pnw-pilot-t1-synthetic-1cbe08ab21a8"}},{"type":"Feature","id":"490_-1236","geometry":{"type":"Polygon","coordinates":[[[-123.65,48.95],[-123.55,48.95],[-123.55,49.05],[-123.65,49.05],[-123.65,48.95]]]},"properties":{"group":"cantharellus","week":"2026-10-05","chance":0.1313,"uncertainty_low":null,"uncertainty_high":null,"applicable":true,"drivers":[{"label":"Rain, total of the last 14 days (mm)","value":54.5},{"label":"Rain, total of the last 3 days (mm)","value":4.4},{"label":"Air temperature, mean of the last 7 days (°C)","value":13.971}],"weather_through":"2026-10-04","model_version":"pnw-pilot-t1-synthetic-1cbe08ab21a8"}},{"type":"Feature","id":"490_-1231","geometry":{"type":"Polygon","coordinates":[[[-123.15,48.95],[-123.05,48.95],[-123.05,49.05],[-123.15,49.05],[-123.15,48.95]]]},"properties":{"group":"cantharellus","week":"2026-10-05","chance":0.1313,"uncertainty_low":null,"uncertainty_high":null,"applicable":true,"drivers":[{"label":"Rain, total of the last 14 days (mm)","value":69.2},{"label":"Rain, total of the last 3 days (mm)","value":3.4},{"label":"Air temperature, mean of the last 7 days (°C)","value":13.357}],"weather_through":"2026-10-04","model_version":"pnw-pilot-t1-synthetic-1cbe08ab21a8"}},{"type":"Feature","id":"490_-1228","geometry":{"type":"Polygon","coordinates":[[[-122.85,48.95],[-122.75,48.95],[-122.75,49.05],[-122.85,49.05],[-122.85,48.95]]]},"properties":{"group":"cantharellus","week":"2026-10-05","chance":0.1313,"uncertainty_low":null,"uncertainty_high":null,"applicable":true,"drivers":[{"label":"Rain, total of the last 14 days (mm)","value":74.8},{"label":"Rain, total of the last 3 days (mm)","value":2.8},{"label":"Air temperature, mean of the last 7 days (°C)","value":13.314}],"weather_through":"2026-10-04","model_version":"pnw-pilot-t1-synthetic-1cbe08ab21a8"}},{"type":"Feature","id":"490_-1227","geometry":{"type":"Polygon","coordinates":[[[-122.75,48.95],[-122.65,48.95],[-122.65,49.05],[-122.75,49.05],[-122.75,48.95]]]},"properties":{"group":"cantharellus","week":"2026-10-05","chance":0.1313,"uncertainty_low":null,"uncertainty_high":null,"applicable":true,"drivers":[{"label":"Rain, total of the last 14 days (mm)","value":74.8},{"label":"Rain, total of the last 3 days (mm)","value":2.8},{"label":"Air temperature, mean of the last 7 days (°C)","value":13.371}],"weather_through":"2026-10-04","model_version":"pnw-pilot-t1-synthetic-1cbe08ab21a8"}},{"type":"Feature","id":"490_-1226","geometry":{"type":"Polygon","coordinates":[[[-122.65,48.95],[-122.55,48.95],[-122.55,49.05],[-122.65,49.05],[-122.65,48.95]]]},"properties":{"group":"cantharellus","week":"2026-10-05","chance":0.1313,"uncertainty_low":null,"uncertainty_high":null,"applicable":true,"drivers":[{"label":"Rain, total of the last 14 days (mm)","value":77.9},{"label":"Rain, total of the last 3 days (mm)","value":2.6},{"label":"Air temperature, mean of the last 7 days (°C)","value":13.414}],"weather_through":"2026-10-04","model_version":"pnw-pilot-t1-synthetic-1cbe08ab21a8"}},{"type":"Feature","id":"490_-1225","geometry":{"type":"Polygon","coordinates":[[[-122.55,48.95],[-122.45,48.95],[-122.45,49.05],[-122.55,49.05],[-122.55,48.95]]]},"properties":{"group":"cantharellus","week":"2026-10-05","chance":0.1313,"uncertainty_low":null,"uncertainty_high":null,"applicable":true,"drivers":[{"label":"Rain, total of the last 14 days (mm)","value":77.9},{"label":"Rain, total of the last 3 days (mm)","value":2.6},{"label":"Air temperature, mean of the last 7 days (°C)","value":13.429}],"weather_through":"2026-10-04","model_version":"pnw-pilot-t1-synthetic-1cbe08ab21a8"}},{"type":"Feature","id":"491_-1240","geometry":{"type":"Polygon","coordinates":[[[-124.05,49.05],[-123.95,49.05],[-123.95,49.15],[-124.05,49.15],[-124.05,49.05]]]},"properties":{"group":"cantharellus","week":"2026-10-05","chance":0.1313,"uncertainty_low":null,"uncertainty_high":null,"applicable":true,"drivers":[{"label":"Rain, total of the last 14 days (mm)","value":46.4},{"label":"Rain, total of the last 3 days (mm)","value":3.8},{"label":"Air temperature, mean of the last 7 days (°C)","value":12.014}],"weather_through":"2026-10-04","model_version":"pnw-pilot-t1-synthetic-1cbe08ab21a8"}},{"type":"Feature","id":"491_-1239","geometry":{"type":"Polygon","coordinates":[[[-123.95,49.05],[-123.85,49.05],[-123.85,49.15],[-123.95,49.15],[-123.95,49.05]]]},"properties":{"group":"cantharellus","week":"2026-10-05","chance":0.1313,"uncertainty_low":null,"uncertainty_high":null,"applicable":true,"drivers":[{"label":"Rain, total of the last 14 days (mm)","value":46.4},{"label":"Rain, total of the last 3 days (mm)","value":3.8},{"label":"Air temperature, mean of the last 7 days (°C)","value":12.829}],"weather_through":"2026-10-04","model_version":"pnw-pilot-t1-synthetic-1cbe08ab21a8"}},{"type":"Feature","id":"491_-1238","geometry":{"type":"Polygon","coordinates":[[[-123.85,49.05],[-123.75,49.05],[-123.75,49.15],[-123.85,49.15],[-123.85,49.05]]]},"properties":{"group":"cantharellus","week":"2026-10-05","chance":0.1313,"uncertainty_low":null,"uncertainty_high":null,"applicable":true,"drivers":[{"label":"Rain, total of the last 14 days (mm)","value":39.7},{"label":"Rain, total of the last 3 days (mm)","value":2.1},{"label":"Air temperature, mean of the last 7 days (°C)","value":13.629}],"weather_through":"2026-10-04","model_version":"pnw-pilot-t1-synthetic-1cbe08ab21a8"}},{"type":"Feature","id":"491_-1237","geometry":{"type":"Polygon","coordinates":[[[-123.75,49.05],[-123.65,49.05],[-123.65,49.15],[-123.75,49.15],[-123.75,49.05]]]},"properties":{"group":"cantharellus","week":"2026-10-05","chance":0.1313,"uncertainty_low":null,"uncertainty_high":null,"applicable":true,"drivers":[{"label":"Rain, total of the last 14 days (mm)","value":39.7},{"label":"Rain, total of the last 3 days (mm)","value":2.1},{"label":"Air temperature, mean of the last 7 days (°C)","value":13.186}],"weather_through":"2026-10-04","model_version":"pnw-pilot-t1-synthetic-1cbe08ab21a8"}},{"type":"Feature","id":"491_-1232","geometry":{"type":"Polygon","coordinates":[[[-123.25,49.05],[-123.15,49.05],[-123.15,49.15],[-123.25,49.15],[-123.25,49.05]]]},"properties":{"group":"cantharellus","week":"2026-10-05","chance":0.1313,"uncertainty_low":null,"uncertainty_high":null,"applicable":true,"drivers":[{"label":"Rain, total of the last 14 days (mm)","value":65.7},{"label":"Rain, total of the last 3 days (mm)","value":5.2},{"label":"Air temperature, mean of the last 7 days (°C)","value":14.157}],"weather_through":"2026-10-04","model_version":"pnw-pilot-t1-synthetic-1cbe08ab21a8"}},{"type":"Feature","id":"491_-1229","geometry":{"type":"Polygon","coordinates":[[[-122.95,49.05],[-122.85,49.05],[-122.85,49.15],[-122.95,49.15],[-122.95,49.05]]]},"properties":{"group":"cantharellus","week":"2026-10-05","chance":0.1313,"uncertainty_low":null,"uncertainty_high":null,"applicable":true,"drivers":[{"label":"Rain, total of the last 14 days (mm)","value":69.2},{"label":"Rain, total of the last 3 days (mm)","value":3.4},{"label":"Air temperature, mean of the last 7 days (°C)","value":13.286}],"weather_through":"2026-10-04","model_version":"pnw-pilot-t1-synthetic-1cbe08ab21a8"}},{"type":"Feature","id":"491_-1228","geometry":{"type":"Polygon","coordinates":[[[-122.85,49.05],[-122.75,49.05],[-122.75,49.15],[-122.85,49.15],[-122.85,49.05]]]},"properties":{"group":"cantharellus","week":"2026-10-05","chance":0.1313,"uncertainty_low":null,"uncertainty_high":null,"applicable":true,"drivers":[{"label":"Rain, total of the last 14 days (mm)","value":74.8},{"label":"Rain, total of the last 3 days (mm)","value":2.8},{"label":"Air temperature, mean of the last 7 days (°C)","value":13.329}],"weather_through":"2026-10-04","model_version":"pnw-pilot-t1-synthetic-1cbe08ab21a8"}},{"type":"Feature","id":"491_-1226","geometry":{"type":"Polygon","coordinates":[[[-122.65,49.05],[-122.55,49.05],[-122.55,49.15],[-122.65,49.15],[-122.65,49.05]]]},"properties":{"group":"cantharellus","week":"2026-10-05","chance":0.1313,"uncertainty_low":null,"uncertainty_high":null,"applicable":true,"drivers":[{"label":"Rain, total of the last 14 days (mm)","value":77.9},{"label":"Rain, total of the last 3 days (mm)","value":2.6},{"label":"Air temperature, mean of the last 7 days (°C)","value":13.5}],"weather_through":"2026-10-04","model_version":"pnw-pilot-t1-synthetic-1cbe08ab21a8"}},{"type":"Feature","id":"491_-1224","geometry":{"type":"Polygon","coordinates":[[[-122.45,49.05],[-122.35,49.05],[-122.35,49.15],[-122.45,49.15],[-122.45,49.05]]]},"properties":{"group":"cantharellus","week":"2026-10-05","chance":0.1313,"uncertainty_low":null,"uncertainty_high":null,"applicable":true,"drivers":[{"label":"Rain, total of the last 14 days (mm)","value":77.9},{"label":"Rain, total of the last 3 days (mm)","value":2.6},{"label":"Air temperature, mean of the last 7 days (°C)","value":13.543}],"weather_through":"2026-10-04","model_version":"pnw-pilot-t1-synthetic-1cbe08ab21a8"}},{"type":"Feature","id":"491_-1223","geometry":{"type":"Polygon","coordinates":[[[-122.35,49.05],[-122.25,49.05],[-122.25,49.15],[-122.35,49.15],[-122.35,49.05]]]},"properties":{"group":"cantharellus","week":"2026-10-05","chance":0.1313,"uncertainty_low":null,"uncertainty_high":null,"applicable":true,"drivers":[{"label":"Rain, total of the last 14 days (mm)","value":85.5},{"label":"Rain, total of the last 3 days (mm)","value":3.8},{"label":"Air temperature, mean of the last 7 days (°C)","value":13.129}],"weather_through":"2026-10-04","model_version":"pnw-pilot-t1-synthetic-1cbe08ab21a8"}},{"type":"Feature","id":"491_-1222","geometry":{"type":"Polygon","coordinates":[[[-122.25,49.05],[-122.15,49.05],[-122.15,49.15],[-122.25,49.15],[-122.25,49.05]]]},"properties":{"group":"cantharellus","week":"2026-10-05","chance":0.1313,"uncertainty_low":null,"uncertainty_high":null,"applicable":true,"drivers":[{"label":"Rain, total of the last 14 days (mm)","value":85.5},{"label":"Rain, total of the last 3 days (mm)","value":3.8},{"label":"Air temperature, mean of the last 7 days (°C)","value":12.9}],"weather_through":"2026-10-04","model_version":"pnw-pilot-t1-synthetic-1cbe08ab21a8"}},{"type":"Feature","id":"491_-1220","geometry":{"type":"Polygon","coordinates":[[[-122.05,49.05],[-121.95,49.05],[-121.95,49.15],[-122.05,49.15],[-122.05,49.05]]]},"properties":{"group":"cantharellus","week":"2026-10-05","chance":0.1313,"uncertainty_low":null,"uncertainty_high":null,"applicable":true,"drivers":[{"label":"Rain, total of the last 14 days (mm)","value":94.6},{"label":"Rain, total of the last 3 days (mm)","value":5.0},{"label":"Air temperature, mean of the last 7 days (°C)","value":12.371}],"weather_through":"2026-10-04","model_version":"pnw-pilot-t1-synthetic-1cbe08ab21a8"}},{"type":"Feature","id":"491_-1219","geometry":{"type":"Polygon","coordinates":[[[-121.95,49.05],[-121.85,49.05],[-121.85,49.15],[-121.95,49.15],[-121.95,49.05]]]},"properties":{"group":"cantharellus","week":"2026-10-05","chance":0.1313,"uncertainty_low":null,"uncertainty_high":null,"applicable":true,"drivers":[{"label":"Rain, total of the last 14 days (mm)","value":94.6},{"label":"Rain, total of the last 3 days (mm)","value":5.0},{"label":"Air temperature, mean of the last 7 days (°C)","value":11.586}],"weather_through":"2026-10-04","model_version":"pnw-pilot-t1-synthetic-1cbe08ab21a8"}},{"type":"Feature","id":"492_-1241","geometry":{"type":"Polygon","coordinates":[[[-124.15,49.15],[-124.05,49.15],[-124.05,49.25],[-124.15,49.25],[-124.15,49.15]]]},"properties":{"group":"cantharellus","week":"2026-10-05","chance":0.1313,"uncertainty_low":null,"uncertainty_high":null,"applicable":true,"drivers":[{"label":"Rain, total of the last 14 days (mm)","value":60.2},{"label":"Rain, total of the last 3 days (mm)","value":5.2},{"label":"Air temperature, mean of the last 7 days (°C)","value":12.357}],"weather_through":"2026-10-04","model_version":"pnw-pilot-t1-synthetic-1cbe08ab21a8"}},{"type":"Feature","id":"492_-1240","geometry":{"type":"Polygon","coordinates":[[[-124.05,49.15],[-123.95,49.15],[-123.95,49.25],[-124.05,49.25],[-124.05,49.15]]]},"properties":{"group":"cantharellus","week":"2026-10-05","chance":0.1313,"uncertainty_low":null,"uncertainty_high":null,"applicable":true,"drivers":[{"label":"Rain, total of the last 14 days (mm)","value":60.2},{"label":"Rain, total of the last 3 days (mm)","value":5.2},{"label":"Air temperature, mean of the last 7 days (°C)","value":12.514}],"weather_through":"2026-10-04","model_version":"pnw-pilot-t1-synthetic-1cbe08ab21a8"}},{"type":"Feature","id":"492_-1239","geometry":{"type":"Polygon","coordinates":[[[-123.95,49.15],[-123.85,49.15],[-123.85,49.25],[-123.95,49.25],[-123.95,49.15]]]},"properties":{"group":"cantharellus","week":"2026-10-05","chance":0.1313,"uncertainty_low":null,"uncertainty_high":null,"applicable":true,"drivers":[{"label":"Rain, total of the last 14 days (mm)","value":60.2},{"label":"Rain, total of the last 3 days (mm)","value":5.2},{"label":"Air temperature, mean of the last 7 days (°C)","value":13.086}],"weather_through":"2026-10-04","model_version":"pnw-pilot-t1-synthetic-1cbe08ab21a8"}},{"type":"Feature","id":"492_-1232","geometry":{"type":"Polygon","coordinates":[[[-123.25,49.15],[-123.15,49.15],[-123.15,49.25],[-123.25,49.25],[-123.25,49.15]]]},"properties":{"group":"cantharellus","week":"2026-10-05","chance":0.1313,"uncertainty_low":null,"uncertainty_high":null,"applicable":true,"drivers":[{"label":"Rain, total of the last 14 days (mm)","value":81.6},{"label":"Rain, total of the last 3 days (mm)","value":4.8},{"label":"Air temperature, mean of the last 7 days (°C)","value":13.743}],"weather_through":"2026-10-04","model_version":"pnw-pilot-t1-synthetic-1cbe08ab21a8"}},{"type":"Feature","id":"492_-1231","geometry":{"type":"Polygon","coordinates":[[[-123.15,49.15],[-123.05,49.15],[-123.05,49.25],[-123.15,49.25],[-123.15,49.15]]]},"properties":{"group":"cantharellus","week":"2026-10-05","chance":0.1313,"uncertainty_low":null,"uncertainty_high":null,"applicable":true,"drivers":[{"label":"Rain, total of the last 14 days (mm)","value":96.2},{"label":"Rain, total of the last 3 days (mm)","value":5.0},{"label":"Air temperature, mean of the last 7 days (°C)","value":13.343}],"weather_through":"2026-10-04","model_version":"pnw-pilot-t1-synthetic-1cbe08ab21a8"}},{"type":"Feature","id":"492_-1230","geometry":{"type":"Polygon","coordinates":[[[-123.05,49.15],[-122.95,49.15],[-122.95,49.25],[-123.05,49.25],[-123.05,49.15]]]},"properties":{"group":"cantharellus","week":"2026-10-05","chance":0.1313,"uncertainty_low":null,"uncertainty_high":null,"applicable":true,"drivers":[{"label":"Rain, total of the last 14 days (mm)","value":96.2},{"label":"Rain, total of the last 3 days (mm)","value":5.0},{"label":"Air temperature, mean of the last 7 days (°C)","value":13.4}],"weather_through":"2026-10-04","model_version":"pnw-pilot-t1-synthetic-1cbe08ab21a8"}},{"type":"Feature","id":"492_-1229","geometry":{"type":"Polygon","coordinates":[[[-122.95,49.15],[-122.85,49.15],[-122.85,49.25],[-122.95,49.25],[-122.95,49.15]]]},"properties":{"group":"cantharellus","week":"2026-10-05","chance":0.1313,"uncertainty_low":null,"uncertainty_high":null,"applicable":true,"drivers":[{"label":"Rain, total of the last 14 days (mm)","value":96.2},{"label":"Rain, total of the last 3 days (mm)","value":5.0},{"label":"Air temperature, mean of the last 7 days (°C)","value":13.529}],"weather_through":"2026-10-04","model_version":"pnw-pilot-t1-synthetic-1cbe08ab21a8"}},{"type":"Feature","id":"492_-1228","geometry":{"type":"Polygon","coordinates":[[[-122.85,49.15],[-122.75,49.15],[-122.75,49.25],[-122.85,49.25],[-122.85,49.15]]]},"properties":{"group":"cantharellus","week":"2026-10-05","chance":0.1313,"uncertainty_low":null,"uncertainty_high":null,"applicable":true,"drivers":[{"label":"Rain, total of the last 14 days (mm)","value":102.8},{"label":"Rain, total of the last 3 days (mm)","value":4.7},{"label":"Air temperature, mean of the last 7 days (°C)","value":13.586}],"weather_through":"2026-10-04","model_version":"pnw-pilot-t1-synthetic-1cbe08ab21a8"}},{"type":"Feature","id":"492_-1227","geometry":{"type":"Polygon","coordinates":[[[-122.75,49.15],[-122.65,49.15],[-122.65,49.25],[-122.75,49.25],[-122.75,49.15]]]},"properties":{"group":"cantharellus","week":"2026-10-05","chance":0.1313,"uncertainty_low":null,"uncertainty_high":null,"applicable":true,"drivers":[{"label":"Rain, total of the last 14 days (mm)","value":102.8},{"label":"Rain, total of the last 3 days (mm)","value":4.7},{"label":"Air temperature, mean of the last 7 days (°C)","value":13.329}],"weather_through":"2026-10-04","model_version":"pnw-pilot-t1-synthetic-1cbe08ab21a8"}},{"type":"Feature","id":"492_-1226","geometry":{"type":"Polygon","coordinates":[[[-122.65,49.15],[-122.55,49.15],[-122.55,49.25],[-122.65,49.25],[-122.65,49.15]]]},"properties":{"group":"cantharellus","week":"2026-10-05","chance":0.1313,"uncertainty_low":null,"uncertainty_high":null,"applicable":true,"drivers":[{"label":"Rain, total of the last 14 days (mm)","value":120.3},{"label":"Rain, total of the last 3 days (mm)","value":5.7},{"label":"Air temperature, mean of the last 7 days (°C)","value":13.1}],"weather_through":"2026-10-04","model_version":"pnw-pilot-t1-synthetic-1cbe08ab21a8"}},{"type":"Feature","id":"492_-1225","geometry":{"type":"Polygon","coordinates":[[[-122.55,49.15],[-122.45,49.15],[-122.45,49.25],[-122.55,49.25],[-122.55,49.15]]]},"properties":{"group":"cantharellus","week":"2026-10-05","chance":0.1313,"uncertainty_low":null,"uncertainty_high":null,"applicable":true,"drivers":[{"label":"Rain, total of the last 14 days (mm)","value":120.3},{"label":"Rain, total of the last 3 days (mm)","value":5.7},{"label":"Air temperature, mean of the last 7 days (°C)","value":13.0}],"weather_through":"2026-10-04","model_version":"pnw-pilot-t1-synthetic-1cbe08ab21a8"}},{"type":"Feature","id":"492_-1224","geometry":{"type":"Polygon","coordinates":[[[-122.45,49.15],[-122.35,49.15],[-122.35,49.25],[-122.45,49.25],[-122.45,49.15]]]},"properties":{"group":"cantharellus","week":"2026-10-05","chance":0.1313,"uncertainty_low":null,"uncertainty_high":null,"applicable":true,"drivers":[{"label":"Rain, total of the last 14 days (mm)","value":120.3},{"label":"Rain, total of the last 3 days (mm)","value":5.7},{"label":"Air temperature, mean of the last 7 days (°C)","value":12.986}],"weather_through":"2026-10-04","model_version":"pnw-pilot-t1-synthetic-1cbe08ab21a8"}},{"type":"Feature","id":"493_-1249","geometry":{"type":"Polygon","coordinates":[[[-124.95,49.25],[-124.85,49.25],[-124.85,49.35],[-124.95,49.35],[-124.95,49.25]]]},"properties":{"group":"cantharellus","week":"2026-10-05","chance":0.1313,"uncertainty_low":null,"uncertainty_high":null,"applicable":true,"drivers":[{"label":"Rain, total of the last 14 days (mm)","value":63.0},{"label":"Rain, total of the last 3 days (mm)","value":3.0},{"label":"Air temperature, mean of the last 7 days (°C)","value":12.643}],"weather_through":"2026-10-04","model_version":"pnw-pilot-t1-synthetic-1cbe08ab21a8"}},{"type":"Feature","id":"493_-1247","geometry":{"type":"Polygon","coordinates":[[[-124.75,49.25],[-124.65,49.25],[-124.65,49.35],[-124.75,49.35],[-124.75,49.25]]]},"properties":{"group":"cantharellus","week":"2026-10-05","chance":0.1313,"uncertainty_low":null,"uncertainty_high":null,"applicable":true,"drivers":[{"label":"Rain, total of the last 14 days (mm)","value":53.2},{"label":"Rain, total of the last 3 days (mm)","value":2.7},{"label":"Air temperature, mean of the last 7 days (°C)","value":12.214}],"weather_through":"2026-10-04","model_version":"pnw-pilot-t1-synthetic-1cbe08ab21a8"}},{"type":"Feature","id":"493_-1246","geometry":{"type":"Polygon","coordinates":[[[-124.65,49.25],[-124.55,49.25],[-124.55,49.35],[-124.65,49.35],[-124.65,49.25]]]},"properties":{"group":"cantharellus","week":"2026-10-05","chance":0.1313,"uncertainty_low":null,"uncertainty_high":null,"applicable":true,"drivers":[{"label":"Rain, total of the last 14 days (mm)","value":45.8},{"label":"Rain, total of the last 3 days (mm)","value":3.0},{"label":"Air temperature, mean of the last 7 days (°C)","value":12.071}],"weather_through":"2026-10-04","model_version":"pnw-pilot-t1-synthetic-1cbe08ab21a8"}},{"type":"Feature","id":"493_-1243","geometry":{"type":"Polygon","coordinates":[[[-124.35,49.25],[-124.25,49.25],[-124.25,49.35],[-124.35,49.35],[-124.35,49.25]]]},"properties":{"group":"cantharellus","week":"2026-10-05","chance":0.1313,"uncertainty_low":null,"uncertainty_high":null,"applicable":true,"drivers":[{"label":"Rain, total of the last 14 days (mm)","value":55.1},{"label":"Rain, total of the last 3 days (mm)","value":5.5},{"label":"Air temperature, mean of the last 7 days (°C)","value":13.243}],"weather_through":"2026-10-04","model_version":"pnw-pilot-t1-synthetic-1cbe08ab21a8"}},{"type":"Feature","id":"493_-1233","geometry":{"type":"Polygon","coordinates":[[[-123.35,49.25],[-123.25,49.25],[-123.25,49.35],[-123.35,49.35],[-123.35,49.25]]]},"properties":{"group":"cantharellus","week":"2026-10-05","chance":0.1313,"uncertainty_low":null,"uncertainty_high":null,"applicable":true,"drivers":[{"label":"Rain, total of the last 14 days (mm)","value":81.6},{"label":"Rain, total of the last 3 days (mm)","value":4.8},{"label":"Air temperature, mean of the last 7 days (°C)","value":13.743}],"weather_through":"2026-10-04","model_version":"pnw-pilot-t1-synthetic-1cbe08ab21a8"}},{"type":"Feature","id":"493_-1232","geometry":{"type":"Polygon","coordinates":[[[-123.25,49.25],[-123.15,49.25],[-123.15,49.35],[-123.25,49.35],[-123.25,49.25]]]},"properties":{"group":"cantharellus","week":"2026-10-05","chance":0.1313,"uncertainty_low":null,"uncertainty_high":null,"applicable":true,"drivers":[{"label":"Rain, total of the last 14 days (mm)","value":81.6},{"label":"Rain, total of the last 3 days (mm)","value":4.8},{"label":"Air temperature, mean of the last 7 days (°C)","value":13.743}],"weather_through":"2026-10-04","model_version":"pnw-pilot-t1-synthetic-1cbe08ab21a8"}},{"type":"Feature","id":"493_-1231","geometry":{"type":"Polygon","coordinates":[[[-123.15,49.25],[-123.05,49.25],[-123.05,49.35],[-123.15,49.35],[-123.15,49.25]]]},"properties":{"group":"cantharellus","week":"2026-10-05","chance":0.1313,"uncertainty_low":null,"uncertainty_high":null,"applicable":true,"drivers":[{"label":"Rain, total of the last 14 days (mm)","value":96.2},{"label":"Rain, total of the last 3 days (mm)","value":5.0},{"label":"Air temperature, mean of the last 7 days (°C)","value":13.0}],"weather_through":"2026-10-04","model_version":"pnw-pilot-t1-synthetic-1cbe08ab21a8"}},{"type":"Feature","id":"493_-1230","geometry":{"type":"Polygon","coordinates":[[[-123.05,49.25],[-122.95,49.25],[-122.95,49.35],[-123.05,49.35],[-123.05,49.25]]]},"properties":{"group":"cantharellus","week":"2026-10-05","chance":0.1313,"uncertainty_low":null,"uncertainty_high":null,"applicable":true,"drivers":[{"label":"Rain, total of the last 14 days (mm)","value":96.2},{"label":"Rain, total of the last 3 days (mm)","value":5.0},{"label":"Air temperature, mean of the last 7 days (°C)","value":13.014}],"weather_through":"2026-10-04","model_version":"pnw-pilot-t1-synthetic-1cbe08ab21a8"}},{"type":"Feature","id":"493_-1229","geometry":{"type":"Polygon","coordinates":[[[-122.95,49.25],[-122.85,49.25],[-122.85,49.35],[-122.95,49.35],[-122.95,49.25]]]},"properties":{"group":"cantharellus","week":"2026-10-05","chance":0.1313,"uncertainty_low":null,"uncertainty_high":null,"applicable":true,"drivers":[{"label":"Rain, total of the last 14 days (mm)","value":96.2},{"label":"Rain, total of the last 3 days (mm)","value":5.0},{"label":"Air temperature, mean of the last 7 days (°C)","value":13.3}],"weather_through":"2026-10-04","model_version":"pnw-pilot-t1-synthetic-1cbe08ab21a8"}},{"type":"Feature","id":"493_-1228","geometry":{"type":"Polygon","coordinates":[[[-122.85,49.25],[-122.75,49.25],[-122.75,49.35],[-122.85,49.35],[-122.85,49.25]]]},"properties":{"group":"cantharellus","week":"2026-10-05","chance":0.1313,"uncertainty_low":null,"uncertainty_high":null,"applicable":true,"drivers":[{"label":"Rain, total of the last 14 days (mm)","value":102.8},{"label":"Rain, total of the last 3 days (mm)","value":4.7},{"label":"Air temperature, mean of the last 7 days (°C)","value":13.114}],"weather_through":"2026-10-04","model_version":"pnw-pilot-t1-synthetic-1cbe08ab21a8"}},{"type":"Feature","id":"493_-1227","geometry":{"type":"Polygon","coordinates":[[[-122.75,49.25],[-122.65,49.25],[-122.65,49.35],[-122.75,49.35],[-122.75,49.25]]]},"properties":{"group":"cantharellus","week":"2026-10-05","chance":0.1313,"uncertainty_low":null,"uncertainty_high":null,"applicable":true,"drivers":[{"label":"Rain, total of the last 14 days (mm)","value":102.8},{"label":"Rain, total of the last 3 days (mm)","value":4.7},{"label":"Air temperature, mean of the last 7 days (°C)","value":12.714}],"weather_through":"2026-10-04","model_version":"pnw-pilot-t1-synthetic-1cbe08ab21a8"}},{"type":"Feature","id":"493_-1226","geometry":{"type":"Polygon","coordinates":[[[-122.65,49.25],[-122.55,49.25],[-122.55,49.35],[-122.65,49.35],[-122.65,49.25]]]},"properties":{"group":"cantharellus","week":"2026-10-05","chance":0.1313,"uncertainty_low":null,"uncertainty_high":null,"applicable":true,"drivers":[{"label":"Rain, total of the last 14 days (mm)","value":120.3},{"label":"Rain, total of the last 3 days (mm)","value":5.7},{"label":"Air temperature, mean of the last 7 days (°C)","value":12.329}],"weather_through":"2026-10-04","model_version":"pnw-pilot-t1-synthetic-1cbe08ab21a8"}},{"type":"Feature","id":"493_-1225","geometry":{"type":"Polygon","coordinates":[[[-122.55,49.25],[-122.45,49.25],[-122.45,49.35],[-122.55,49.35],[-122.55,49.25]]]},"properties":{"group":"cantharellus","week":"2026-10-05","chance":0.1313,"uncertainty_low":null,"uncertainty_high":null,"applicable":true,"drivers":[{"label":"Rain, total of the last 14 days (mm)","value":120.3},{"label":"Rain, total of the last 3 days (mm)","value":5.7},{"label":"Air temperature, mean of the last 7 days (°C)","value":12.229}],"weather_through":"2026-10-04","model_version":"pnw-pilot-t1-synthetic-1cbe08ab21a8"}},{"type":"Feature","id":"494_-1247","geometry":{"type":"Polygon","coordinates":[[[-124.75,49.35],[-124.65,49.35],[-124.65,49.45],[-124.75,49.45],[-124.75,49.35]]]},"properties":{"group":"cantharellus","week":"2026-10-05","chance":0.1313,"uncertainty_low":null,"uncertainty_high":null,"applicable":true,"drivers":[{"label":"Rain, total of the last 14 days (mm)","value":55.5},{"label":"Rain, total of the last 3 days (mm)","value":4.5},{"label":"Air temperature, mean of the last 7 days (°C)","value":12.357}],"weather_through":"2026-10-04","model_version":"pnw-pilot-t1-synthetic-1cbe08ab21a8"}},{"type":"Feature","id":"494_-1236","geometry":{"type":"Polygon","coordinates":[[[-123.65,49.35],[-123.55,49.35],[-123.55,49.45],[-123.65,49.45],[-123.65,49.35]]]},"properties":{"group":"cantharellus","week":"2026-10-05","chance":0.1313,"uncertainty_low":null,"uncertainty_high":null,"applicable":true,"drivers":[{"label":"Rain, total of the last 14 days (mm)","value":87.8},{"label":"Rain, total of the last 3 days (mm)","value":5.8},{"label":"Air temperature, mean of the last 7 days (°C)","value":12.286}],"weather_through":"2026-10-04","model_version":"pnw-pilot-t1-synthetic-1cbe08ab21a8"}},{"type":"Feature","id":"494_-1235","geometry":{"type":"Polygon","coordinates":[[[-123.55,49.35],[-123.45,49.35],[-123.45,49.45],[-123.55,49.45],[-123.55,49.35]]]},"properties":{"group":"cantharellus","week":"2026-10-05","chance":0.1313,"uncertainty_low":null,"uncertainty_high":null,"applicable":true,"drivers":[{"label":"Rain, total of the last 14 days (mm)","value":87.8},{"label":"Rain, total of the last 3 days (mm)","value":5.8},{"label":"Air temperature, mean of the last 7 days (°C)","value":12.286}],"weather_through":"2026-10-04","model_version":"pnw-pilot-t1-synthetic-1cbe08ab21a8"}},{"type":"Feature","id":"494_-1234","geometry":{"type":"Polygon","coordinates":[[[-123.45,49.35],[-123.35,49.35],[-123.35,49.45],[-123.45,49.45],[-123.45,49.35]]]},"properties":{"group":"cantharellus","week":"2026-10-05","chance":0.1313,"uncertainty_low":null,"uncertainty_high":null,"applicable":true,"drivers":[{"label":"Rain, total of the last 14 days (mm)","value":87.8},{"label":"Rain, total of the last 3 days (mm)","value":5.8},{"label":"Air temperature, mean of the last 7 days (°C)","value":12.286}],"weather_through":"2026-10-04","model_version":"pnw-pilot-t1-synthetic-1cbe08ab21a8"}},{"type":"Feature","id":"494_-1233","geometry":{"type":"Polygon","coordinates":[[[-123.35,49.35],[-123.25,49.35],[-123.25,49.45],[-123.35,49.45],[-123.35,49.35]]]},"properties":{"group":"cantharellus","week":"2026-10-05","chance":0.1313,"uncertainty_low":null,"uncertainty_high":null,"applicable":true,"drivers":[{"label":"Rain, total of the last 14 days (mm)","value":99.0},{"label":"Rain, total of the last 3 days (mm)","value":5.8},{"label":"Air temperature, mean of the last 7 days (°C)","value":13.043}],"weather_through":"2026-10-04","model_version":"pnw-pilot-t1-synthetic-1cbe08ab21a8"}},{"type":"Feature","id":"494_-1232","geometry":{"type":"Polygon","coordinates":[[[-123.25,49.35],[-123.15,49.35],[-123.15,49.45],[-123.25,49.45],[-123.25,49.35]]]},"properties":{"group":"cantharellus","week":"2026-10-05","chance":0.1313,"uncertainty_low":null,"uncertainty_high":null,"applicable":true,"drivers":[{"label":"Rain, total of the last 14 days (mm)","value":99.0},{"label":"Rain, total of the last 3 days (mm)","value":5.8},{"label":"Air temperature, mean of the last 7 days (°C)","value":12.371}],"weather_through":"2026-10-04","model_version":"pnw-pilot-t1-synthetic-1cbe08ab21a8"}},{"type":"Feature","id":"494_-1231","geometry":{"type":"Polygon","coordinates":[[[-123.15,49.35],[-123.05,49.35],[-123.05,49.45],[-123.15,49.45],[-123.15,49.35]]]},"properties":{"group":"cantharellus","week":"2026-10-05","chance":0.1313,"uncertainty_low":null,"uncertainty_high":null,"applicable":true,"drivers":[{"label":"Rain, total of the last 14 days (mm)","value":111.6},{"label":"Rain, total of the last 3 days (mm)","value":6.2},{"label":"Air temperature, mean of the last 7 days (°C)","value":11.386}],"weather_through":"2026-10-04","model_version":"pnw-pilot-t1-synthetic-1cbe08ab21a8"}},{"type":"Feature","id":"494_-1230","geometry":{"type":"Polygon","coordinates":[[[-123.05,49.35],[-122.95,49.35],[-122.95,49.45],[-123.05,49.45],[-123.05,49.35]]]},"properties":{"group":"cantharellus","week":"2026-10-05","chance":0.1313,"uncertainty_low":null,"uncertainty_high":null,"applicable":true,"drivers":[{"label":"Rain, total of the last 14 days (mm)","value":111.6},{"label":"Rain, total of the last 3 days (mm)","value":6.2},{"label":"Air temperature, mean of the last 7 days (°C)","value":11.043}],"weather_through":"2026-10-04","model_version":"pnw-pilot-t1-synthetic-1cbe08ab21a8"}},{"type":"Feature","id":"494_-1229","geometry":{"type":"Polygon","coordinates":[[[-122.95,49.35],[-122.85,49.35],[-122.85,49.45],[-122.95,49.45],[-122.95,49.35]]]},"properties":{"group":"cantharellus","week":"2026-10-05","chance":0.1313,"uncertainty_low":null,"uncertainty_high":null,"applicable":true,"drivers":[{"label":"Rain, total of the last 14 days (mm)","value":111.6},{"label":"Rain, total of the last 3 days (mm)","value":6.2},{"label":"Air temperature, mean of the last 7 days (°C)","value":11.086}],"weather_through":"2026-10-04","model_version":"pnw-pilot-t1-synthetic-1cbe08ab21a8"}}]}