{"type":"FeatureCollection","attribution":"Commission for Environmental Cooperation (CEC). 2022. \"North American Environmental Atlas - Political Boundaries\". Ed. 3.0. CC BY 4.0.","features":[{"type":"Feature","properties":{},"geometry":{"type":"LineString","coordinates":[[-110.5316,48.9984],[-110.5746,48.9988],[-110.5942,48.9989],[-110.6355,48.9988],[-110.6738,48.9987],[-110.7204,48.9986],[-110.7431,48.9986],[-110.8867,48.9981],[-110.99,48.9976],[-111.0039,48.9975],[-111.2699,48.9972],[-111.2964,48.9972],[-111.341,48.9972],[-111.3779,48.997],[-111.3966,48.997],[-111.4768,48.9969],[-111.4998,48.9968],[-111.5257,48.9968],[-111.5461,48.9967],[-111.5845,48.9968],[-111.6086,48.9968],[-111.6307,48.997],[-111.6661,48.9971],[-111.6846,48.9972],[-111.7652,48.9976],[-111.7866,48.9976],[-111.8087,48.9977],[-111.8312,48.9978],[-111.8759,48.9981],[-111.9204,48.9983],[-111.9425,48.9985],[-111.9579,48.9984],[-111.9728,48.9984],[-111.9868,48.9985],[-112.0042,48.9986],[-112.0542,48.9987],[-112.1173,48.9987],[-112.1438,48.9987],[-112.1652,48.9987],[-112.1992,48.9987],[-112.2312,48.9987],[-112.2532,48.9987],[-112.2772,48.9987],[-112.2997,48.9987],[-112.3999,48.9987],[-112.5003,48.9988],[-112.5257,48.9987],[-112.5546,48.9988],[-112.6183,48.9987],[-112.6978,48.9986],[-112.7474,48.9986],[-112.7883,48.9986],[-112.9432,48.9985],[-112.9609,48.9986],[-112.9968,48.9986],[-113.0108,48.9986],[-113.0777,48.9985],[-113.0921,48.9985],[-113.1069,48.9985],[-113.1245,48.9985],[-113.1422,48.9984],[-113.2502,48.9983],[-113.3412,48.9982],[-113.3789,48.9981],[-113.4742,48.998],[-113.4918,48.9979],[-113.5302,48.9979],[-113.6091,48.998],[-113.6533,48.9978],[-113.6819,48.9977],[-113.7016,48.9977],[-113.717,48.9976],[-113.7618,48.9979],[-113.8641,48.9983],[-113.8838,48.9985],[-113.9043,48.9987],[-113.9598,48.9987],[-113.9952,48.9988],[-114.0098,48.9988],[-114.0468,48.9989],[-114.0683,48.9989],[-114.0657,49.0112],[-114.0559,49.0222],[-114.0619,49.0374],[-114.0656,49.0462],[-114.0762,49.0535],[-114.0892,49.0584],[-114.1041,49.0634],[-114.1137,49.0706],[-114.1296,49.0781],[-114.1397,49.0871],[-114.1531,49.0995],[-114.1496,49.1111],[-114.1531,49.1199],[-114.1607,49.1275],[-114.1654,49.1371],[-114.1528,49.1415],[-114.1597,49.15],[-114.1713,49.16],[-114.1952,49.169],[-114.2092,49.1721],[-114.2165,49.1817],[-114.2305,49.1893],[-114.2454,49.1857],[-114.2571,49.177],[-114.2774,49.1797],[-114.2901,49.186],[-114.3062,49.1914],[-114.3169,49.199],[-114.3353,49.1997],[-114.3456,49.1936],[-114.3589,49.1984],[-114.3773,49.2029],[-114.3897,49.2071],[-114.4021,49.2133],[-114.3957,49.2212],[-114.4016,49.2304],[-114.4028,49.2404],[-114.3836,49.2462],[-114.3935,49.2572],[-114.4078,49.2599],[-114.4249,49.2622],[-114.4397,49.2646],[-114.449,49.2766],[-114.4468,49.2884],[-114.454,49.2981],[-114.4668,49.3044],[-114.4776,49.3124],[-114.4921,49.3138],[-114.4892,49.3239],[-114.4825,49.3375],[-114.4876,49.3473],[-114.5,49.3528],[-114.5137,49.3554],[-114.5241,49.3621],[-114.5316,49.3705],[-114.5366,49.3796],[-114.5517,49.3781],[-114.5669,49.3769],[-114.5761,49.3867],[-114.5874,49.394],[-114.592,49.4049],[-114.5964,49.4169],[-114.6002,49.4265],[-114.6017,49.4363],[-114.5983,49.4454],[-114.5984,49.4548],[-114.6,49.464],[-114.5955,49.4782],[-114.5958,49.4878]]}},{"type":"Feature","properties":{},"geometry":{"type":"LineString","coordinates":[[-125.3505,48.9919],[-125.3378,48.9882],[-125.3481,48.9822],[-125.3556,48.9897],[-125.3505,48.9919]]}},{"type":"Feature","properties":{},"geometry":{"type":"LineString","coordinates":[[-125.3503,48.9928],[-125.3503,48.9928]]}},{"type":"Feature","properties":{},"geometry":{"type":"LineString","coordinates":[[-125.3489,48.9934],[-125.3489,48.9934]]}},{"type":"Feature","properties":{},"geometry":{"type":"LineString","coordinates":[[-125.346,48.9924],[-125.346,48.9924]]}},{"type":"Feature","properties":{},"geometry":{"type":"LineString","coordinates":[[-125.3341,48.9964],[-125.348,48.9965],[-125.3343,48.9981],[-125.3341,48.9964]]}},{"type":"Feature","properties":{},"geometry":{"type":"LineString","coordinates":[[-125.3564,48.9924],[-125.3564,48.9924]]}},{"type":"Feature","properties":{},"geometry":{"type":"LineString","coordinates":[[-125.3386,48.9851],[-125.3386,48.9851]]}},{"type":"Feature","properties":{},"geometry":{"type":"LineString","coordinates":[[-125.4995,48.9172],[-125.4995,48.9172]]}},{"type":"Feature","properties":{},"geometry":{"type":"LineString","coordinates":[[-125.4849,48.9194],[-125.4849,48.9194]]}},{"type":"Feature","properties":{},"geometry":{"type":"LineString","coordinates":[[-125.4851,48.9199],[-125.4851,48.9199]]}},{"type":"Feature","properties":{},"geometry":{"type":"LineString","coordinates":[[-125.3403,49.0361],[-125.3403,49.0361]]}},{"type":"Feature","properties":{},"geometry":{"type":"LineString","coordinates":[[-125.348,49.0394],[-125.348,49.0394]]}},{"type":"Feature","properties":{},"geometry":{"type":"LineString","coordinates":[[-125.4725,48.8908],[-125.4725,48.8908]]}},{"type":"Feature","properties":{},"geometry":{"type":"LineString","coordinates":[[-125.4678,48.8973],[-125.4678,48.8973]]}},{"type":"Feature","properties":{},"geometry":{"type":"LineString","coordinates":[[-125.468,48.8995],[-125.468,48.8995]]}},{"type":"Feature","properties":{},"geometry":{"type":"LineString","coordinates":[[-125.5,48.9076],[-125.5,48.9076]]}},{"type":"Feature","properties":{},"geometry":{"type":"LineString","coordinates":[[-125.4797,48.9184],[-125.4797,48.9184]]}},{"type":"Feature","properties":{},"geometry":{"type":"LineString","coordinates":[[-125.4656,48.8974],[-125.4656,48.8974]]}},{"type":"Feature","properties":{},"geometry":{"type":"LineString","coordinates":[[-125.4677,48.9],[-125.4677,48.9]]}},{"type":"Feature","properties":{},"geometry":{"type":"LineString","coordinates":[[-125.4679,48.906],[-125.4679,48.906]]}},{"type":"Feature","properties":{},"geometry":{"type":"LineString","coordinates":[[-125.477,48.9189],[-125.477,48.9189]]}},{"type":"Feature","properties":{},"geometry":{"type":"LineString","coordinates":[[-125.3589,48.9703],[-125.3589,48.9703]]}},{"type":"Feature","properties":{},"geometry":{"type":"LineString","coordinates":[[-125.3499,48.9831],[-125.3499,48.9831]]}},{"type":"Feature","properties":{},"geometry":{"type":"LineString","coordinates":[[-125.3622,48.9754],[-125.3622,48.9754]]}},{"type":"Feature","properties":{},"geometry":{"type":"LineString","coordinates":[[-125.4811,48.9204],[-125.4811,48.9204]]}},{"type":"Feature","properties":{},"geometry":{"type":"LineString","coordinates":[[-125.4327,48.9527],[-125.4327,48.9527]]}},{"type":"Feature","properties":{},"geometry":{"type":"LineString","coordinates":[[-125.4284,48.9503],[-125.4284,48.9503]]}},{"type":"Feature","properties":{},"geometry":{"type":"LineString","coordinates":[[-125.3883,48.9633],[-125.3883,48.9633]]}},{"type":"Feature","properties":{},"geometry":{"type":"LineString","coordinates":[[-125.3853,48.9644],[-125.3853,48.9644]]}},{"type":"Feature","properties":{},"geometry":{"type":"LineString","coordinates":[[-125.4033,48.9709],[-125.4033,48.9709]]}},{"type":"Feature","properties":{},"geometry":{"type":"LineString","coordinates":[[-125.3596,48.9464],[-125.3596,48.9464]]}},{"type":"Feature","properties":{},"geometry":{"type":"LineString","coordinates":[[-125.3656,48.953],[-125.3656,48.953]]}},{"type":"Feature","properties":{},"geometry":{"type":"LineString","coordinates":[[-125.3634,48.9527],[-125.3634,48.9527]]}},{"type":"Feature","properties":{},"geometry":{"type":"LineString","coordinates":[[-125.3729,48.9544],[-125.3729,48.9544]]}},{"type":"Feature","properties":{},"geometry":{"type":"LineString","coordinates":[[-125.366,48.9556],[-125.366,48.9556]]}},{"type":"Feature","properties":{},"geometry":{"type":"LineString","coordinates":[[-125.363,48.9695],[-125.363,48.9695]]}},{"type":"Feature","properties":{},"geometry":{"type":"LineString","coordinates":[[-125.3803,48.9757],[-125.3803,48.9757]]}},{"type":"Feature","properties":{},"geometry":{"type":"LineString","coordinates":[[-125.3778,48.9798],[-125.3778,48.9798]]}},{"type":"Feature","properties":{},"geometry":{"type":"LineString","coordinates":[[-125.4085,48.9554],[-125.4085,48.9554]]}},{"type":"Feature","properties":{},"geometry":{"type":"LineString","coordinates":[[-125.3875,48.968],[-125.3875,48.968]]}},{"type":"Feature","properties":{},"geometry":{"type":"LineString","coordinates":[[-125.3367,48.9927],[-125.3367,48.9927]]}},{"type":"Feature","properties":{},"geometry":{"type":"LineString","coordinates":[[-125.3213,49.0021],[-125.3213,49.0021]]}},{"type":"Feature","properties":{},"geometry":{"type":"LineString","coordinates":[[-125.3222,49.0018],[-125.3222,49.0018]]}},{"type":"Feature","properties":{},"geometry":{"type":"LineString","coordinates":[[-125.378,48.982],[-125.378,48.982]]}},{"type":"Feature","properties":{},"geometry":{"type":"LineString","coordinates":[[-125.3757,48.984],[-125.3757,48.984]]}},{"type":"Feature","properties":{},"geometry":{"type":"LineString","coordinates":[[-125.3627,48.9866],[-125.3627,48.9866]]}},{"type":"Feature","properties":{},"geometry":{"type":"LineString","coordinates":[[-125.3599,48.9918],[-125.3599,48.9918]]}},{"type":"Feature","properties":{},"geometry":{"type":"LineString","coordinates":[[-125.3559,48.994],[-125.3559,48.994]]}},{"type":"Feature","properties":{},"geometry":{"type":"LineString","coordinates":[[-125.3206,48.9979],[-125.3206,48.9979]]}},{"type":"Feature","properties":{},"geometry":{"type":"LineString","coordinates":[[-125.3215,48.9987],[-125.3215,48.9987]]}},{"type":"Feature","properties":{},"geometry":{"type":"LineString","coordinates":[[-125.2964,48.9992],[-125.2964,48.9992]]}},{"type":"Feature","properties":{},"geometry":{"type":"LineString","coordinates":[[-125.2985,48.9997],[-125.2985,48.9997]]}},{"type":"Feature","properties":{},"geometry":{"type":"LineString","coordinates":[[-125.3204,49.0029],[-125.3204,49.0029]]}},{"type":"Feature","properties":{},"geometry":{"type":"LineString","coordinates":[[-125.3097,48.9387],[-125.3097,48.9387]]}},{"type":"Feature","properties":{},"geometry":{"type":"LineString","coordinates":[[-125.3098,48.9411],[-125.3098,48.9411]]}},{"type":"Feature","properties":{},"geometry":{"type":"LineString","coordinates":[[-125.3118,48.9406],[-125.3118,48.9406]]}},{"type":"Feature","properties":{},"geometry":{"type":"LineString","coordinates":[[-125.2812,48.9327],[-125.2812,48.9327]]}},{"type":"Feature","properties":{},"geometry":{"type":"LineString","coordinates":[[-125.2806,48.9342],[-125.2806,48.9342]]}},{"type":"Feature","properties":{},"geometry":{"type":"LineString","coordinates":[[-125.3066,48.9397],[-125.3066,48.9397]]}},{"type":"Feature","properties":{},"geometry":{"type":"LineString","coordinates":[[-125.3046,48.9406],[-125.3046,48.9406]]}},{"type":"Feature","properties":{},"geometry":{"type":"LineString","coordinates":[[-125.2831,48.9332],[-125.2831,48.9332]]}},{"type":"Feature","properties":{},"geometry":{"type":"LineString","coordinates":[[-125.2825,48.9339],[-125.2825,48.9339]]}},{"type":"Feature","properties":{},"geometry":{"type":"LineString","coordinates":[[-125.308,48.9488],[-125.308,48.9488]]}},{"type":"Feature","properties":{},"geometry":{"type":"LineString","coordinates":[[-125.3118,48.9514],[-125.3118,48.9514]]}},{"type":"Feature","properties":{},"geometry":{"type":"LineString","coordinates":[[-125.3105,48.9502],[-125.3105,48.9502]]}},{"type":"Feature","properties":{},"geometry":{"type":"LineString","coordinates":[[-125.3148,48.9506],[-125.3148,48.9506]]}},{"type":"Feature","properties":{},"geometry":{"type":"LineString","coordinates":[[-125.3079,48.9519],[-125.3079,48.9519]]}},{"type":"Feature","properties":{},"geometry":{"type":"LineString","coordinates":[[-125.2885,48.9543],[-125.2885,48.9543]]}},{"type":"Feature","properties":{},"geometry":{"type":"LineString","coordinates":[[-125.2833,48.95],[-125.2833,48.95]]}},{"type":"Feature","properties":{},"geometry":{"type":"LineString","coordinates":[[-125.2819,48.951],[-125.2819,48.951]]}},{"type":"Feature","properties":{},"geometry":{"type":"LineString","coordinates":[[-125.2818,48.952],[-125.2818,48.952]]}},{"type":"Feature","properties":{},"geometry":{"type":"LineString","coordinates":[[-125.285,48.9543],[-125.285,48.9543]]}},{"type":"Feature","properties":{},"geometry":{"type":"LineString","coordinates":[[-125.2872,48.9581],[-125.2872,48.9581]]}},{"type":"Feature","properties":{},"geometry":{"type":"LineString","coordinates":[[-125.2802,48.9633],[-125.2802,48.9633]]}},{"type":"Feature","properties":{},"geometry":{"type":"LineString","coordinates":[[-125.2789,48.9648],[-125.2789,48.9648]]}},{"type":"Feature","properties":{},"geometry":{"type":"LineString","coordinates":[[-125.327,48.9534],[-125.327,48.9534]]}},{"type":"Feature","properties":{},"geometry":{"type":"LineString","coordinates":[[-125.3368,48.9829],[-125.3368,48.9829]]}},{"type":"Feature","properties":{},"geometry":{"type":"LineString","coordinates":[[-125.2931,48.9626],[-125.2931,48.9626]]}},{"type":"Feature","properties":{},"geometry":{"type":"LineString","coordinates":[[-125.2898,48.9626],[-125.2898,48.9626]]}},{"type":"Feature","properties":{},"geometry":{"type":"LineString","coordinates":[[-125.2915,48.9634],[-125.2915,48.9634]]}},{"type":"Feature","properties":{},"geometry":{"type":"LineString","coordinates":[[-125.2898,48.9646],[-125.2898,48.9646]]}},{"type":"Feature","properties":{},"geometry":{"type":"LineString","coordinates":[[-125.2881,48.964],[-125.2881,48.964]]}},{"type":"Feature","properties":{},"geometry":{"type":"LineString","coordinates":[[-125.289,48.9646],[-125.289,48.9646]]}},{"type":"Feature","properties":{},"geometry":{"type":"LineString","coordinates":[[-125.2888,48.9653],[-125.2888,48.9653]]}},{"type":"Feature","properties":{},"geometry":{"type":"LineString","coordinates":[[-125.2876,48.9649],[-125.2876,48.9649]]}},{"type":"Feature","properties":{},"geometry":{"type":"LineString","coordinates":[[-125.2853,48.964],[-125.2853,48.964]]}},{"type":"Feature","properties":{},"geometry":{"type":"LineString","coordinates":[[-125.2859,48.9645],[-125.2859,48.9645]]}},{"type":"Feature","properties":{},"geometry":{"type":"LineString","coordinates":[[-125.2943,48.9879],[-125.2943,48.9879]]}},{"type":"Feature","properties":{},"geometry":{"type":"LineString","coordinates":[[-125.2935,48.9874],[-125.2935,48.9874]]}},{"type":"Feature","properties":{},"geometry":{"type":"LineString","coordinates":[[-125.2939,48.9884],[-125.2939,48.9884]]}},{"type":"Feature","properties":{},"geometry":{"type":"LineString","coordinates":[[-125.2981,48.9985],[-125.2981,48.9985]]}},{"type":"Feature","properties":{},"geometry":{"type":"LineString","coordinates":[[-125.2946,48.9636],[-125.2946,48.9636]]}},{"type":"Feature","properties":{},"geometry":{"type":"LineString","coordinates":[[-125.314,49.0306],[-125.314,49.0306]]}},{"type":"Feature","properties":{},"geometry":{"type":"LineString","coordinates":[[-125.3223,49.0326],[-125.3223,49.0326]]}},{"type":"Feature","properties":{},"geometry":{"type":"LineString","coordinates":[[-125.3202,49.0328],[-125.3202,49.0328]]}},{"type":"Feature","properties":{},"geometry":{"type":"LineString","coordinates":[[-125.3514,49.0001],[-125.3514,49.0001]]}},{"type":"Feature","properties":{},"geometry":{"type":"LineString","coordinates":[[-125.3391,49.0072],[-125.3391,49.0072]]}},{"type":"Feature","properties":{},"geometry":{"type":"LineString","coordinates":[[-125.3416,49.0103],[-125.3416,49.0103]]}},{"type":"Feature","properties":{},"geometry":{"type":"LineString","coordinates":[[-125.3162,49.015],[-125.3162,49.015]]}},{"type":"Feature","properties":{},"geometry":{"type":"LineString","coordinates":[[-125.3148,49.0168],[-125.3148,49.0168]]}},{"type":"Feature","properties":{},"geometry":{"type":"LineString","coordinates":[[-125.3019,49.0203],[-125.3019,49.0203]]}},{"type":"Feature","properties":{},"geometry":{"type":"LineString","coordinates":[[-125.2981,49.0201],[-125.2981,49.0201]]}},{"type":"Feature","properties":{},"geometry":{"type":"LineString","coordinates":[[-125.3151,49.0266],[-125.3151,49.0266]]}},{"type":"Feature","properties":{},"geometry":{"type":"LineString","coordinates":[[-125.3148,49.0273],[-125.3148,49.0273]]}},{"type":"Feature","properties":{},"geometry":{"type":"LineString","coordinates":[[-125.2848,49.0186],[-125.2848,49.0186]]}},{"type":"Feature","properties":{},"geometry":{"type":"LineString","coordinates":[[-125.2828,49.0182],[-125.2828,49.0182]]}},{"type":"Feature","properties":{},"geometry":{"type":"LineString","coordinates":[[-125.2863,49.0205],[-125.2863,49.0205]]}},{"type":"Feature","properties":{},"geometry":{"type":"LineString","coordinates":[[-125.2835,49.02],[-125.2835,49.02]]}},{"type":"Feature","properties":{},"geometry":{"type":"LineString","coordinates":[[-125.2791,49.0214],[-125.2791,49.0214]]}},{"type":"Feature","properties":{},"geometry":{"type":"LineString","coordinates":[[-125.338,49.0274],[-125.338,49.0274]]}},{"type":"Feature","properties":{},"geometry":{"type":"LineString","coordinates":[[-125.3293,48.8782],[-125.3293,48.8782]]}},{"type":"Feature","properties":{},"geometry":{"type":"LineString","coordinates":[[-125.387,48.8848],[-125.387,48.8848]]}},{"type":"Feature","properties":{},"geometry":{"type":"LineString","coordinates":[[-125.3476,48.862],[-125.338,48.8555],[-125.3509,48.8589],[-125.3476,48.862]]}},{"type":"Feature","properties":{},"geometry":{"type":"LineString","coordinates":[[-125.3507,48.8608],[-125.3507,48.8608]]}},{"type":"Feature","properties":{},"geometry":{"type":"LineString","coordinates":[[-125.3507,48.8611],[-125.3507,48.8611]]}},{"type":"Feature","properties":{},"geometry":{"type":"LineString","coordinates":[[-125.3664,48.8639],[-125.3525,48.8645],[-125.3614,48.8576],[-125.3664,48.8639]]}},{"type":"Feature","properties":{},"geometry":{"type":"LineString","coordinates":[[-125.3461,48.8769],[-125.3461,48.8769]]}},{"type":"Feature","properties":{},"geometry":{"type":"LineString","coordinates":[[-125.3858,48.8859],[-125.3858,48.8859]]}},{"type":"Feature","properties":{},"geometry":{"type":"LineString","coordinates":[[-125.3772,48.8962],[-125.3772,48.8962]]}},{"type":"Feature","properties":{},"geometry":{"type":"LineString","coordinates":[[-125.3517,48.878],[-125.3517,48.878]]}},{"type":"Feature","properties":{},"geometry":{"type":"LineString","coordinates":[[-125.3739,48.8965],[-125.3739,48.8965]]}},{"type":"Feature","properties":{},"geometry":{"type":"LineString","coordinates":[[-125.3535,48.9012],[-125.3535,48.9012]]}},{"type":"Feature","properties":{},"geometry":{"type":"LineString","coordinates":[[-125.3083,48.8616],[-125.3083,48.8616]]}},{"type":"Feature","properties":{},"geometry":{"type":"LineString","coordinates":[[-125.3085,48.8622],[-125.3085,48.8622]]}},{"type":"Feature","properties":{},"geometry":{"type":"LineString","coordinates":[[-125.319,48.8739],[-125.319,48.8739]]}},{"type":"Feature","properties":{},"geometry":{"type":"LineString","coordinates":[[-125.315,48.8647],[-125.315,48.8647]]}},{"type":"Feature","properties":{},"geometry":{"type":"LineString","coordinates":[[-125.3264,48.8768],[-125.3264,48.8768]]}},{"type":"Feature","properties":{},"geometry":{"type":"LineString","coordinates":[[-125.314,48.8667],[-125.314,48.8667]]}},{"type":"Feature","properties":{},"geometry":{"type":"LineString","coordinates":[[-125.3055,48.8643],[-125.3055,48.8643]]}},{"type":"Feature","properties":{},"geometry":{"type":"LineString","coordinates":[[-125.3022,48.8645],[-125.3022,48.8645]]}},{"type":"Feature","properties":{},"geometry":{"type":"LineString","coordinates":[[-125.3119,48.875],[-125.3119,48.875]]}},{"type":"Feature","properties":{},"geometry":{"type":"LineString","coordinates":[[-125.3128,48.8765],[-125.3128,48.8765]]}},{"type":"Feature","properties":{},"geometry":{"type":"LineString","coordinates":[[-125.3127,48.8785],[-125.3127,48.8785]]}},{"type":"Feature","properties":{},"geometry":{"type":"LineString","coordinates":[[-125.3117,48.8791],[-125.3117,48.8791]]}},{"type":"Feature","properties":{},"geometry":{"type":"LineString","coordinates":[[-125.3481,48.9172],[-125.3343,48.9158],[-125.3483,48.9155],[-125.3481,48.9172]]}},{"type":"Feature","properties":{},"geometry":{"type":"LineString","coordinates":[[-125.353,48.9017],[-125.353,48.9017]]}},{"type":"Feature","properties":{},"geometry":{"type":"LineString","coordinates":[[-125.3176,48.92],[-125.3176,48.92]]}},{"type":"Feature","properties":{},"geometry":{"type":"LineString","coordinates":[[-125.285,48.9122],[-125.285,48.9122]]}},{"type":"Feature","properties":{},"geometry":{"type":"LineString","coordinates":[[-125.2906,48.9249],[-125.2906,48.9249]]}},{"type":"Feature","properties":{},"geometry":{"type":"LineString","coordinates":[[-125.2899,48.9244],[-125.2899,48.9244]]}},{"type":"Feature","properties":{},"geometry":{"type":"LineString","coordinates":[[-125.2915,48.9261],[-125.2915,48.9261]]}},{"type":"Feature","properties":{},"geometry":{"type":"LineString","coordinates":[[-125.2899,48.9165],[-125.2899,48.9165]]}},{"type":"Feature","properties":{},"geometry":{"type":"LineString","coordinates":[[-125.2898,48.9182],[-125.2898,48.9182]]}},{"type":"Feature","properties":{},"geometry":{"type":"LineString","coordinates":[[-125.2914,48.923],[-125.2914,48.923]]}},{"type":"Feature","properties":{},"geometry":{"type":"LineString","coordinates":[[-125.2926,48.9263],[-125.2926,48.9263]]}},{"type":"Feature","properties":{},"geometry":{"type":"LineString","coordinates":[[-125.293,48.9295],[-125.293,48.9295]]}},{"type":"Feature","properties":{},"geometry":{"type":"LineString","coordinates":[[-125.3135,48.9195],[-125.3135,48.9195]]}},{"type":"Feature","properties":{},"geometry":{"type":"LineString","coordinates":[[-125.3063,48.8811],[-125.2957,48.8752],[-125.2895,48.8672],[-125.303,48.8652],[-125.3168,48.8668],[-125.3112,48.875],[-125.3063,48.8811]]}},{"type":"Feature","properties":{},"geometry":{"type":"LineString","coordinates":[[-125.3392,48.9243],[-125.3256,48.9223],[-125.3387,48.9193],[-125.3392,48.9243]]}},{"type":"Feature","properties":{},"geometry":{"type":"LineString","coordinates":[[-125.2905,48.9294],[-125.2793,48.9241],[-125.2923,48.9273],[-125.2905,48.9294]]}},{"type":"Feature","properties":{},"geometry":{"type":"LineString","coordinates":[[-125.2757,48.9258],[-125.2646,48.9205],[-125.2779,48.9182],[-125.2757,48.9258]]}},{"type":"Feature","properties":{},"geometry":{"type":"LineString","coordinates":[[-125.2137,48.7829],[-125.2137,48.7829]]}},{"type":"Feature","properties":{},"geometry":{"type":"LineString","coordinates":[[-125.2122,48.7828],[-125.2122,48.7828]]}},{"type":"Feature","properties":{},"geometry":{"type":"LineString","coordinates":[[-125.2134,48.785],[-125.2134,48.785]]}},{"type":"Feature","properties":{},"geometry":{"type":"LineString","coordinates":[[-125.2002,48.7753],[-125.2002,48.7753]]}},{"type":"Feature","properties":{},"geometry":{"type":"LineString","coordinates":[[-125.1992,48.775],[-125.1992,48.775]]}},{"type":"Feature","properties":{},"geometry":{"type":"LineString","coordinates":[[-125.2017,48.7772],[-125.2017,48.7772]]}},{"type":"Feature","properties":{},"geometry":{"type":"LineString","coordinates":[[-125.2185,48.7828],[-125.2185,48.7828]]}},{"type":"Feature","properties":{},"geometry":{"type":"LineString","coordinates":[[-125.2133,48.7817],[-125.2133,48.7817]]}},{"type":"Feature","properties":{},"geometry":{"type":"LineString","coordinates":[[-125.2149,48.7891],[-125.2149,48.7891]]}},{"type":"Feature","properties":{},"geometry":{"type":"LineString","coordinates":[[-125.2033,48.7778],[-125.2033,48.7778]]}},{"type":"Feature","properties":{},"geometry":{"type":"LineString","coordinates":[[-125.2039,48.7778],[-125.2039,48.7778]]}},{"type":"Feature","properties":{},"geometry":{"type":"LineString","coordinates":[[-125.2061,48.7793],[-125.2061,48.7793]]}},{"type":"Feature","properties":{},"geometry":{"type":"LineString","coordinates":[[-125.2007,48.7794],[-125.2007,48.7794]]}},{"type":"Feature","properties":{},"geometry":{"type":"LineString","coordinates":[[-125.2,48.7793],[-125.2,48.7793]]}},{"type":"Feature","properties":{},"geometry":{"type":"LineString","coordinates":[[-125.2025,48.7819],[-125.2025,48.7819]]}},{"type":"Feature","properties":{},"geometry":{"type":"LineString","coordinates":[[-125.1923,48.7823],[-125.1923,48.7823]]}},{"type":"Feature","properties":{},"geometry":{"type":"LineString","coordinates":[[-125.1879,48.7823],[-125.1879,48.7823]]}},{"type":"Feature","properties":{},"geometry":{"type":"LineString","coordinates":[[-125.1854,48.7828],[-125.1854,48.7828]]}},{"type":"Feature","properties":{},"geometry":{"type":"LineString","coordinates":[[-125.1863,48.7831],[-125.1863,48.7831]]}},{"type":"Feature","properties":{},"geometry":{"type":"LineString","coordinates":[[-125.1837,48.7827],[-125.1837,48.7827]]}},{"type":"Feature","properties":{},"geometry":{"type":"LineString","coordinates":[[-125.3179,48.8561],[-125.3179,48.8561]]}},{"type":"Feature","properties":{},"geometry":{"type":"LineString","coordinates":[[-125.3159,48.8544],[-125.3159,48.8544]]}},{"type":"Feature","properties":{},"geometry":{"type":"LineString","coordinates":[[-125.3156,48.8555],[-125.3156,48.8555]]}},{"type":"Feature","properties":{},"geometry":{"type":"LineString","coordinates":[[-125.3292,48.8574],[-125.3292,48.8574]]}},{"type":"Feature","properties":{},"geometry":{"type":"LineString","coordinates":[[-125.3277,48.8568],[-125.3277,48.8568]]}},{"type":"Feature","properties":{},"geometry":{"type":"LineString","coordinates":[[-125.329,48.8578],[-125.329,48.8578]]}},{"type":"Feature","properties":{},"geometry":{"type":"LineString","coordinates":[[-125.3311,48.8662],[-125.3311,48.8662]]}},{"type":"Feature","properties":{},"geometry":{"type":"LineString","coordinates":[[-125.3317,48.8673],[-125.3317,48.8673]]}},{"type":"Feature","properties":{},"geometry":{"type":"LineString","coordinates":[[-125.3187,48.8521],[-125.3187,48.8521]]}},{"type":"Feature","properties":{},"geometry":{"type":"LineString","coordinates":[[-125.3182,48.8524],[-125.3182,48.8524]]}},{"type":"Feature","properties":{},"geometry":{"type":"LineString","coordinates":[[-125.3161,48.8524],[-125.3161,48.8524]]}},{"type":"Feature","properties":{},"geometry":{"type":"LineString","coordinates":[[-125.3212,48.867],[-125.3212,48.867]]}},{"type":"Feature","properties":{},"geometry":{"type":"LineString","coordinates":[[-125.3176,48.8585],[-125.3176,48.8585]]}},{"type":"Feature","properties":{},"geometry":{"type":"LineString","coordinates":[[-125.3194,48.8601],[-125.3194,48.8601]]}},{"type":"Feature","properties":{},"geometry":{"type":"LineString","coordinates":[[-125.3183,48.8612],[-125.3183,48.8612]]}},{"type":"Feature","properties":{},"geometry":{"type":"LineString","coordinates":[[-125.3215,48.864],[-125.3215,48.864]]}},{"type":"Feature","properties":{},"geometry":{"type":"LineString","coordinates":[[-125.331,48.8694],[-125.331,48.8694]]}},{"type":"Feature","properties":{},"geometry":{"type":"LineString","coordinates":[[-125.3322,48.8702],[-125.3322,48.8702]]}},{"type":"Feature","properties":{},"geometry":{"type":"LineString","coordinates":[[-125.3345,48.8756],[-125.3345,48.8756]]}},{"type":"Feature","properties":{},"geometry":{"type":"LineString","coordinates":[[-125.2439,48.8289],[-125.2439,48.8289]]}},{"type":"Feature","properties":{},"geometry":{"type":"LineString","coordinates":[[-125.2401,48.8313],[-125.2401,48.8313]]}},{"type":"Feature","properties":{},"geometry":{"type":"LineString","coordinates":[[-125.2424,48.8313],[-125.2424,48.8313]]}},{"type":"Feature","properties":{},"geometry":{"type":"LineString","coordinates":[[-125.2048,48.8353],[-125.2048,48.8353]]}},{"type":"Feature","properties":{},"geometry":{"type":"LineString","coordinates":[[-125.2059,48.8374],[-125.2059,48.8374]]}},{"type":"Feature","properties":{},"geometry":{"type":"LineString","coordinates":[[-125.2048,48.8391],[-125.2048,48.8391]]}},{"type":"Feature","properties":{},"geometry":{"type":"LineString","coordinates":[[-125.2063,48.8407],[-125.2063,48.8407]]}},{"type":"Feature","properties":{},"geometry":{"type":"LineString","coordinates":[[-125.2064,48.8409],[-125.2064,48.8409]]}},{"type":"Feature","properties":{},"geometry":{"type":"LineString","coordinates":[[-125.2493,48.8305],[-125.2493,48.8305]]}},{"type":"Feature","properties":{},"geometry":{"type":"LineString","coordinates":[[-125.2128,48.8354],[-125.2115,48.8265],[-125.2205,48.8197],[-125.218,48.8285],[-125.2128,48.8354]]}},{"type":"Feature","properties":{},"geometry":{"type":"LineString","coordinates":[[-125.2149,48.7935],[-125.2149,48.7935]]}},{"type":"Feature","properties":{},"geometry":{"type":"LineString","coordinates":[[-125.2127,48.7924],[-125.2127,48.7924]]}},{"type":"Feature","properties":{},"geometry":{"type":"LineString","coordinates":[[-125.2118,48.7959],[-125.2118,48.7959]]}},{"type":"Feature","properties":{},"geometry":{"type":"LineString","coordinates":[[-125.2114,48.7967],[-125.2114,48.7967]]}},{"type":"Feature","properties":{},"geometry":{"type":"LineString","coordinates":[[-125.2299,48.8188],[-125.2299,48.8188]]}},{"type":"Feature","properties":{},"geometry":{"type":"LineString","coordinates":[[-125.2268,48.8205],[-125.2268,48.8205]]}},{"type":"Feature","properties":{},"geometry":{"type":"LineString","coordinates":[[-125.1995,48.8283],[-125.1995,48.8283]]}},{"type":"Feature","properties":{},"geometry":{"type":"LineString","coordinates":[[-125.2387,48.8293],[-125.2387,48.8293]]}},{"type":"Feature","properties":{},"geometry":{"type":"LineString","coordinates":[[-125.2044,48.8386],[-125.2044,48.8386]]}},{"type":"Feature","properties":{},"geometry":{"type":"LineString","coordinates":[[-125.2025,48.8368],[-125.2025,48.8368]]}},{"type":"Feature","properties":{},"geometry":{"type":"LineString","coordinates":[[-125.4548,48.8933],[-125.4548,48.8933]]}},{"type":"Feature","properties":{},"geometry":{"type":"LineString","coordinates":[[-125.4536,48.8926],[-125.4536,48.8926]]}},{"type":"Feature","properties":{},"geometry":{"type":"LineString","coordinates":[[-125.4343,48.8979],[-125.4343,48.8979]]}},{"type":"Feature","properties":{},"geometry":{"type":"LineString","coordinates":[[-125.432,48.8984],[-125.432,48.8984]]}},{"type":"Feature","properties":{},"geometry":{"type":"LineString","coordinates":[[-125.3918,48.887],[-125.3918,48.887]]}},{"type":"Feature","properties":{},"geometry":{"type":"LineString","coordinates":[[-125.3914,48.8867],[-125.3914,48.8867]]}},{"type":"Feature","properties":{},"geometry":{"type":"LineString","coordinates":[[-125.4925,48.8841],[-125.4925,48.8841]]}},{"type":"Feature","properties":{},"geometry":{"type":"LineString","coordinates":[[-125.4796,48.8752],[-125.4796,48.8752]]}},{"type":"Feature","properties":{},"geometry":{"type":"LineString","coordinates":[[-125.4776,48.8745],[-125.4776,48.8745]]}},{"type":"Feature","properties":{},"geometry":{"type":"LineString","coordinates":[[-125.4846,48.8802],[-125.4846,48.8802]]}},{"type":"Feature","properties":{},"geometry":{"type":"LineString","coordinates":[[-125.4713,48.8884],[-125.4713,48.8884]]}},{"type":"Feature","properties":{},"geometry":{"type":"LineString","coordinates":[[-125.454,48.8937],[-125.454,48.8937]]}},{"type":"Feature","properties":{},"geometry":{"type":"LineString","coordinates":[[-125.395,48.8805],[-125.395,48.8805]]}},{"type":"Feature","properties":{},"geometry":{"type":"LineString","coordinates":[[-125.3875,48.8827],[-125.3875,48.8827]]}},{"type":"Feature","properties":{},"geometry":{"type":"LineString","coordinates":[[-125.3896,48.8868],[-125.3896,48.8868]]}},{"type":"Feature","properties":{},"geometry":{"type":"LineString","coordinates":[[-125.3879,48.8908],[-125.3879,48.8908]]}},{"type":"Feature","properties":{},"geometry":{"type":"LineString","coordinates":[[-125.3896,48.8919],[-125.3896,48.8919]]}},{"type":"Feature","properties":{},"geometry":{"type":"LineString","coordinates":[[-125.3873,48.8929],[-125.3873,48.8929]]}},{"type":"Feature","properties":{},"geometry":{"type":"LineString","coordinates":[[-125.4852,48.8829],[-125.4852,48.8829]]}},{"type":"Feature","properties":{},"geometry":{"type":"LineString","coordinates":[[-125.3471,48.8534],[-125.3471,48.8534]]}},{"type":"Feature","properties":{},"geometry":{"type":"LineString","coordinates":[[-125.342,48.8541],[-125.342,48.8541]]}},{"type":"Feature","properties":{},"geometry":{"type":"LineString","coordinates":[[-125.3341,48.8593],[-125.3341,48.8593]]}},{"type":"Feature","properties":{},"geometry":{"type":"LineString","coordinates":[[-125.3307,48.8591],[-125.3307,48.8591]]}},{"type":"Feature","properties":{},"geometry":{"type":"LineString","coordinates":[[-125.3336,48.8622],[-125.3336,48.8622]]}},{"type":"Feature","properties":{},"geometry":{"type":"LineString","coordinates":[[-125.3561,48.851],[-125.3561,48.851]]}},{"type":"Feature","properties":{},"geometry":{"type":"LineString","coordinates":[[-125.3581,48.8517],[-125.3581,48.8517]]}},{"type":"Feature","properties":{},"geometry":{"type":"LineString","coordinates":[[-125.3556,48.8518],[-125.3556,48.8518]]}},{"type":"Feature","properties":{},"geometry":{"type":"LineString","coordinates":[[-125.3614,48.8559],[-125.3614,48.8559]]}},{"type":"Feature","properties":{},"geometry":{"type":"LineString","coordinates":[[-125.3516,48.8553],[-125.3516,48.8553]]}},{"type":"Feature","properties":{},"geometry":{"type":"LineString","coordinates":[[-125.3506,48.8555],[-125.3506,48.8555]]}},{"type":"Feature","properties":{},"geometry":{"type":"LineString","coordinates":[[-125.3546,48.8555],[-125.3546,48.8555]]}},{"type":"Feature","properties":{},"geometry":{"type":"LineString","coordinates":[[-125.3284,48.8511],[-125.3284,48.8511]]}},{"type":"Feature","properties":{},"geometry":{"type":"LineString","coordinates":[[-125.3282,48.8478],[-125.3282,48.8478]]}},{"type":"Feature","properties":{},"geometry":{"type":"LineString","coordinates":[[-125.3313,48.8538],[-125.3313,48.8538]]}},{"type":"Feature","properties":{},"geometry":{"type":"LineString","coordinates":[[-125.3295,48.8541],[-125.3295,48.8541]]}},{"type":"Feature","properties":{},"geometry":{"type":"LineString","coordinates":[[-125.3363,48.8619],[-125.3363,48.8619]]}},{"type":"Feature","properties":{},"geometry":{"type":"LineString","coordinates":[[-125.3347,48.8644],[-125.3347,48.8644]]}},{"type":"Feature","properties":{},"geometry":{"type":"LineString","coordinates":[[-125.3332,48.8642],[-125.3332,48.8642]]}},{"type":"Feature","properties":{},"geometry":{"type":"LineString","coordinates":[[-125.359,48.8591],[-125.359,48.8591]]}},{"type":"Feature","properties":{},"geometry":{"type":"LineString","coordinates":[[-125.3613,48.8654],[-125.3613,48.8654]]}},{"type":"Feature","properties":{},"geometry":{"type":"LineString","coordinates":[[-125.3562,48.866],[-125.3562,48.866]]}},{"type":"Feature","properties":{},"geometry":{"type":"LineString","coordinates":[[-125.3535,48.8652],[-125.3535,48.8652]]}},{"type":"Feature","properties":{},"geometry":{"type":"LineString","coordinates":[[-125.3503,48.8749],[-125.3503,48.8749]]}},{"type":"Feature","properties":{},"geometry":{"type":"LineString","coordinates":[[-125.3714,48.8599],[-125.3714,48.8599]]}},{"type":"Feature","properties":{},"geometry":{"type":"LineString","coordinates":[[-125.3666,48.8596],[-125.3666,48.8596]]}},{"type":"Feature","properties":{},"geometry":{"type":"LineString","coordinates":[[-125.3708,48.865],[-125.3708,48.865]]}},{"type":"Feature","properties":{},"geometry":{"type":"LineString","coordinates":[[-125.364,48.8651],[-125.364,48.8651]]}},{"type":"Feature","properties":{},"geometry":{"type":"LineString","coordinates":[[-125.3494,48.8649],[-125.3494,48.8649]]}},{"type":"Feature","properties":{},"geometry":{"type":"LineString","coordinates":[[-125.3599,48.872],[-125.3599,48.872]]}},{"type":"Feature","properties":{},"geometry":{"type":"LineString","coordinates":[[-125.351,48.8752],[-125.351,48.8752]]}},{"type":"Feature","properties":{},"geometry":{"type":"LineString","coordinates":[[-125.341,48.8714],[-125.341,48.8714]]}},{"type":"Feature","properties":{},"geometry":{"type":"LineString","coordinates":[[-125.3411,48.872],[-125.3411,48.872]]}},{"type":"Feature","properties":{},"geometry":{"type":"LineString","coordinates":[[-125.3388,48.8725],[-125.3388,48.8725]]}},{"type":"Feature","properties":{},"geometry":{"type":"LineString","coordinates":[[-125.3598,48.8687],[-125.3598,48.8687]]}},{"type":"Feature","properties":{},"geometry":{"type":"LineString","coordinates":[[-125.3787,48.8859],[-125.3787,48.8859]]}},{"type":"Feature","properties":{},"geometry":{"type":"LineString","coordinates":[[-125.3839,48.8906],[-125.3839,48.8906]]}},{"type":"Feature","properties":{},"geometry":{"type":"LineString","coordinates":[[-125.3813,48.8907],[-125.3813,48.8907]]}},{"type":"Feature","properties":{},"geometry":{"type":"LineString","coordinates":[[-125.3793,48.8924],[-125.3793,48.8924]]}},{"type":"Feature","properties":{},"geometry":{"type":"LineString","coordinates":[[-125.3855,48.8931],[-125.3855,48.8931]]}},{"type":"Feature","properties":{},"geometry":{"type":"LineString","coordinates":[[-125.3825,48.8931],[-125.3825,48.8931]]}},{"type":"Feature","properties":{},"geometry":{"type":"LineString","coordinates":[[-125.3758,48.8915],[-125.3758,48.8915]]}},{"type":"Feature","properties":{},"geometry":{"type":"LineString","coordinates":[[-125.3615,48.8726],[-125.3615,48.8726]]}},{"type":"Feature","properties":{},"geometry":{"type":"LineString","coordinates":[[-125.3764,48.8755],[-125.3764,48.8755]]}},{"type":"Feature","properties":{},"geometry":{"type":"LineString","coordinates":[[-125.3739,48.8761],[-125.3739,48.8761]]}},{"type":"Feature","properties":{},"geometry":{"type":"LineString","coordinates":[[-125.3728,48.8771],[-125.3728,48.8771]]}},{"type":"Feature","properties":{},"geometry":{"type":"LineString","coordinates":[[-125.3737,48.8776],[-125.3737,48.8776]]}},{"type":"Feature","properties":{},"geometry":{"type":"LineString","coordinates":[[-125.3727,48.8814],[-125.3727,48.8814]]}},{"type":"Feature","properties":{},"geometry":{"type":"LineString","coordinates":[[-125.3765,48.885],[-125.3765,48.885]]}},{"type":"Feature","properties":{},"geometry":{"type":"LineString","coordinates":[[-125.3787,48.8931],[-125.3787,48.8931]]}},{"type":"Feature","properties":{},"geometry":{"type":"LineString","coordinates":[[-125.3827,48.8937],[-125.3827,48.8937]]}},{"type":"Feature","properties":{},"geometry":{"type":"LineString","coordinates":[[-125.3799,48.893],[-125.3799,48.893]]}},{"type":"Feature","properties":{},"geometry":{"type":"LineString","coordinates":[[-125.3776,48.8935],[-125.3776,48.8935]]}},{"type":"Feature","properties":{},"geometry":{"type":"LineString","coordinates":[[-125.3498,48.8783],[-125.3498,48.8783]]}},{"type":"Feature","properties":{},"geometry":{"type":"LineString","coordinates":[[-125.3711,48.9031],[-125.3711,48.9031]]}},{"type":"Feature","properties":{},"geometry":{"type":"LineString","coordinates":[[-125.3712,48.9033],[-125.3712,48.9033]]}},{"type":"Feature","properties":{},"geometry":{"type":"LineString","coordinates":[[-125.3624,48.8763],[-125.3624,48.8763]]}},{"type":"Feature","properties":{},"geometry":{"type":"LineString","coordinates":[[-125.3617,48.8761],[-125.3617,48.8761]]}},{"type":"Feature","properties":{},"geometry":{"type":"LineString","coordinates":[[-125.3543,48.8764],[-125.3543,48.8764]]}},{"type":"Feature","properties":{},"geometry":{"type":"LineString","coordinates":[[-125.35,48.8789],[-125.35,48.8789]]}},{"type":"Feature","properties":{},"geometry":{"type":"LineString","coordinates":[[-125.3694,48.8901],[-125.3694,48.8901]]}},{"type":"Feature","properties":{},"geometry":{"type":"LineString","coordinates":[[-125.3607,48.897],[-125.3607,48.897]]}},{"type":"Feature","properties":{},"geometry":{"type":"LineString","coordinates":[[-125.3603,48.8972],[-125.3603,48.8972]]}},{"type":"Feature","properties":{},"geometry":{"type":"LineString","coordinates":[[-125.3748,48.9023],[-125.3748,48.9023]]}},{"type":"Feature","properties":{},"geometry":{"type":"LineString","coordinates":[[-125.3671,48.8994],[-125.3671,48.8994]]}},{"type":"Feature","properties":{},"geometry":{"type":"LineString","coordinates":[[-125.3665,48.8994],[-125.3665,48.8994]]}},{"type":"Feature","properties":{},"geometry":{"type":"LineString","coordinates":[[-125.372,48.9031],[-125.372,48.9031]]}},{"type":"Feature","properties":{},"geometry":{"type":"LineString","coordinates":[[-125.3674,48.9071],[-125.3674,48.9071]]}},{"type":"Feature","properties":{},"geometry":{"type":"LineString","coordinates":[[-125.3642,48.9076],[-125.3642,48.9076]]}},{"type":"Feature","properties":{},"geometry":{"type":"LineString","coordinates":[[-125.3727,48.9069],[-125.3727,48.9069]]}},{"type":"Feature","properties":{},"geometry":{"type":"LineString","coordinates":[[-125.3161,48.8603],[-125.3161,48.8603]]}},{"type":"Feature","properties":{},"geometry":{"type":"LineString","coordinates":[[-125.3137,48.8605],[-125.3137,48.8605]]}},{"type":"Feature","properties":{},"geometry":{"type":"LineString","coordinates":[[-125.3119,48.8604],[-125.3119,48.8604]]}},{"type":"Feature","properties":{},"geometry":{"type":"LineString","coordinates":[[-125.3151,48.8567],[-125.3151,48.8567]]}},{"type":"Feature","properties":{},"geometry":{"type":"LineString","coordinates":[[-125.306,48.8538],[-125.306,48.8538]]}},{"type":"Feature","properties":{},"geometry":{"type":"LineString","coordinates":[[-125.312,48.8591],[-125.312,48.8591]]}},{"type":"Feature","properties":{},"geometry":{"type":"LineString","coordinates":[[-125.3162,48.8821],[-125.3162,48.8821]]}},{"type":"Feature","properties":{},"geometry":{"type":"LineString","coordinates":[[-125.3123,48.8814],[-125.3123,48.8814]]}},{"type":"Feature","properties":{},"geometry":{"type":"LineString","coordinates":[[-125.3479,48.8974],[-125.3479,48.8974]]}},{"type":"Feature","properties":{},"geometry":{"type":"LineString","coordinates":[[-125.3443,48.8962],[-125.3443,48.8962]]}},{"type":"Feature","properties":{},"geometry":{"type":"LineString","coordinates":[[-125.345,48.8995],[-125.345,48.8995]]}},{"type":"Feature","properties":{},"geometry":{"type":"LineString","coordinates":[[-125.3416,48.8973],[-125.3416,48.8973]]}},{"type":"Feature","properties":{},"geometry":{"type":"LineString","coordinates":[[-125.341,48.8974],[-125.341,48.8974]]}},{"type":"Feature","properties":{},"geometry":{"type":"LineString","coordinates":[[-125.3408,48.8982],[-125.3408,48.8982]]}},{"type":"Feature","properties":{},"geometry":{"type":"LineString","coordinates":[[-125.342,48.8985],[-125.342,48.8985]]}},{"type":"Feature","properties":{},"geometry":{"type":"LineString","coordinates":[[-125.344,48.8984],[-125.344,48.8984]]}},{"type":"Feature","properties":{},"geometry":{"type":"LineString","coordinates":[[-125.3427,48.8999],[-125.3427,48.8999]]}},{"type":"Feature","properties":{},"geometry":{"type":"LineString","coordinates":[[-125.3486,48.9063],[-125.3354,48.9032],[-125.3288,48.8953],[-125.3415,48.8991],[-125.3519,48.905],[-125.3486,48.9063]]}},{"type":"Feature","properties":{},"geometry":{"type":"LineString","coordinates":[[-125.3476,48.8948],[-125.3476,48.8948]]}},{"type":"Feature","properties":{},"geometry":{"type":"LineString","coordinates":[[-125.3186,48.882],[-125.3186,48.882]]}},{"type":"Feature","properties":{},"geometry":{"type":"LineString","coordinates":[[-125.3187,48.8828],[-125.3187,48.8828]]}},{"type":"Feature","properties":{},"geometry":{"type":"LineString","coordinates":[[-125.3224,48.8941],[-125.3224,48.8941]]}},{"type":"Feature","properties":{},"geometry":{"type":"LineString","coordinates":[[-125.3168,48.8945],[-125.3168,48.8945]]}},{"type":"Feature","properties":{},"geometry":{"type":"LineString","coordinates":[[-125.3033,48.8905],[-125.3033,48.8905]]}},{"type":"Feature","properties":{},"geometry":{"type":"LineString","coordinates":[[-125.3031,48.8918],[-125.3031,48.8918]]}},{"type":"Feature","properties":{},"geometry":{"type":"LineString","coordinates":[[-125.3026,48.8917],[-125.3026,48.8917]]}},{"type":"Feature","properties":{},"geometry":{"type":"LineString","coordinates":[[-125.3003,48.8911],[-125.3003,48.8911]]}},{"type":"Feature","properties":{},"geometry":{"type":"LineString","coordinates":[[-125.3016,48.8937],[-125.3016,48.8937]]}},{"type":"Feature","properties":{},"geometry":{"type":"LineString","coordinates":[[-125.3456,48.9133],[-125.3456,48.9133]]}},{"type":"Feature","properties":{},"geometry":{"type":"LineString","coordinates":[[-125.3319,48.9126],[-125.3319,48.9126]]}},{"type":"Feature","properties":{},"geometry":{"type":"LineString","coordinates":[[-125.3293,48.911],[-125.3293,48.911]]}},{"type":"Feature","properties":{},"geometry":{"type":"LineString","coordinates":[[-125.3289,48.9119],[-125.3289,48.9119]]}},{"type":"Feature","properties":{},"geometry":{"type":"LineString","coordinates":[[-125.3323,48.9172],[-125.3323,48.9172]]}},{"type":"Feature","properties":{},"geometry":{"type":"LineString","coordinates":[[-125.3226,48.9165],[-125.3226,48.9165]]}},{"type":"Feature","properties":{},"geometry":{"type":"LineString","coordinates":[[-125.3143,48.9169],[-125.3143,48.9169]]}},{"type":"Feature","properties":{},"geometry":{"type":"LineString","coordinates":[[-125.3209,48.9191],[-125.3209,48.9191]]}},{"type":"Feature","properties":{},"geometry":{"type":"LineString","coordinates":[[-125.3302,48.9135],[-125.3166,48.9117],[-125.3255,48.9049],[-125.3305,48.9134],[-125.3302,48.9135]]}},{"type":"Feature","properties":{},"geometry":{"type":"LineString","coordinates":[[-125.3528,48.9046],[-125.3528,48.9046]]}},{"type":"Feature","properties":{},"geometry":{"type":"LineString","coordinates":[[-125.3403,48.9118],[-125.3403,48.9118]]}},{"type":"Feature","properties":{},"geometry":{"type":"LineString","coordinates":[[-125.3333,48.9133],[-125.3333,48.9133]]}},{"type":"Feature","properties":{},"geometry":{"type":"LineString","coordinates":[[-125.3284,48.9153],[-125.3284,48.9153]]}},{"type":"Feature","properties":{},"geometry":{"type":"LineString","coordinates":[[-125.3308,48.9174],[-125.3308,48.9174]]}},{"type":"Feature","properties":{},"geometry":{"type":"LineString","coordinates":[[-125.3136,48.9166],[-125.3136,48.9166]]}},{"type":"Feature","properties":{},"geometry":{"type":"LineString","coordinates":[[-125.3174,48.923],[-125.3174,48.923]]}},{"type":"Feature","properties":{},"geometry":{"type":"LineString","coordinates":[[-125.3577,48.9085],[-125.3577,48.9085]]}},{"type":"Feature","properties":{},"geometry":{"type":"LineString","coordinates":[[-125.2926,48.9096],[-125.2926,48.9096]]}},{"type":"Feature","properties":{},"geometry":{"type":"LineString","coordinates":[[-125.2986,48.8941],[-125.2986,48.8941]]}},{"type":"Feature","properties":{},"geometry":{"type":"LineString","coordinates":[[-125.2982,48.9015],[-125.2982,48.9015]]}},{"type":"Feature","properties":{},"geometry":{"type":"LineString","coordinates":[[-125.2975,48.9021],[-125.2975,48.9021]]}},{"type":"Feature","properties":{},"geometry":{"type":"LineString","coordinates":[[-125.2956,48.9024],[-125.2956,48.9024]]}},{"type":"Feature","properties":{},"geometry":{"type":"LineString","coordinates":[[-125.296,48.9029],[-125.296,48.9029]]}},{"type":"Feature","properties":{},"geometry":{"type":"LineString","coordinates":[[-125.2927,48.9045],[-125.2927,48.9045]]}},{"type":"Feature","properties":{},"geometry":{"type":"LineString","coordinates":[[-125.2791,48.8935],[-125.2791,48.8935]]}},{"type":"Feature","properties":{},"geometry":{"type":"LineString","coordinates":[[-125.2755,48.8949],[-125.2755,48.8949]]}},{"type":"Feature","properties":{},"geometry":{"type":"LineString","coordinates":[[-125.2775,48.8957],[-125.2775,48.8957]]}},{"type":"Feature","properties":{},"geometry":{"type":"LineString","coordinates":[[-125.2777,48.9021],[-125.2777,48.9021]]}},{"type":"Feature","properties":{},"geometry":{"type":"LineString","coordinates":[[-125.2783,48.9035],[-125.2783,48.9035]]}},{"type":"Feature","properties":{},"geometry":{"type":"LineString","coordinates":[[-125.2797,48.9042],[-125.2797,48.9042]]}},{"type":"Feature","properties":{},"geometry":{"type":"LineString","coordinates":[[-125.286,48.9044],[-125.286,48.9044]]}},{"type":"Feature","properties":{},"geometry":{"type":"LineString","coordinates":[[-125.2868,48.9058],[-125.2868,48.9058]]}},{"type":"Feature","properties":{},"geometry":{"type":"LineString","coordinates":[[-125.2852,48.9053],[-125.2852,48.9053]]}},{"type":"Feature","properties":{},"geometry":{"type":"LineString","coordinates":[[-125.2883,48.9076],[-125.2883,48.9076]]}},{"type":"Feature","properties":{},"geometry":{"type":"LineString","coordinates":[[-125.2807,48.9079],[-125.2807,48.9079]]}},{"type":"Feature","properties":{},"geometry":{"type":"LineString","coordinates":[[-125.2832,48.8975],[-125.2832,48.8975]]}},{"type":"Feature","properties":{},"geometry":{"type":"LineString","coordinates":[[-125.2925,48.9239],[-125.2925,48.9239]]}},{"type":"Feature","properties":{},"geometry":{"type":"LineString","coordinates":[[-125.3076,48.9125],[-125.3076,48.9125]]}},{"type":"Feature","properties":{},"geometry":{"type":"LineString","coordinates":[[-125.3075,48.9155],[-125.3075,48.9155]]}},{"type":"Feature","properties":{},"geometry":{"type":"LineString","coordinates":[[-125.3061,48.9165],[-125.3061,48.9165]]}},{"type":"Feature","properties":{},"geometry":{"type":"LineString","coordinates":[[-125.305,48.9181],[-125.305,48.9181]]}},{"type":"Feature","properties":{},"geometry":{"type":"LineString","coordinates":[[-125.2994,48.9167],[-125.2994,48.9167]]}},{"type":"Feature","properties":{},"geometry":{"type":"LineString","coordinates":[[-125.307,48.9193],[-125.307,48.9193]]}},{"type":"Feature","properties":{},"geometry":{"type":"LineString","coordinates":[[-125.3051,48.9209],[-125.3051,48.9209]]}},{"type":"Feature","properties":{},"geometry":{"type":"LineString","coordinates":[[-125.2919,48.9113],[-125.2919,48.9113]]}},{"type":"Feature","properties":{},"geometry":{"type":"LineString","coordinates":[[-125.2904,48.9165],[-125.2904,48.9165]]}},{"type":"Feature","properties":{},"geometry":{"type":"LineString","coordinates":[[-125.2898,48.9171],[-125.2898,48.9171]]}},{"type":"Feature","properties":{},"geometry":{"type":"LineString","coordinates":[[-125.1993,48.8503],[-125.1993,48.8503]]}},{"type":"Feature","properties":{},"geometry":{"type":"LineString","coordinates":[[-125.2001,48.8502],[-125.2001,48.8502]]}},{"type":"Feature","properties":{},"geometry":{"type":"LineString","coordinates":[[-125.1708,48.8707],[-125.1708,48.8707]]}},{"type":"Feature","properties":{},"geometry":{"type":"LineString","coordinates":[[-125.1651,48.8653],[-125.1651,48.8653]]}},{"type":"Feature","properties":{},"geometry":{"type":"LineString","coordinates":[[-125.2895,48.8684],[-125.2895,48.8684]]}},{"type":"Feature","properties":{},"geometry":{"type":"LineString","coordinates":[[-125.2957,48.8765],[-125.2957,48.8765]]}},{"type":"Feature","properties":{},"geometry":{"type":"LineString","coordinates":[[-125.2886,48.8874],[-125.2886,48.8874]]}},{"type":"Feature","properties":{},"geometry":{"type":"LineString","coordinates":[[-125.2894,48.8879],[-125.2894,48.8879]]}},{"type":"Feature","properties":{},"geometry":{"type":"LineString","coordinates":[[-125.1671,48.8732],[-125.1671,48.8732]]}},{"type":"Feature","properties":{},"geometry":{"type":"LineString","coordinates":[[-125.183,48.8533],[-125.183,48.8533]]}},{"type":"Feature","properties":{},"geometry":{"type":"LineString","coordinates":[[-125.1834,48.8549],[-125.1834,48.8549]]}},{"type":"Feature","properties":{},"geometry":{"type":"LineString","coordinates":[[-125.1582,48.8591],[-125.1582,48.8591]]}},{"type":"Feature","properties":{},"geometry":{"type":"LineString","coordinates":[[-125.1605,48.8682],[-125.1605,48.8682]]}},{"type":"Feature","properties":{},"geometry":{"type":"LineString","coordinates":[[-125.1617,48.8717],[-125.1617,48.8717]]}},{"type":"Feature","properties":{},"geometry":{"type":"LineString","coordinates":[[-125.161,48.8703],[-125.161,48.8703]]}},{"type":"Feature","properties":{},"geometry":{"type":"LineString","coordinates":[[-125.1663,48.8734],[-125.1663,48.8734]]}},{"type":"Feature","properties":{},"geometry":{"type":"LineString","coordinates":[[-125.1662,48.8743],[-125.1662,48.8743]]}},{"type":"Feature","properties":{},"geometry":{"type":"LineString","coordinates":[[-125.1639,48.8747],[-125.1639,48.8747]]}},{"type":"Feature","properties":{},"geometry":{"type":"LineString","coordinates":[[-125.16,48.8741],[-125.16,48.8741]]}},{"type":"Feature","properties":{},"geometry":{"type":"LineString","coordinates":[[-125.3129,48.9408],[-125.3129,48.9408]]}},{"type":"Feature","properties":{},"geometry":{"type":"LineString","coordinates":[[-125.3254,48.9437],[-125.3254,48.9437]]}},{"type":"Feature","properties":{},"geometry":{"type":"LineString","coordinates":[[-125.3255,48.9435],[-125.3255,48.9435]]}},{"type":"Feature","properties":{},"geometry":{"type":"LineString","coordinates":[[-125.3121,48.939],[-125.3121,48.939]]}},{"type":"Feature","properties":{},"geometry":{"type":"LineString","coordinates":[[-125.465,48.8971],[-125.465,48.8971]]}},{"type":"Feature","properties":{},"geometry":{"type":"LineString","coordinates":[[-125.4719,48.9096],[-125.4719,48.9096]]}},{"type":"Feature","properties":{},"geometry":{"type":"LineString","coordinates":[[-125.3471,48.9176],[-125.3471,48.9176]]}},{"type":"Feature","properties":{},"geometry":{"type":"LineString","coordinates":[[-125.3817,48.9257],[-125.3817,48.9257]]}},{"type":"Feature","properties":{},"geometry":{"type":"LineString","coordinates":[[-125.3809,48.9256],[-125.3809,48.9256]]}},{"type":"Feature","properties":{},"geometry":{"type":"LineString","coordinates":[[-125.3799,48.9257],[-125.3799,48.9257]]}},{"type":"Feature","properties":{},"geometry":{"type":"LineString","coordinates":[[-125.3859,48.9322],[-125.3859,48.9322]]}},{"type":"Feature","properties":{},"geometry":{"type":"LineString","coordinates":[[-125.3838,48.9327],[-125.3838,48.9327]]}},{"type":"Feature","properties":{},"geometry":{"type":"LineString","coordinates":[[-125.3459,48.9191],[-125.3459,48.9191]]}},{"type":"Feature","properties":{},"geometry":{"type":"LineString","coordinates":[[-125.339,48.9256],[-125.339,48.9256]]}},{"type":"Feature","properties":{},"geometry":{"type":"LineString","coordinates":[[-125.3234,48.9408],[-125.3234,48.9408]]}},{"type":"Feature","properties":{},"geometry":{"type":"LineString","coordinates":[[-125.32,48.9412],[-125.32,48.9412]]}},{"type":"Feature","properties":{},"geometry":{"type":"LineString","coordinates":[[-125.3251,48.9476],[-125.3251,48.9476]]}},{"type":"Feature","properties":{},"geometry":{"type":"LineString","coordinates":[[-125.3681,48.922],[-125.3681,48.922]]}},{"type":"Feature","properties":{},"geometry":{"type":"LineString","coordinates":[[-125.3195,48.9527],[-125.3195,48.9527]]}},{"type":"Feature","properties":{},"geometry":{"type":"LineString","coordinates":[[-125.2734,48.9069],[-125.2734,48.9069]]}},{"type":"Feature","properties":{},"geometry":{"type":"LineString","coordinates":[[-125.2733,48.9082],[-125.2733,48.9082]]}},{"type":"Feature","properties":{},"geometry":{"type":"LineString","coordinates":[[-125.2688,48.9155],[-125.2688,48.9155]]}},{"type":"Feature","properties":{},"geometry":{"type":"LineString","coordinates":[[-125.2895,48.9263],[-125.2895,48.9263]]}},{"type":"Feature","properties":{},"geometry":{"type":"LineString","coordinates":[[-125.2791,48.9217],[-125.2791,48.9217]]}},{"type":"Feature","properties":{},"geometry":{"type":"LineString","coordinates":[[-125.2823,48.9218],[-125.2823,48.9218]]}},{"type":"Feature","properties":{},"geometry":{"type":"LineString","coordinates":[[-125.2771,48.9235],[-125.2771,48.9235]]}},{"type":"Feature","properties":{},"geometry":{"type":"LineString","coordinates":[[-125.2827,48.9294],[-125.2827,48.9294]]}},{"type":"Feature","properties":{},"geometry":{"type":"LineString","coordinates":[[-125.2817,48.9289],[-125.2817,48.9289]]}},{"type":"Feature","properties":{},"geometry":{"type":"LineString","coordinates":[[-125.2774,48.9254],[-125.2774,48.9254]]}},{"type":"Feature","properties":{},"geometry":{"type":"LineString","coordinates":[[-125.2613,48.9056],[-125.2613,48.9056]]}},{"type":"Feature","properties":{},"geometry":{"type":"LineString","coordinates":[[-125.2722,48.9111],[-125.2722,48.9111]]}},{"type":"Feature","properties":{},"geometry":{"type":"LineString","coordinates":[[-125.2749,48.9015],[-125.2749,48.9015]]}},{"type":"Feature","properties":{},"geometry":{"type":"LineString","coordinates":[[-125.2741,48.9084],[-125.2741,48.9084]]}},{"type":"Feature","properties":{},"geometry":{"type":"LineString","coordinates":[[-125.2814,48.931],[-125.2814,48.931]]}},{"type":"Feature","properties":{},"geometry":{"type":"LineString","coordinates":[[-125.2618,48.9107],[-125.2618,48.9107]]}},{"type":"Feature","properties":{},"geometry":{"type":"LineString","coordinates":[[-125.2629,48.9117],[-125.2629,48.9117]]}},{"type":"Feature","properties":{},"geometry":{"type":"LineString","coordinates":[[-125.2743,48.9329],[-125.2743,48.9329]]}},{"type":"Feature","properties":{},"geometry":{"type":"LineString","coordinates":[[-123.5018,48.3854],[-123.5018,48.3854]]}},{"type":"Feature","properties":{},"geometry":{"type":"LineString","coordinates":[[-125.1232,48.8826],[-125.1232,48.8826]]}},{"type":"Feature","properties":{},"geometry":{"type":"LineString","coordinates":[[-125.1241,48.8834],[-125.1241,48.8834]]}},{"type":"Feature","properties":{},"geometry":{"type":"LineString","coordinates":[[-125.1139,48.9129],[-125.1139,48.9129]]}},{"type":"Feature","properties":{},"geometry":{"type":"LineString","coordinates":[[-125.1125,48.9138],[-125.1125,48.9138]]}},{"type":"Feature","properties":{},"geometry":{"type":"LineString","coordinates":[[-125.1333,48.8977],[-125.12,48.8951],[-125.1213,48.8862],[-125.1331,48.8814],[-125.1463,48.8785],[-125.1593,48.8753],[-125.1526,48.8831],[-125.1419,48.8887],[-125.1322,48.8952],[-125.1333,48.8977]]}},{"type":"Feature","properties":{},"geometry":{"type":"LineString","coordinates":[[-125.1187,48.9037],[-125.1187,48.9037]]}},{"type":"Feature","properties":{},"geometry":{"type":"LineString","coordinates":[[-125.1242,48.9243],[-125.1242,48.9243]]}},{"type":"Feature","properties":{},"geometry":{"type":"LineString","coordinates":[[-125.1077,48.9133],[-125.1077,48.9133]]}},{"type":"Feature","properties":{},"geometry":{"type":"LineString","coordinates":[[-125.1205,48.9254],[-125.1205,48.9254]]}},{"type":"Feature","properties":{},"geometry":{"type":"LineString","coordinates":[[-125.1113,48.9237],[-125.1113,48.9237]]}},{"type":"Feature","properties":{},"geometry":{"type":"LineString","coordinates":[[-125.111,48.9283],[-125.111,48.9283]]}},{"type":"Feature","properties":{},"geometry":{"type":"LineString","coordinates":[[-125.1195,48.9311],[-125.1195,48.9311]]}},{"type":"Feature","properties":{},"geometry":{"type":"LineString","coordinates":[[-125.0805,48.9586],[-125.0805,48.9586]]}},{"type":"Feature","properties":{},"geometry":{"type":"LineString","coordinates":[[-125.0375,48.9095],[-125.0375,48.9095]]}},{"type":"Feature","properties":{},"geometry":{"type":"LineString","coordinates":[[-125.0788,48.9465],[-125.0788,48.9465]]}},{"type":"Feature","properties":{},"geometry":{"type":"LineString","coordinates":[[-125.078,48.9474],[-125.078,48.9474]]}},{"type":"Feature","properties":{},"geometry":{"type":"LineString","coordinates":[[-125.0353,48.9103],[-125.0353,48.9103]]}},{"type":"Feature","properties":{},"geometry":{"type":"LineString","coordinates":[[-125.0343,48.9114],[-125.0343,48.9114]]}},{"type":"Feature","properties":{},"geometry":{"type":"LineString","coordinates":[[-125.0324,48.9292],[-125.0269,48.9208],[-125.0355,48.9279],[-125.0324,48.9292]]}},{"type":"Feature","properties":{},"geometry":{"type":"LineString","coordinates":[[-123.5024,48.3854],[-123.5024,48.3854]]}},{"type":"Feature","properties":{},"geometry":{"type":"LineString","coordinates":[[-125.0802,48.947],[-125.0802,48.947]]}},{"type":"Feature","properties":{},"geometry":{"type":"LineString","coordinates":[[-125.0649,48.9543],[-125.0512,48.9529],[-125.0462,48.9444],[-125.0551,48.9375],[-125.0577,48.9287],[-125.0588,48.9198],[-125.0652,48.9119],[-125.0781,48.9086],[-125.0822,48.9],[-125.0948,48.8958],[-125.1084,48.8938],[-125.1161,48.9012],[-125.1074,48.9081],[-125.111,48.9168],[-125.1069,48.9255],[-125.0964,48.9315],[-125.0843,48.9359],[-125.0809,48.9446],[-125.069,48.949],[-125.0649,48.9543]]}},{"type":"Feature","properties":{},"geometry":{"type":"LineString","coordinates":[[-125.0858,48.9567],[-125.0858,48.9567]]}},{"type":"Feature","properties":{},"geometry":{"type":"LineString","coordinates":[[-123.9862,48.3951],[-123.9862,48.3951]]}},{"type":"Feature","properties":{},"geometry":{"type":"LineString","coordinates":[[-123.9865,48.3962],[-123.9865,48.3962]]}},{"type":"Feature","properties":{},"geometry":{"type":"LineString","coordinates":[[-123.9881,48.4002],[-123.9881,48.4002]]}},{"type":"Feature","properties":{},"geometry":{"type":"LineString","coordinates":[[-123.7072,48.3325],[-123.7072,48.3325]]}},{"type":"Feature","properties":{},"geometry":{"type":"LineString","coordinates":[[-123.7043,48.3391],[-123.7043,48.3391]]}},{"type":"Feature","properties":{},"geometry":{"type":"LineString","coordinates":[[-123.7127,48.3428],[-123.7127,48.3428]]}},{"type":"Feature","properties":{},"geometry":{"type":"LineString","coordinates":[[-123.7128,48.3432],[-123.7128,48.3432]]}},{"type":"Feature","properties":{},"geometry":{"type":"LineString","coordinates":[[-123.7165,48.3627],[-123.7165,48.3627]]}},{"type":"Feature","properties":{},"geometry":{"type":"LineString","coordinates":[[-123.7009,48.3382],[-123.7009,48.3382]]}},{"type":"Feature","properties":{},"geometry":{"type":"LineString","coordinates":[[-123.6594,48.3176],[-123.6594,48.3176]]}},{"type":"Feature","properties":{},"geometry":{"type":"LineString","coordinates":[[-123.6583,48.3176],[-123.6583,48.3176]]}},{"type":"Feature","properties":{},"geometry":{"type":"LineString","coordinates":[[-123.681,48.3729],[-123.681,48.3729]]}},{"type":"Feature","properties":{},"geometry":{"type":"LineString","coordinates":[[-123.6455,48.3649],[-123.6455,48.3649]]}},{"type":"Feature","properties":{},"geometry":{"type":"LineString","coordinates":[[-123.6504,48.3732],[-123.6504,48.3732]]}},{"type":"Feature","properties":{},"geometry":{"type":"LineString","coordinates":[[-123.6577,48.3899],[-123.6577,48.3899]]}},{"type":"Feature","properties":{},"geometry":{"type":"LineString","coordinates":[[-124.4596,48.5367],[-124.4596,48.5367]]}},{"type":"Feature","properties":{},"geometry":{"type":"LineString","coordinates":[[-124.4596,48.5372],[-124.4596,48.5372]]}},{"type":"Feature","properties":{},"geometry":{"type":"LineString","coordinates":[[-124.4591,48.5367],[-124.4591,48.5367]]}},{"type":"Feature","properties":{},"geometry":{"type":"LineString","coordinates":[[-124.4591,48.5373],[-124.4591,48.5373]]}},{"type":"Feature","properties":{},"geometry":{"type":"LineString","coordinates":[[-124.4585,48.5376],[-124.4585,48.5376]]}},{"type":"Feature","properties":{},"geometry":{"type":"LineString","coordinates":[[-123.5996,48.3246],[-123.5996,48.3246]]}},{"type":"Feature","properties":{},"geometry":{"type":"LineString","coordinates":[[-123.6003,48.3258],[-123.6003,48.3258]]}},{"type":"Feature","properties":{},"geometry":{"type":"LineString","coordinates":[[-123.5981,48.3248],[-123.5981,48.3248]]}},{"type":"Feature","properties":{},"geometry":{"type":"LineString","coordinates":[[-123.607,48.3261],[-123.607,48.3261]]}},{"type":"Feature","properties":{},"geometry":{"type":"LineString","coordinates":[[-123.6057,48.3257],[-123.6057,48.3257]]}},{"type":"Feature","properties":{},"geometry":{"type":"LineString","coordinates":[[-123.6048,48.3276],[-123.6048,48.3276]]}},{"type":"Feature","properties":{},"geometry":{"type":"LineString","coordinates":[[-123.6044,48.3276],[-123.6044,48.3276]]}},{"type":"Feature","properties":{},"geometry":{"type":"LineString","coordinates":[[-123.6039,48.3125],[-123.6039,48.3125]]}},{"type":"Feature","properties":{},"geometry":{"type":"LineString","coordinates":[[-123.605,48.3153],[-123.605,48.3153]]}},{"type":"Feature","properties":{},"geometry":{"type":"LineString","coordinates":[[-123.6066,48.3158],[-123.6066,48.3158]]}},{"type":"Feature","properties":{},"geometry":{"type":"LineString","coordinates":[[-123.6003,48.3132],[-123.6003,48.3132]]}},{"type":"Feature","properties":{},"geometry":{"type":"LineString","coordinates":[[-123.6006,48.3138],[-123.6006,48.3138]]}},{"type":"Feature","properties":{},"geometry":{"type":"LineString","coordinates":[[-123.5995,48.3137],[-123.5995,48.3137]]}},{"type":"Feature","properties":{},"geometry":{"type":"LineString","coordinates":[[-123.592,48.3134],[-123.592,48.3134]]}},{"type":"Feature","properties":{},"geometry":{"type":"LineString","coordinates":[[-123.6019,48.321],[-123.6019,48.321]]}},{"type":"Feature","properties":{},"geometry":{"type":"LineString","coordinates":[[-123.6016,48.3217],[-123.6016,48.3217]]}},{"type":"Feature","properties":{},"geometry":{"type":"LineString","coordinates":[[-123.6047,48.3256],[-123.6047,48.3256]]}},{"type":"Feature","properties":{},"geometry":{"type":"LineString","coordinates":[[-123.61,48.3265],[-123.61,48.3265]]}},{"type":"Feature","properties":{},"geometry":{"type":"LineString","coordinates":[[-123.6103,48.327],[-123.6103,48.327]]}},{"type":"Feature","properties":{},"geometry":{"type":"LineString","coordinates":[[-123.6042,48.3285],[-123.6042,48.3285]]}},{"type":"Feature","properties":{},"geometry":{"type":"LineString","coordinates":[[-123.6248,48.3304],[-123.6248,48.3304]]}},{"type":"Feature","properties":{},"geometry":{"type":"LineString","coordinates":[[-123.5936,48.3325],[-123.5936,48.3325]]}},{"type":"Feature","properties":{},"geometry":{"type":"LineString","coordinates":[[-123.5933,48.3328],[-123.5933,48.3328]]}},{"type":"Feature","properties":{},"geometry":{"type":"LineString","coordinates":[[-123.5061,48.3794],[-123.5061,48.3794]]}},{"type":"Feature","properties":{},"geometry":{"type":"LineString","coordinates":[[-123.5056,48.3794],[-123.5056,48.3794]]}},{"type":"Feature","properties":{},"geometry":{"type":"LineString","coordinates":[[-123.5048,48.3795],[-123.5048,48.3795]]}},{"type":"Feature","properties":{},"geometry":{"type":"LineString","coordinates":[[-123.5037,48.3839],[-123.5037,48.3839]]}},{"type":"Feature","properties":{},"geometry":{"type":"LineString","coordinates":[[-123.5047,48.3847],[-123.5047,48.3847]]}},{"type":"Feature","properties":{},"geometry":{"type":"LineString","coordinates":[[-123.6263,48.332],[-123.6263,48.332]]}},{"type":"Feature","properties":{},"geometry":{"type":"LineString","coordinates":[[-123.621,48.3301],[-123.621,48.3301]]}},{"type":"Feature","properties":{},"geometry":{"type":"LineString","coordinates":[[-123.5996,48.3365],[-123.5996,48.3365]]}},{"type":"Feature","properties":{},"geometry":{"type":"LineString","coordinates":[[-123.5928,48.3319],[-123.5928,48.3319]]}},{"type":"Feature","properties":{},"geometry":{"type":"LineString","coordinates":[[-123.5971,48.3378],[-123.5971,48.3378]]}},{"type":"Feature","properties":{},"geometry":{"type":"LineString","coordinates":[[-123.594,48.3378],[-123.594,48.3378]]}},{"type":"Feature","properties":{},"geometry":{"type":"LineString","coordinates":[[-123.5519,48.3398],[-123.5519,48.3398]]}},{"type":"Feature","properties":{},"geometry":{"type":"LineString","coordinates":[[-123.5068,48.3806],[-123.5068,48.3806]]}},{"type":"Feature","properties":{},"geometry":{"type":"LineString","coordinates":[[-123.5071,48.3826],[-123.5071,48.3826]]}},{"type":"Feature","properties":{},"geometry":{"type":"LineString","coordinates":[[-123.5047,48.383],[-123.5047,48.383]]}},{"type":"Feature","properties":{},"geometry":{"type":"LineString","coordinates":[[-123.4799,48.3842],[-123.4799,48.3842]]}},{"type":"Feature","properties":{},"geometry":{"type":"LineString","coordinates":[[-125.0915,48.7196],[-125.0915,48.7196]]}},{"type":"Feature","properties":{},"geometry":{"type":"LineString","coordinates":[[-125.093,48.7195],[-125.093,48.7195]]}},{"type":"Feature","properties":{},"geometry":{"type":"LineString","coordinates":[[-125.1092,48.727],[-125.1092,48.727]]}},{"type":"Feature","properties":{},"geometry":{"type":"LineString","coordinates":[[-125.1097,48.7273],[-125.1097,48.7273]]}},{"type":"Feature","properties":{},"geometry":{"type":"LineString","coordinates":[[-125.1117,48.7284],[-125.1117,48.7284]]}},{"type":"Feature","properties":{},"geometry":{"type":"LineString","coordinates":[[-125.1107,48.728],[-125.1107,48.728]]}},{"type":"Feature","properties":{},"geometry":{"type":"LineString","coordinates":[[-125.117,48.7312],[-125.117,48.7312]]}},{"type":"Feature","properties":{},"geometry":{"type":"LineString","coordinates":[[-125.1172,48.7332],[-125.1172,48.7332]]}},{"type":"Feature","properties":{},"geometry":{"type":"LineString","coordinates":[[-125.1166,48.7337],[-125.1166,48.7337]]}},{"type":"Feature","properties":{},"geometry":{"type":"LineString","coordinates":[[-125.0978,48.7209],[-125.0978,48.7209]]}},{"type":"Feature","properties":{},"geometry":{"type":"LineString","coordinates":[[-125.0896,48.7188],[-125.0896,48.7188]]}},{"type":"Feature","properties":{},"geometry":{"type":"LineString","coordinates":[[-125.0937,48.7206],[-125.0937,48.7206]]}},{"type":"Feature","properties":{},"geometry":{"type":"LineString","coordinates":[[-125.0887,48.7178],[-125.0887,48.7178]]}},{"type":"Feature","properties":{},"geometry":{"type":"LineString","coordinates":[[-125.0883,48.7189],[-125.0883,48.7189]]}},{"type":"Feature","properties":{},"geometry":{"type":"LineString","coordinates":[[-125.0848,48.7202],[-125.0848,48.7202]]}},{"type":"Feature","properties":{},"geometry":{"type":"LineString","coordinates":[[-125.0835,48.7204],[-125.0835,48.7204]]}},{"type":"Feature","properties":{},"geometry":{"type":"LineString","coordinates":[[-125.0829,48.7199],[-125.0829,48.7199]]}},{"type":"Feature","properties":{},"geometry":{"type":"LineString","coordinates":[[-125.124,48.7406],[-125.124,48.7406]]}},{"type":"Feature","properties":{},"geometry":{"type":"LineString","coordinates":[[-125.121,48.7394],[-125.121,48.7394]]}},{"type":"Feature","properties":{},"geometry":{"type":"LineString","coordinates":[[-125.1223,48.74],[-125.1223,48.74]]}},{"type":"Feature","properties":{},"geometry":{"type":"LineString","coordinates":[[-125.1578,48.7452],[-125.1578,48.7452]]}},{"type":"Feature","properties":{},"geometry":{"type":"LineString","coordinates":[[-125.1543,48.7507],[-125.1543,48.7507]]}},{"type":"Feature","properties":{},"geometry":{"type":"LineString","coordinates":[[-125.1707,48.7738],[-125.1707,48.7738]]}},{"type":"Feature","properties":{},"geometry":{"type":"LineString","coordinates":[[-125.1664,48.7702],[-125.1664,48.7702]]}},{"type":"Feature","properties":{},"geometry":{"type":"LineString","coordinates":[[-125.1688,48.773],[-125.1688,48.773]]}},{"type":"Feature","properties":{},"geometry":{"type":"LineString","coordinates":[[-125.1678,48.7738],[-125.1678,48.7738]]}},{"type":"Feature","properties":{},"geometry":{"type":"LineString","coordinates":[[-125.1629,48.7739],[-125.1629,48.7739]]}},{"type":"Feature","properties":{},"geometry":{"type":"LineString","coordinates":[[-125.1633,48.7746],[-125.1633,48.7746]]}},{"type":"Feature","properties":{},"geometry":{"type":"LineString","coordinates":[[-125.1684,48.7751],[-125.1684,48.7751]]}},{"type":"Feature","properties":{},"geometry":{"type":"LineString","coordinates":[[-125.1308,48.7575],[-125.1308,48.7575]]}},{"type":"Feature","properties":{},"geometry":{"type":"LineString","coordinates":[[-125.1304,48.7616],[-125.1304,48.7616]]}},{"type":"Feature","properties":{},"geometry":{"type":"LineString","coordinates":[[-125.1327,48.7688],[-125.1327,48.7688]]}},{"type":"Feature","properties":{},"geometry":{"type":"LineString","coordinates":[[-125.1575,48.77],[-125.1575,48.77]]}},{"type":"Feature","properties":{},"geometry":{"type":"LineString","coordinates":[[-125.1614,48.7741],[-125.1614,48.7741]]}},{"type":"Feature","properties":{},"geometry":{"type":"LineString","coordinates":[[-125.1485,48.773],[-125.1485,48.773]]}},{"type":"Feature","properties":{},"geometry":{"type":"LineString","coordinates":[[-125.1484,48.7742],[-125.1484,48.7742]]}},{"type":"Feature","properties":{},"geometry":{"type":"LineString","coordinates":[[-125.1512,48.7756],[-125.1512,48.7756]]}},{"type":"Feature","properties":{},"geometry":{"type":"LineString","coordinates":[[-125.1489,48.7755],[-125.1489,48.7755]]}},{"type":"Feature","properties":{},"geometry":{"type":"LineString","coordinates":[[-125.1328,48.7736],[-125.1328,48.7736]]}},{"type":"Feature","properties":{},"geometry":{"type":"LineString","coordinates":[[-125.1203,48.7846],[-125.1203,48.7846]]}},{"type":"Feature","properties":{},"geometry":{"type":"LineString","coordinates":[[-124.4961,48.5415],[-124.4961,48.5415]]}},{"type":"Feature","properties":{},"geometry":{"type":"LineString","coordinates":[[-124.4945,48.5418],[-124.4945,48.5418]]}},{"type":"Feature","properties":{},"geometry":{"type":"LineString","coordinates":[[-124.8019,48.6454],[-124.8019,48.6454]]}},{"type":"Feature","properties":{},"geometry":{"type":"LineString","coordinates":[[-124.8053,48.6506],[-124.8053,48.6506]]}},{"type":"Feature","properties":{},"geometry":{"type":"LineString","coordinates":[[-124.8747,48.6752],[-124.8747,48.6752]]}},{"type":"Feature","properties":{},"geometry":{"type":"LineString","coordinates":[[-124.8735,48.6749],[-124.8735,48.6749]]}},{"type":"Feature","properties":{},"geometry":{"type":"LineString","coordinates":[[-124.8606,48.6684],[-124.8606,48.6684]]}},{"type":"Feature","properties":{},"geometry":{"type":"LineString","coordinates":[[-124.8618,48.6703],[-124.8618,48.6703]]}},{"type":"Feature","properties":{},"geometry":{"type":"LineString","coordinates":[[-124.8612,48.6701],[-124.8612,48.6701]]}},{"type":"Feature","properties":{},"geometry":{"type":"LineString","coordinates":[[-124.8605,48.6699],[-124.8605,48.6699]]}},{"type":"Feature","properties":{},"geometry":{"type":"LineString","coordinates":[[-124.8535,48.668],[-124.8535,48.668]]}},{"type":"Feature","properties":{},"geometry":{"type":"LineString","coordinates":[[-124.8552,48.6685],[-124.8552,48.6685]]}},{"type":"Feature","properties":{},"geometry":{"type":"LineString","coordinates":[[-124.8145,48.6507],[-124.8145,48.6507]]}},{"type":"Feature","properties":{},"geometry":{"type":"LineString","coordinates":[[-124.4594,48.5321],[-124.4594,48.5321]]}},{"type":"Feature","properties":{},"geometry":{"type":"LineString","coordinates":[[-124.4938,48.5433],[-124.4938,48.5433]]}},{"type":"Feature","properties":{},"geometry":{"type":"LineString","coordinates":[[-124.4932,48.5435],[-124.4932,48.5435]]}},{"type":"Feature","properties":{},"geometry":{"type":"LineString","coordinates":[[-124.4919,48.5448],[-124.4919,48.5448]]}},{"type":"Feature","properties":{},"geometry":{"type":"LineString","coordinates":[[-124.4614,48.5347],[-124.4614,48.5347]]}},{"type":"Feature","properties":{},"geometry":{"type":"LineString","coordinates":[[-124.4597,48.5357],[-124.4597,48.5357]]}},{"type":"Feature","properties":{},"geometry":{"type":"LineString","coordinates":[[-124.472,48.557],[-124.472,48.557]]}},{"type":"Feature","properties":{},"geometry":{"type":"LineString","coordinates":[[-124.8858,48.6746],[-124.8858,48.6746]]}},{"type":"Feature","properties":{},"geometry":{"type":"LineString","coordinates":[[-124.8843,48.6748],[-124.8843,48.6748]]}},{"type":"Feature","properties":{},"geometry":{"type":"LineString","coordinates":[[-124.9148,48.6828],[-124.9148,48.6828]]}},{"type":"Feature","properties":{},"geometry":{"type":"LineString","coordinates":[[-124.9109,48.68],[-124.9109,48.68]]}},{"type":"Feature","properties":{},"geometry":{"type":"LineString","coordinates":[[-124.9055,48.6797],[-124.9055,48.6797]]}},{"type":"Feature","properties":{},"geometry":{"type":"LineString","coordinates":[[-124.9236,48.6867],[-124.9236,48.6867]]}},{"type":"Feature","properties":{},"geometry":{"type":"LineString","coordinates":[[-124.9226,48.6864],[-124.9226,48.6864]]}},{"type":"Feature","properties":{},"geometry":{"type":"LineString","coordinates":[[-124.9216,48.6865],[-124.9216,48.6865]]}},{"type":"Feature","properties":{},"geometry":{"type":"LineString","coordinates":[[-124.9198,48.6858],[-124.9198,48.6858]]}},{"type":"Feature","properties":{},"geometry":{"type":"LineString","coordinates":[[-124.9028,48.6781],[-124.9028,48.6781]]}},{"type":"Feature","properties":{},"geometry":{"type":"LineString","coordinates":[[-124.902,48.6778],[-124.902,48.6778]]}},{"type":"Feature","properties":{},"geometry":{"type":"LineString","coordinates":[[-124.8993,48.6764],[-124.8993,48.6764]]}},{"type":"Feature","properties":{},"geometry":{"type":"LineString","coordinates":[[-124.8978,48.6755],[-124.8978,48.6755]]}},{"type":"Feature","properties":{},"geometry":{"type":"LineString","coordinates":[[-124.8925,48.6752],[-124.8925,48.6752]]}},{"type":"Feature","properties":{},"geometry":{"type":"LineString","coordinates":[[-124.8965,48.6777],[-124.8965,48.6777]]}},{"type":"Feature","properties":{},"geometry":{"type":"LineString","coordinates":[[-124.8958,48.6783],[-124.8958,48.6783]]}},{"type":"Feature","properties":{},"geometry":{"type":"LineString","coordinates":[[-124.9046,48.6792],[-124.9046,48.6792]]}},{"type":"Feature","properties":{},"geometry":{"type":"LineString","coordinates":[[-124.8869,48.6754],[-124.8869,48.6754]]}},{"type":"Feature","properties":{},"geometry":{"type":"LineString","coordinates":[[-124.8808,48.6752],[-124.8808,48.6752]]}},{"type":"Feature","properties":{},"geometry":{"type":"LineString","coordinates":[[-124.874,48.6756],[-124.874,48.6756]]}},{"type":"Feature","properties":{},"geometry":{"type":"LineString","coordinates":[[-124.9486,48.6964],[-124.9486,48.6964]]}},{"type":"Feature","properties":{},"geometry":{"type":"LineString","coordinates":[[-125.0163,48.7103],[-125.0163,48.7103]]}},{"type":"Feature","properties":{},"geometry":{"type":"LineString","coordinates":[[-125.0256,48.7133],[-125.0256,48.7133]]}},{"type":"Feature","properties":{},"geometry":{"type":"LineString","coordinates":[[-125.0249,48.7134],[-125.0249,48.7134]]}},{"type":"Feature","properties":{},"geometry":{"type":"LineString","coordinates":[[-125.017,48.712],[-125.017,48.712]]}},{"type":"Feature","properties":{},"geometry":{"type":"LineString","coordinates":[[-125.066,48.7204],[-125.066,48.7204]]}},{"type":"Feature","properties":{},"geometry":{"type":"LineString","coordinates":[[-125.062,48.7191],[-125.062,48.7191]]}},{"type":"Feature","properties":{},"geometry":{"type":"LineString","coordinates":[[-125.0743,48.7219],[-125.0743,48.7219]]}},{"type":"Feature","properties":{},"geometry":{"type":"LineString","coordinates":[[-125.0699,48.7221],[-125.0699,48.7221]]}},{"type":"Feature","properties":{},"geometry":{"type":"LineString","coordinates":[[-124.9965,48.7061],[-124.9965,48.7061]]}},{"type":"Feature","properties":{},"geometry":{"type":"LineString","coordinates":[[-124.9915,48.7047],[-124.9915,48.7047]]}},{"type":"Feature","properties":{},"geometry":{"type":"LineString","coordinates":[[-125.0071,48.7068],[-125.0071,48.7068]]}},{"type":"Feature","properties":{},"geometry":{"type":"LineString","coordinates":[[-124.9493,48.6978],[-124.9493,48.6978]]}},{"type":"Feature","properties":{},"geometry":{"type":"LineString","coordinates":[[-124.926,48.6877],[-124.926,48.6877]]}},{"type":"Feature","properties":{},"geometry":{"type":"LineString","coordinates":[[-124.9334,48.6909],[-124.9334,48.6909]]}},{"type":"Feature","properties":{},"geometry":{"type":"LineString","coordinates":[[-124.9308,48.6912],[-124.9308,48.6912]]}},{"type":"Feature","properties":{},"geometry":{"type":"LineString","coordinates":[[-124.9396,48.6921],[-124.9396,48.6921]]}},{"type":"Feature","properties":{},"geometry":{"type":"LineString","coordinates":[[-124.939,48.6919],[-124.939,48.6919]]}},{"type":"Feature","properties":{},"geometry":{"type":"LineString","coordinates":[[-124.941,48.6924],[-124.941,48.6924]]}},{"type":"Feature","properties":{},"geometry":{"type":"LineString","coordinates":[[-125.1179,48.8318],[-125.1179,48.8318]]}},{"type":"Feature","properties":{},"geometry":{"type":"LineString","coordinates":[[-123.5939,48.3297],[-123.5939,48.3297]]}},{"type":"Feature","properties":{},"geometry":{"type":"LineString","coordinates":[[-123.5946,48.3298],[-123.5946,48.3298]]}},{"type":"Feature","properties":{},"geometry":{"type":"LineString","coordinates":[[-123.55,48.3133],[-123.55,48.3133]]}},{"type":"Feature","properties":{},"geometry":{"type":"LineString","coordinates":[[-123.5498,48.3148],[-123.5498,48.3148]]}},{"type":"Feature","properties":{},"geometry":{"type":"LineString","coordinates":[[-123.5472,48.3165],[-123.5472,48.3165]]}},{"type":"Feature","properties":{},"geometry":{"type":"LineString","coordinates":[[-123.5398,48.3183],[-123.5445,48.3098],[-123.5403,48.3183],[-123.5398,48.3183]]}},{"type":"Feature","properties":{},"geometry":{"type":"LineString","coordinates":[[-123.5386,48.2995],[-123.5386,48.2995]]}},{"type":"Feature","properties":{},"geometry":{"type":"LineString","coordinates":[[-123.5301,48.2968],[-123.5301,48.2968]]}},{"type":"Feature","properties":{},"geometry":{"type":"LineString","coordinates":[[-123.5352,48.2996],[-123.5352,48.2996]]}},{"type":"Feature","properties":{},"geometry":{"type":"LineString","coordinates":[[-123.5316,48.2986],[-123.5316,48.2986]]}},{"type":"Feature","properties":{},"geometry":{"type":"LineString","coordinates":[[-123.5883,48.3083],[-123.5883,48.3083]]}},{"type":"Feature","properties":{},"geometry":{"type":"LineString","coordinates":[[-123.583,48.3104],[-123.583,48.3104]]}},{"type":"Feature","properties":{},"geometry":{"type":"LineString","coordinates":[[-123.5965,48.3259],[-123.5965,48.3259]]}},{"type":"Feature","properties":{},"geometry":{"type":"LineString","coordinates":[[-123.594,48.3294],[-123.594,48.3294]]}},{"type":"Feature","properties":{},"geometry":{"type":"LineString","coordinates":[[-123.5941,48.3308],[-123.5941,48.3308]]}},{"type":"Feature","properties":{},"geometry":{"type":"LineString","coordinates":[[-123.569,48.3124],[-123.569,48.3124]]}},{"type":"Feature","properties":{},"geometry":{"type":"LineString","coordinates":[[-123.5671,48.312],[-123.5671,48.312]]}},{"type":"Feature","properties":{},"geometry":{"type":"LineString","coordinates":[[-123.5549,48.312],[-123.5549,48.312]]}},{"type":"Feature","properties":{},"geometry":{"type":"LineString","coordinates":[[-123.5469,48.3173],[-123.5469,48.3173]]}},{"type":"Feature","properties":{},"geometry":{"type":"LineString","coordinates":[[-123.5309,48.3036],[-123.5309,48.3036]]}},{"type":"Feature","properties":{},"geometry":{"type":"LineString","coordinates":[[-125.196,48.8322],[-125.196,48.8322]]}},{"type":"Feature","properties":{},"geometry":{"type":"LineString","coordinates":[[-125.1939,48.8305],[-125.1939,48.8305]]}},{"type":"Feature","properties":{},"geometry":{"type":"LineString","coordinates":[[-125.2009,48.8354],[-125.2009,48.8354]]}},{"type":"Feature","properties":{},"geometry":{"type":"LineString","coordinates":[[-125.2035,48.8461],[-125.2035,48.8461]]}},{"type":"Feature","properties":{},"geometry":{"type":"LineString","coordinates":[[-125.1855,48.8338],[-125.1855,48.8338]]}},{"type":"Feature","properties":{},"geometry":{"type":"LineString","coordinates":[[-125.1519,48.817],[-125.1519,48.817]]}},{"type":"Feature","properties":{},"geometry":{"type":"LineString","coordinates":[[-125.1505,48.8183],[-125.1505,48.8183]]}},{"type":"Feature","properties":{},"geometry":{"type":"LineString","coordinates":[[-125.1381,48.8217],[-125.1381,48.8217]]}},{"type":"Feature","properties":{},"geometry":{"type":"LineString","coordinates":[[-125.1664,48.8551],[-125.1664,48.8551]]}},{"type":"Feature","properties":{},"geometry":{"type":"LineString","coordinates":[[-125.1399,48.8246],[-125.1399,48.8246]]}},{"type":"Feature","properties":{},"geometry":{"type":"LineString","coordinates":[[-125.1772,48.8546],[-125.1639,48.8523],[-125.177,48.8494],[-125.1772,48.8546]]}},{"type":"Feature","properties":{},"geometry":{"type":"LineString","coordinates":[[-125.2036,48.8496],[-125.1896,48.8489],[-125.1856,48.8404],[-125.1897,48.8318],[-125.1982,48.8389],[-125.2028,48.8474],[-125.2036,48.8496]]}},{"type":"Feature","properties":{},"geometry":{"type":"LineString","coordinates":[[-125.1981,48.8273],[-125.1981,48.8273]]}},{"type":"Feature","properties":{},"geometry":{"type":"LineString","coordinates":[[-125.1807,48.8118],[-125.1807,48.8118]]}},{"type":"Feature","properties":{},"geometry":{"type":"LineString","coordinates":[[-125.1777,48.8141],[-125.1777,48.8141]]}},{"type":"Feature","properties":{},"geometry":{"type":"LineString","coordinates":[[-125.155,48.8268],[-125.155,48.8268]]}},{"type":"Feature","properties":{},"geometry":{"type":"LineString","coordinates":[[-125.1825,48.8512],[-125.1825,48.8512]]}},{"type":"Feature","properties":{},"geometry":{"type":"LineString","coordinates":[[-125.1815,48.8524],[-125.1815,48.8524]]}},{"type":"Feature","properties":{},"geometry":{"type":"LineString","coordinates":[[-125.1656,48.8468],[-125.1656,48.8468]]}},{"type":"Feature","properties":{},"geometry":{"type":"LineString","coordinates":[[-125.1582,48.858],[-125.1582,48.858]]}},{"type":"Feature","properties":{},"geometry":{"type":"LineString","coordinates":[[-125.0258,48.8914],[-125.0258,48.8914]]}},{"type":"Feature","properties":{},"geometry":{"type":"LineString","coordinates":[[-125.0107,48.8985],[-125.0107,48.8985]]}},{"type":"Feature","properties":{},"geometry":{"type":"LineString","coordinates":[[-125.0107,48.8993],[-125.0107,48.8993]]}},{"type":"Feature","properties":{},"geometry":{"type":"LineString","coordinates":[[-125.004,48.8997],[-125.004,48.8997]]}},{"type":"Feature","properties":{},"geometry":{"type":"LineString","coordinates":[[-125.0108,48.9013],[-125.0108,48.9013]]}},{"type":"Feature","properties":{},"geometry":{"type":"LineString","coordinates":[[-125.0058,48.9026],[-125.0058,48.9026]]}},{"type":"Feature","properties":{},"geometry":{"type":"LineString","coordinates":[[-125.0216,48.8938],[-125.0216,48.8938]]}},{"type":"Feature","properties":{},"geometry":{"type":"LineString","coordinates":[[-125.1139,48.8325],[-125.1139,48.8325]]}},{"type":"Feature","properties":{},"geometry":{"type":"LineString","coordinates":[[-125.1199,48.8541],[-125.1199,48.8541]]}},{"type":"Feature","properties":{},"geometry":{"type":"LineString","coordinates":[[-125.1075,48.862],[-125.1075,48.862]]}},{"type":"Feature","properties":{},"geometry":{"type":"LineString","coordinates":[[-125.0989,48.8615],[-125.0989,48.8615]]}},{"type":"Feature","properties":{},"geometry":{"type":"LineString","coordinates":[[-125.0906,48.877],[-125.0906,48.877]]}},{"type":"Feature","properties":{},"geometry":{"type":"LineString","coordinates":[[-125.0777,48.8853],[-125.0777,48.8853]]}},{"type":"Feature","properties":{},"geometry":{"type":"LineString","coordinates":[[-125.0714,48.8854],[-125.0714,48.8854]]}},{"type":"Feature","properties":{},"geometry":{"type":"LineString","coordinates":[[-125.0551,48.8997],[-125.0551,48.8997]]}},{"type":"Feature","properties":{},"geometry":{"type":"LineString","coordinates":[[-125.0295,48.8897],[-125.0295,48.8897]]}},{"type":"Feature","properties":{},"geometry":{"type":"LineString","coordinates":[[-125.0149,48.8976],[-125.0149,48.8976]]}},{"type":"Feature","properties":{},"geometry":{"type":"LineString","coordinates":[[-125.0089,48.9023],[-125.0089,48.9023]]}},{"type":"Feature","properties":{},"geometry":{"type":"LineString","coordinates":[[-125.1447,48.8832],[-125.1447,48.8832]]}},{"type":"Feature","properties":{},"geometry":{"type":"LineString","coordinates":[[-125.1426,48.8834],[-125.1426,48.8834]]}},{"type":"Feature","properties":{},"geometry":{"type":"LineString","coordinates":[[-125.145,48.8867],[-125.145,48.8867]]}},{"type":"Feature","properties":{},"geometry":{"type":"LineString","coordinates":[[-125.1349,48.8949],[-125.1349,48.8949]]}},{"type":"Feature","properties":{},"geometry":{"type":"LineString","coordinates":[[-125.1194,48.899],[-125.1194,48.899]]}},{"type":"Feature","properties":{},"geometry":{"type":"LineString","coordinates":[[-125.1335,48.9173],[-125.1335,48.9173]]}},{"type":"Feature","properties":{},"geometry":{"type":"LineString","coordinates":[[-125.1297,48.9189],[-125.1297,48.9189]]}},{"type":"Feature","properties":{},"geometry":{"type":"LineString","coordinates":[[-125.1568,48.9492],[-125.1568,48.9492]]}},{"type":"Feature","properties":{},"geometry":{"type":"LineString","coordinates":[[-125.1554,48.9497],[-125.1554,48.9497]]}},{"type":"Feature","properties":{},"geometry":{"type":"LineString","coordinates":[[-125.1546,48.9496],[-125.1546,48.9496]]}},{"type":"Feature","properties":{},"geometry":{"type":"LineString","coordinates":[[-125.0789,48.9561],[-125.0789,48.9561]]}},{"type":"Feature","properties":{},"geometry":{"type":"LineString","coordinates":[[-125.0802,48.9591],[-125.0802,48.9591]]}},{"type":"Feature","properties":{},"geometry":{"type":"LineString","coordinates":[[-125.0779,48.9591],[-125.0779,48.9591]]}},{"type":"Feature","properties":{},"geometry":{"type":"LineString","coordinates":[[-125.0553,48.901],[-125.0553,48.901]]}},{"type":"Feature","properties":{},"geometry":{"type":"LineString","coordinates":[[-125.0313,48.938],[-125.0313,48.938]]}},{"type":"Feature","properties":{},"geometry":{"type":"LineString","coordinates":[[-125.0195,48.9409],[-125.0195,48.9409]]}},{"type":"Feature","properties":{},"geometry":{"type":"LineString","coordinates":[[-125.0253,48.9587],[-125.0253,48.9587]]}},{"type":"Feature","properties":{},"geometry":{"type":"LineString","coordinates":[[-125.0392,48.9672],[-125.0392,48.9672]]}},{"type":"Feature","properties":{},"geometry":{"type":"LineString","coordinates":[[-125.0362,48.9685],[-125.0362,48.9685]]}},{"type":"Feature","properties":{},"geometry":{"type":"LineString","coordinates":[[-125.0282,48.9695],[-125.0282,48.9695]]}},{"type":"Feature","properties":{},"geometry":{"type":"LineString","coordinates":[[-125.027,48.9698],[-125.027,48.9698]]}},{"type":"Feature","properties":{},"geometry":{"type":"LineString","coordinates":[[-124.9917,48.9424],[-124.9917,48.9424]]}},{"type":"Feature","properties":{},"geometry":{"type":"LineString","coordinates":[[-125.0227,48.9628],[-125.0227,48.9628]]}},{"type":"Feature","properties":{},"geometry":{"type":"LineString","coordinates":[[-123.6382,48.7468],[-123.6382,48.7468]]}},{"type":"Feature","properties":{},"geometry":{"type":"LineString","coordinates":[[-123.6371,48.7465],[-123.6371,48.7465]]}},{"type":"Feature","properties":{},"geometry":{"type":"LineString","coordinates":[[-123.648,48.3724],[-123.648,48.3724]]}},{"type":"Feature","properties":{},"geometry":{"type":"LineString","coordinates":[[-123.6475,48.3725],[-123.6475,48.3725]]}},{"type":"Feature","properties":{},"geometry":{"type":"LineString","coordinates":[[-123.5044,48.3865],[-123.5044,48.3865]]}},{"type":"Feature","properties":{},"geometry":{"type":"LineString","coordinates":[[-123.5036,48.3871],[-123.5036,48.3871]]}},{"type":"Feature","properties":{},"geometry":{"type":"LineString","coordinates":[[-123.5465,48.5027],[-123.5465,48.5027]]}},{"type":"Feature","properties":{},"geometry":{"type":"LineString","coordinates":[[-123.7876,48.9907],[-123.7876,48.9907]]}},{"type":"Feature","properties":{},"geometry":{"type":"LineString","coordinates":[[-123.7841,48.9899],[-123.7841,48.9899]]}},{"type":"Feature","properties":{},"geometry":{"type":"LineString","coordinates":[[-123.7913,48.9923],[-123.7913,48.9923]]}},{"type":"Feature","properties":{},"geometry":{"type":"LineString","coordinates":[[-123.7888,48.991],[-123.7888,48.991]]}},{"type":"Feature","properties":{},"geometry":{"type":"LineString","coordinates":[[-123.7936,48.996],[-123.7936,48.996]]}},{"type":"Feature","properties":{},"geometry":{"type":"LineString","coordinates":[[-123.6487,48.7477],[-123.6487,48.7477]]}},{"type":"Feature","properties":{},"geometry":{"type":"LineString","coordinates":[[-123.6366,48.7503],[-123.6366,48.7503]]}},{"type":"Feature","properties":{},"geometry":{"type":"LineString","coordinates":[[-123.6337,48.7533],[-123.6337,48.7533]]}},{"type":"Feature","properties":{},"geometry":{"type":"LineString","coordinates":[[-123.6297,48.7593],[-123.6297,48.7593]]}},{"type":"Feature","properties":{},"geometry":{"type":"LineString","coordinates":[[-123.7179,48.9306],[-123.7179,48.9306]]}},{"type":"Feature","properties":{},"geometry":{"type":"LineString","coordinates":[[-123.7533,48.9853],[-123.7533,48.9853]]}},{"type":"Feature","properties":{},"geometry":{"type":"LineString","coordinates":[[-123.6437,48.7482],[-123.6437,48.7482]]}},{"type":"Feature","properties":{},"geometry":{"type":"LineString","coordinates":[[-123.8141,48.9986],[-123.8141,48.9986]]}},{"type":"Feature","properties":{},"geometry":{"type":"LineString","coordinates":[[-123.8043,48.9964],[-123.8043,48.9964]]}},{"type":"Feature","properties":{},"geometry":{"type":"LineString","coordinates":[[-123.9186,49.1352],[-123.9186,49.1352]]}},{"type":"Feature","properties":{},"geometry":{"type":"LineString","coordinates":[[-123.9174,49.1375],[-123.9174,49.1375]]}},{"type":"Feature","properties":{},"geometry":{"type":"LineString","coordinates":[[-123.9121,49.1356],[-123.9121,49.1356]]}},{"type":"Feature","properties":{},"geometry":{"type":"LineString","coordinates":[[-123.8958,49.1408],[-123.8958,49.1408]]}},{"type":"Feature","properties":{},"geometry":{"type":"LineString","coordinates":[[-123.8889,49.1431],[-123.8889,49.1431]]}},{"type":"Feature","properties":{},"geometry":{"type":"LineString","coordinates":[[-123.82,49.0107],[-123.8112,49.0038],[-123.8205,49.0104],[-123.82,49.0107]]}},{"type":"Feature","properties":{},"geometry":{"type":"LineString","coordinates":[[-123.8438,49.0175],[-123.8438,49.0175]]}},{"type":"Feature","properties":{},"geometry":{"type":"LineString","coordinates":[[-123.8559,49.0214],[-123.8559,49.0214]]}},{"type":"Feature","properties":{},"geometry":{"type":"LineString","coordinates":[[-123.8865,49.1392],[-123.8865,49.1392]]}},{"type":"Feature","properties":{},"geometry":{"type":"LineString","coordinates":[[-123.7889,49.0211],[-123.7889,49.0211]]}},{"type":"Feature","properties":{},"geometry":{"type":"LineString","coordinates":[[-123.7892,49.0226],[-123.7892,49.0226]]}},{"type":"Feature","properties":{},"geometry":{"type":"LineString","coordinates":[[-123.7885,49.025],[-123.7885,49.025]]}},{"type":"Feature","properties":{},"geometry":{"type":"LineString","coordinates":[[-123.7835,49.0198],[-123.7835,49.0198]]}},{"type":"Feature","properties":{},"geometry":{"type":"LineString","coordinates":[[-123.7818,49.029],[-123.7818,49.029]]}},{"type":"Feature","properties":{},"geometry":{"type":"LineString","coordinates":[[-123.7706,49.0289],[-123.7706,49.0289]]}},{"type":"Feature","properties":{},"geometry":{"type":"LineString","coordinates":[[-123.7884,49.0842],[-123.7884,49.0842]]}},{"type":"Feature","properties":{},"geometry":{"type":"LineString","coordinates":[[-123.7902,49.086],[-123.7902,49.086]]}},{"type":"Feature","properties":{},"geometry":{"type":"LineString","coordinates":[[-123.7895,49.0873],[-123.7895,49.0873]]}},{"type":"Feature","properties":{},"geometry":{"type":"LineString","coordinates":[[-125.0812,48.9009],[-125.0812,48.9009]]}},{"type":"Feature","properties":{},"geometry":{"type":"LineString","coordinates":[[-125.1114,48.9294],[-125.1114,48.9294]]}},{"type":"Feature","properties":{},"geometry":{"type":"LineString","coordinates":[[-125.076,48.9047],[-125.076,48.9047]]}},{"type":"Feature","properties":{},"geometry":{"type":"LineString","coordinates":[[-125.0796,48.9052],[-125.0796,48.9052]]}},{"type":"Feature","properties":{},"geometry":{"type":"LineString","coordinates":[[-125.0768,48.9069],[-125.0768,48.9069]]}},{"type":"Feature","properties":{},"geometry":{"type":"LineString","coordinates":[[-125.1037,48.936],[-125.1037,48.936]]}},{"type":"Feature","properties":{},"geometry":{"type":"LineString","coordinates":[[-125.0983,48.9355],[-125.0983,48.9355]]}},{"type":"Feature","properties":{},"geometry":{"type":"LineString","coordinates":[[-125.0979,48.9364],[-125.0979,48.9364]]}},{"type":"Feature","properties":{},"geometry":{"type":"LineString","coordinates":[[-125.0951,48.9413],[-125.0951,48.9413]]}},{"type":"Feature","properties":{},"geometry":{"type":"LineString","coordinates":[[-125.0963,48.9438],[-125.0963,48.9438]]}},{"type":"Feature","properties":{},"geometry":{"type":"LineString","coordinates":[[-125.0921,48.9428],[-125.0921,48.9428]]}},{"type":"Feature","properties":{},"geometry":{"type":"LineString","coordinates":[[-125.0991,48.9456],[-125.0991,48.9456]]}},{"type":"Feature","properties":{},"geometry":{"type":"LineString","coordinates":[[-125.093,48.9506],[-125.093,48.9506]]}},{"type":"Feature","properties":{},"geometry":{"type":"LineString","coordinates":[[-125.111,48.9353],[-125.111,48.9353]]}},{"type":"Feature","properties":{},"geometry":{"type":"LineString","coordinates":[[-125.0867,48.9494],[-125.0867,48.9494]]}},{"type":"Feature","properties":{},"geometry":{"type":"LineString","coordinates":[[-125.0571,48.9013],[-125.0571,48.9013]]}},{"type":"Feature","properties":{},"geometry":{"type":"LineString","coordinates":[[-125.0961,48.9529],[-125.0961,48.9529]]}},{"type":"Feature","properties":{},"geometry":{"type":"LineString","coordinates":[[-125.2385,48.9272],[-125.2385,48.9272]]}},{"type":"Feature","properties":{},"geometry":{"type":"LineString","coordinates":[[-125.2458,48.9347],[-125.2458,48.9347]]}},{"type":"Feature","properties":{},"geometry":{"type":"LineString","coordinates":[[-125.2722,48.9344],[-125.2722,48.9344]]}},{"type":"Feature","properties":{},"geometry":{"type":"LineString","coordinates":[[-125.2658,48.935],[-125.2658,48.935]]}},{"type":"Feature","properties":{},"geometry":{"type":"LineString","coordinates":[[-125.268,48.9349],[-125.268,48.9349]]}},{"type":"Feature","properties":{},"geometry":{"type":"LineString","coordinates":[[-125.2735,48.943],[-125.2735,48.943]]}},{"type":"Feature","properties":{},"geometry":{"type":"LineString","coordinates":[[-125.2781,48.9578],[-125.2781,48.9578]]}},{"type":"Feature","properties":{},"geometry":{"type":"LineString","coordinates":[[-125.2735,48.956],[-125.2735,48.956]]}},{"type":"Feature","properties":{},"geometry":{"type":"LineString","coordinates":[[-125.2753,48.9572],[-125.2753,48.9572]]}},{"type":"Feature","properties":{},"geometry":{"type":"LineString","coordinates":[[-125.2006,48.9524],[-125.2006,48.9524]]}},{"type":"Feature","properties":{},"geometry":{"type":"LineString","coordinates":[[-125.2023,48.9557],[-125.2023,48.9557]]}},{"type":"Feature","properties":{},"geometry":{"type":"LineString","coordinates":[[-125.2,48.9529],[-125.2,48.9529]]}},{"type":"Feature","properties":{},"geometry":{"type":"LineString","coordinates":[[-125.2016,48.9511],[-125.2016,48.9511]]}},{"type":"Feature","properties":{},"geometry":{"type":"LineString","coordinates":[[-125.2785,48.9624],[-125.2785,48.9624]]}},{"type":"Feature","properties":{},"geometry":{"type":"LineString","coordinates":[[-125.2053,48.9596],[-125.2068,48.9508],[-125.215,48.9436],[-125.2136,48.9525],[-125.2053,48.9596]]}},{"type":"Feature","properties":{},"geometry":{"type":"LineString","coordinates":[[-125.2637,48.9378],[-125.2637,48.9378]]}},{"type":"Feature","properties":{},"geometry":{"type":"LineString","coordinates":[[-125.1983,48.9517],[-125.1983,48.9517]]}},{"type":"Feature","properties":{},"geometry":{"type":"LineString","coordinates":[[-125.1996,48.9544],[-125.1996,48.9544]]}},{"type":"Feature","properties":{},"geometry":{"type":"LineString","coordinates":[[-125.19,48.9717],[-125.192,48.9629],[-125.1927,48.9539],[-125.1991,48.9619],[-125.1966,48.9707],[-125.19,48.9717]]}},{"type":"Feature","properties":{},"geometry":{"type":"LineString","coordinates":[[-125.2613,48.9382],[-125.2483,48.9349],[-125.2385,48.9286],[-125.251,48.9247],[-125.258,48.9324],[-125.2613,48.9382]]}},{"type":"Feature","properties":{},"geometry":{"type":"LineString","coordinates":[[-125.2417,48.926],[-125.2417,48.926]]}},{"type":"Feature","properties":{},"geometry":{"type":"LineString","coordinates":[[-125.2314,48.919],[-125.2314,48.919]]}},{"type":"Feature","properties":{},"geometry":{"type":"LineString","coordinates":[[-125.2387,48.9201],[-125.2387,48.9201]]}},{"type":"Feature","properties":{},"geometry":{"type":"LineString","coordinates":[[-125.2348,48.9198],[-125.2348,48.9198]]}},{"type":"Feature","properties":{},"geometry":{"type":"LineString","coordinates":[[-125.234,48.9222],[-125.234,48.9222]]}},{"type":"Feature","properties":{},"geometry":{"type":"LineString","coordinates":[[-125.2282,48.9207],[-125.2282,48.9207]]}},{"type":"Feature","properties":{},"geometry":{"type":"LineString","coordinates":[[-125.2329,48.925],[-125.2329,48.925]]}},{"type":"Feature","properties":{},"geometry":{"type":"LineString","coordinates":[[-125.2338,48.9267],[-125.2338,48.9267]]}},{"type":"Feature","properties":{},"geometry":{"type":"LineString","coordinates":[[-125.2361,48.9247],[-125.2361,48.9247]]}},{"type":"Feature","properties":{},"geometry":{"type":"LineString","coordinates":[[-125.2428,48.9232],[-125.2428,48.9232]]}},{"type":"Feature","properties":{},"geometry":{"type":"LineString","coordinates":[[-125.2341,48.9187],[-125.2341,48.9187]]}},{"type":"Feature","properties":{},"geometry":{"type":"LineString","coordinates":[[-125.2349,48.9188],[-125.2349,48.9188]]}},{"type":"Feature","properties":{},"geometry":{"type":"LineString","coordinates":[[-125.2337,48.9187],[-125.2337,48.9187]]}},{"type":"Feature","properties":{},"geometry":{"type":"LineString","coordinates":[[-125.2342,48.9195],[-125.2342,48.9195]]}},{"type":"Feature","properties":{},"geometry":{"type":"LineString","coordinates":[[-125.2273,48.9207],[-125.2273,48.9207]]}},{"type":"Feature","properties":{},"geometry":{"type":"LineString","coordinates":[[-125.222,48.9259],[-125.222,48.9259]]}},{"type":"Feature","properties":{},"geometry":{"type":"LineString","coordinates":[[-125.2359,48.9284],[-125.2359,48.9284]]}},{"type":"Feature","properties":{},"geometry":{"type":"LineString","coordinates":[[-125.214,48.9417],[-125.214,48.9417]]}},{"type":"Feature","properties":{},"geometry":{"type":"LineString","coordinates":[[-125.2735,48.9395],[-125.2735,48.9395]]}},{"type":"Feature","properties":{},"geometry":{"type":"LineString","coordinates":[[-125.2716,48.9384],[-125.2716,48.9384]]}},{"type":"Feature","properties":{},"geometry":{"type":"LineString","coordinates":[[-125.2839,48.9571],[-125.2839,48.9571]]}},{"type":"Feature","properties":{},"geometry":{"type":"LineString","coordinates":[[-125.2819,48.9557],[-125.2819,48.9557]]}},{"type":"Feature","properties":{},"geometry":{"type":"LineString","coordinates":[[-125.2845,48.9601],[-125.2845,48.9601]]}},{"type":"Feature","properties":{},"geometry":{"type":"LineString","coordinates":[[-125.2825,48.9604],[-125.2825,48.9604]]}},{"type":"Feature","properties":{},"geometry":{"type":"LineString","coordinates":[[-125.2737,48.9353],[-125.2737,48.9353]]}},{"type":"Feature","properties":{},"geometry":{"type":"LineString","coordinates":[[-125.2803,48.9523],[-125.2803,48.9523]]}},{"type":"Feature","properties":{},"geometry":{"type":"LineString","coordinates":[[-125.2858,48.9586],[-125.2858,48.9586]]}},{"type":"Feature","properties":{},"geometry":{"type":"LineString","coordinates":[[-125.2828,48.9582],[-125.2828,48.9582]]}},{"type":"Feature","properties":{},"geometry":{"type":"LineString","coordinates":[[-125.2819,48.958],[-125.2819,48.958]]}},{"type":"Feature","properties":{},"geometry":{"type":"LineString","coordinates":[[-125.2818,48.9593],[-125.2818,48.9593]]}},{"type":"Feature","properties":{},"geometry":{"type":"LineString","coordinates":[[-125.2815,48.9597],[-125.2815,48.9597]]}},{"type":"Feature","properties":{},"geometry":{"type":"LineString","coordinates":[[-125.2826,48.9625],[-125.2826,48.9625]]}},{"type":"Feature","properties":{},"geometry":{"type":"LineString","coordinates":[[-125.2768,48.9618],[-125.2768,48.9618]]}},{"type":"Feature","properties":{},"geometry":{"type":"LineString","coordinates":[[-125.2748,48.9615],[-125.2748,48.9615]]}},{"type":"Feature","properties":{},"geometry":{"type":"LineString","coordinates":[[-125.274,48.962],[-125.274,48.962]]}},{"type":"Feature","properties":{},"geometry":{"type":"LineString","coordinates":[[-125.2698,48.9602],[-125.2698,48.9602]]}},{"type":"Feature","properties":{},"geometry":{"type":"LineString","coordinates":[[-125.228,48.9475],[-125.228,48.9475]]}},{"type":"Feature","properties":{},"geometry":{"type":"LineString","coordinates":[[-125.2109,48.9575],[-125.2109,48.9575]]}},{"type":"Feature","properties":{},"geometry":{"type":"LineString","coordinates":[[-125.203,48.953],[-125.203,48.953]]}},{"type":"Feature","properties":{},"geometry":{"type":"LineString","coordinates":[[-125.2264,48.9445],[-125.2264,48.9445]]}},{"type":"Feature","properties":{},"geometry":{"type":"LineString","coordinates":[[-125.2565,48.9532],[-125.2565,48.9532]]}},{"type":"Feature","properties":{},"geometry":{"type":"LineString","coordinates":[[-125.231,48.9466],[-125.231,48.9466]]}},{"type":"Feature","properties":{},"geometry":{"type":"LineString","coordinates":[[-125.1911,48.9539],[-125.1911,48.9539]]}},{"type":"Feature","properties":{},"geometry":{"type":"LineString","coordinates":[[-125.1879,48.9636],[-125.1879,48.9636]]}},{"type":"Feature","properties":{},"geometry":{"type":"LineString","coordinates":[[-125.1594,48.9745],[-125.1594,48.9745]]}},{"type":"Feature","properties":{},"geometry":{"type":"LineString","coordinates":[[-125.1582,48.9748],[-125.1582,48.9748]]}},{"type":"Feature","properties":{},"geometry":{"type":"LineString","coordinates":[[-125.1535,48.955],[-125.1535,48.955]]}},{"type":"Feature","properties":{},"geometry":{"type":"LineString","coordinates":[[-125.1856,48.9733],[-125.1856,48.9733]]}},{"type":"Feature","properties":{},"geometry":{"type":"LineString","coordinates":[[-125.1881,48.9822],[-125.1881,48.9822]]}},{"type":"Feature","properties":{},"geometry":{"type":"LineString","coordinates":[[-125.1814,48.9787],[-125.1814,48.9787]]}},{"type":"Feature","properties":{},"geometry":{"type":"LineString","coordinates":[[-125.1835,48.9809],[-125.1835,48.9809]]}},{"type":"Feature","properties":{},"geometry":{"type":"LineString","coordinates":[[-125.1906,48.9818],[-125.1906,48.9818]]}},{"type":"Feature","properties":{},"geometry":{"type":"LineString","coordinates":[[-125.163,48.9734],[-125.163,48.9734]]}},{"type":"Feature","properties":{},"geometry":{"type":"LineString","coordinates":[[-125.1616,48.9729],[-125.1616,48.9729]]}},{"type":"Feature","properties":{},"geometry":{"type":"LineString","coordinates":[[-125.1605,48.9731],[-125.1605,48.9731]]}},{"type":"Feature","properties":{},"geometry":{"type":"LineString","coordinates":[[-125.1621,48.9735],[-125.1621,48.9735]]}},{"type":"Feature","properties":{},"geometry":{"type":"LineString","coordinates":[[-125.1764,48.9771],[-125.1764,48.9771]]}},{"type":"Feature","properties":{},"geometry":{"type":"LineString","coordinates":[[-125.1726,48.9763],[-125.1726,48.9763]]}},{"type":"Feature","properties":{},"geometry":{"type":"LineString","coordinates":[[-125.1576,48.9816],[-125.1576,48.9816]]}},{"type":"Feature","properties":{},"geometry":{"type":"LineString","coordinates":[[-125.1579,48.982],[-125.1579,48.982]]}},{"type":"Feature","properties":{},"geometry":{"type":"LineString","coordinates":[[-125.1606,48.9851],[-125.1606,48.9851]]}},{"type":"Feature","properties":{},"geometry":{"type":"LineString","coordinates":[[-125.0854,48.9718],[-125.0854,48.9718]]}},{"type":"Feature","properties":{},"geometry":{"type":"LineString","coordinates":[[-125.0845,48.9727],[-125.0845,48.9727]]}},{"type":"Feature","properties":{},"geometry":{"type":"LineString","coordinates":[[-125.0827,48.9741],[-125.0827,48.9741]]}},{"type":"Feature","properties":{},"geometry":{"type":"LineString","coordinates":[[-125.0836,48.9754],[-125.0836,48.9754]]}},{"type":"Feature","properties":{},"geometry":{"type":"LineString","coordinates":[[-125.0537,48.9668],[-125.0537,48.9668]]}},{"type":"Feature","properties":{},"geometry":{"type":"LineString","coordinates":[[-125.0339,48.9708],[-125.0339,48.9708]]}},{"type":"Feature","properties":{},"geometry":{"type":"LineString","coordinates":[[-125.0355,48.9725],[-125.0355,48.9725]]}},{"type":"Feature","properties":{},"geometry":{"type":"LineString","coordinates":[[-125.0355,48.9731],[-125.0355,48.9731]]}},{"type":"Feature","properties":{},"geometry":{"type":"LineString","coordinates":[[-125.0322,48.9702],[-125.0322,48.9702]]}},{"type":"Feature","properties":{},"geometry":{"type":"LineString","coordinates":[[-125.0316,48.9709],[-125.0316,48.9709]]}},{"type":"Feature","properties":{},"geometry":{"type":"LineString","coordinates":[[-125.0318,48.9873],[-125.0318,48.9873]]}},{"type":"Feature","properties":{},"geometry":{"type":"LineString","coordinates":[[-125.0311,48.9866],[-125.0311,48.9866]]}},{"type":"Feature","properties":{},"geometry":{"type":"LineString","coordinates":[[-125.0288,48.9854],[-125.0288,48.9854]]}},{"type":"Feature","properties":{},"geometry":{"type":"LineString","coordinates":[[-125.0654,48.986],[-125.0654,48.986]]}},{"type":"Feature","properties":{},"geometry":{"type":"LineString","coordinates":[[-125.0682,48.9856],[-125.0542,48.9854],[-125.0412,48.9885],[-125.0283,48.985],[-125.0308,48.9761],[-125.0436,48.9797],[-125.0467,48.971],[-125.0586,48.9664],[-125.0721,48.9644],[-125.0805,48.9716],[-125.0746,48.9799],[-125.0682,48.9856]]}},{"type":"Feature","properties":{},"geometry":{"type":"LineString","coordinates":[[-125.0839,48.966],[-125.0839,48.966]]}},{"type":"Feature","properties":{},"geometry":{"type":"LineString","coordinates":[[-125.0205,48.9841],[-125.0205,48.9841]]}},{"type":"Feature","properties":{},"geometry":{"type":"LineString","coordinates":[[-125.0618,48.9905],[-125.0618,48.9905]]}},{"type":"Feature","properties":{},"geometry":{"type":"LineString","coordinates":[[-124.9718,48.9836],[-124.9718,48.9836]]}},{"type":"Feature","properties":{},"geometry":{"type":"LineString","coordinates":[[-124.9921,48.9912],[-124.9921,48.9912]]}},{"type":"Feature","properties":{},"geometry":{"type":"LineString","coordinates":[[-125.1697,48.9888],[-125.1697,48.9888]]}},{"type":"Feature","properties":{},"geometry":{"type":"LineString","coordinates":[[-125.184,49.0036],[-125.184,49.0036]]}},{"type":"Feature","properties":{},"geometry":{"type":"LineString","coordinates":[[-125.1568,48.9952],[-125.1568,48.9952]]}},{"type":"Feature","properties":{},"geometry":{"type":"LineString","coordinates":[[-125.1531,48.9982],[-125.1531,48.9982]]}},{"type":"Feature","properties":{},"geometry":{"type":"LineString","coordinates":[[-125.2218,49.0335],[-125.2218,49.0335]]}},{"type":"Feature","properties":{},"geometry":{"type":"LineString","coordinates":[[-124.8827,49.0617],[-124.8827,49.0617]]}},{"type":"Feature","properties":{},"geometry":{"type":"LineString","coordinates":[[-124.8142,49.1028],[-124.8142,49.1028]]}},{"type":"Feature","properties":{},"geometry":{"type":"LineString","coordinates":[[-124.8255,49.2277],[-124.8255,49.2277]]}},{"type":"Feature","properties":{},"geometry":{"type":"LineString","coordinates":[[-124.825,49.2284],[-124.825,49.2284]]}},{"type":"Feature","properties":{},"geometry":{"type":"LineString","coordinates":[[-124.8333,49.2375],[-124.8333,49.2375]]}},{"type":"Feature","properties":{},"geometry":{"type":"LineString","coordinates":[[-124.8255,49.2407],[-124.8255,49.2407]]}},{"type":"Feature","properties":{},"geometry":{"type":"LineString","coordinates":[[-124.8262,49.2421],[-124.8262,49.2421]]}},{"type":"Feature","properties":{},"geometry":{"type":"LineString","coordinates":[[-124.7459,49.4526],[-124.7459,49.4526]]}},{"type":"Feature","properties":{},"geometry":{"type":"LineString","coordinates":[[-124.7497,49.4534],[-124.7497,49.4534]]}},{"type":"Feature","properties":{},"geometry":{"type":"LineString","coordinates":[[-124.7478,49.4537],[-124.7478,49.4537]]}},{"type":"Feature","properties":{},"geometry":{"type":"LineString","coordinates":[[-124.684,49.4716],[-124.684,49.4716]]}},{"type":"Feature","properties":{},"geometry":{"type":"LineString","coordinates":[[-124.6454,49.4841],[-124.6454,49.4841]]}},{"type":"Feature","properties":{},"geometry":{"type":"LineString","coordinates":[[-124.4373,49.4867],[-124.4373,49.4867]]}},{"type":"Feature","properties":{},"geometry":{"type":"LineString","coordinates":[[-124.4347,49.4864],[-124.4347,49.4864]]}},{"type":"Feature","properties":{},"geometry":{"type":"LineString","coordinates":[[-124.4353,49.4873],[-124.4353,49.4873]]}},{"type":"Feature","properties":{},"geometry":{"type":"LineString","coordinates":[[-125.2617,48.9151],[-125.2617,48.9151]]}},{"type":"Feature","properties":{},"geometry":{"type":"LineString","coordinates":[[-125.2549,48.9184],[-125.2549,48.9184]]}},{"type":"Feature","properties":{},"geometry":{"type":"LineString","coordinates":[[-125.248,48.9105],[-125.248,48.9105]]}},{"type":"Feature","properties":{},"geometry":{"type":"LineString","coordinates":[[-125.2443,48.9176],[-125.2443,48.9176]]}},{"type":"Feature","properties":{},"geometry":{"type":"LineString","coordinates":[[-125.2704,48.9312],[-125.2704,48.9312]]}},{"type":"Feature","properties":{},"geometry":{"type":"LineString","coordinates":[[-125.2645,48.9281],[-125.2645,48.9281]]}},{"type":"Feature","properties":{},"geometry":{"type":"LineString","coordinates":[[-125.2628,48.9281],[-125.2628,48.9281]]}},{"type":"Feature","properties":{},"geometry":{"type":"LineString","coordinates":[[-125.2628,48.9286],[-125.2628,48.9286]]}},{"type":"Feature","properties":{},"geometry":{"type":"LineString","coordinates":[[-125.2553,48.9237],[-125.2553,48.9237]]}},{"type":"Feature","properties":{},"geometry":{"type":"LineString","coordinates":[[-125.2555,48.9285],[-125.2555,48.9285]]}},{"type":"Feature","properties":{},"geometry":{"type":"LineString","coordinates":[[-125.2515,48.9279],[-125.2515,48.9279]]}},{"type":"Feature","properties":{},"geometry":{"type":"LineString","coordinates":[[-125.2542,48.9295],[-125.2542,48.9295]]}},{"type":"Feature","properties":{},"geometry":{"type":"LineString","coordinates":[[-125.2545,48.9311],[-125.2545,48.9311]]}},{"type":"Feature","properties":{},"geometry":{"type":"LineString","coordinates":[[-125.2655,48.9274],[-125.2655,48.9274]]}},{"type":"Feature","properties":{},"geometry":{"type":"LineString","coordinates":[[-125.2589,48.9175],[-125.245,48.9165],[-125.2523,48.9089],[-125.261,48.9159],[-125.2589,48.9175]]}},{"type":"Feature","properties":{},"geometry":{"type":"LineString","coordinates":[[-125.2516,48.9078],[-125.2516,48.9078]]}},{"type":"Feature","properties":{},"geometry":{"type":"LineString","coordinates":[[-125.2485,48.9201],[-125.2485,48.9201]]}},{"type":"Feature","properties":{},"geometry":{"type":"LineString","coordinates":[[-125.2468,48.922],[-125.2468,48.922]]}},{"type":"Feature","properties":{},"geometry":{"type":"LineString","coordinates":[[-125.2479,48.9232],[-125.2479,48.9232]]}},{"type":"Feature","properties":{},"geometry":{"type":"LineString","coordinates":[[-124.7584,49.4629],[-124.7584,49.4629]]}},{"type":"Feature","properties":{},"geometry":{"type":"LineString","coordinates":[[-124.7818,49.4676],[-124.7818,49.4676]]}},{"type":"Feature","properties":{},"geometry":{"type":"LineString","coordinates":[[-124.7857,49.4665],[-124.7857,49.4665]]}},{"type":"Feature","properties":{},"geometry":{"type":"LineString","coordinates":[[-124.7205,49.4983],[-124.7085,49.4937],[-124.6958,49.4897],[-124.6886,49.482],[-124.7007,49.4775],[-124.7138,49.4809],[-124.727,49.484],[-124.7409,49.4851],[-124.7538,49.4887],[-124.761,49.4964]]}},{"type":"Feature","properties":{},"geometry":{"type":"LineString","coordinates":[[-124.6463,49.4977],[-124.6585,49.4932],[-124.6726,49.4939]]}},{"type":"Feature","properties":{},"geometry":{"type":"LineString","coordinates":[[-124.6841,49.478],[-124.6841,49.478]]}},{"type":"Feature","properties":{},"geometry":{"type":"LineString","coordinates":[[-124.649,49.4841],[-124.649,49.4841]]}},{"type":"Feature","properties":{},"geometry":{"type":"LineString","coordinates":[[-124.664,49.4894],[-124.664,49.4894]]}},{"type":"Feature","properties":{},"geometry":{"type":"LineString","coordinates":[[-124.6601,49.4878],[-124.6601,49.4878]]}},{"type":"Feature","properties":{},"geometry":{"type":"LineString","coordinates":[[-124.6547,49.4897],[-124.6547,49.4897]]}},{"type":"Feature","properties":{},"geometry":{"type":"LineString","coordinates":[[-123.2592,48.4376],[-123.2592,48.4376]]}},{"type":"Feature","properties":{},"geometry":{"type":"LineString","coordinates":[[-123.2587,48.4371],[-123.2587,48.4371]]}},{"type":"Feature","properties":{},"geometry":{"type":"LineString","coordinates":[[-123.3838,48.6773],[-123.3838,48.6773]]}},{"type":"Feature","properties":{},"geometry":{"type":"LineString","coordinates":[[-123.2542,48.4396],[-123.2533,48.4307],[-123.2549,48.4396],[-123.2542,48.4396]]}},{"type":"Feature","properties":{},"geometry":{"type":"LineString","coordinates":[[-123.3787,48.6896],[-123.3655,48.6862],[-123.3734,48.6789],[-123.3864,48.6818],[-123.3882,48.6908],[-123.3787,48.6896]]}},{"type":"Feature","properties":{},"geometry":{"type":"LineString","coordinates":[[-123.2428,48.7478],[-123.2428,48.7478]]}},{"type":"Feature","properties":{},"geometry":{"type":"LineString","coordinates":[[-123.2409,48.7533],[-123.2409,48.7533]]}},{"type":"Feature","properties":{},"geometry":{"type":"LineString","coordinates":[[-123.2374,48.7522],[-123.2374,48.7522]]}},{"type":"Feature","properties":{},"geometry":{"type":"LineString","coordinates":[[-123.2392,48.7528],[-123.2392,48.7528]]}},{"type":"Feature","properties":{},"geometry":{"type":"LineString","coordinates":[[-123.2287,48.8228],[-123.2287,48.8228]]}},{"type":"Feature","properties":{},"geometry":{"type":"LineString","coordinates":[[-123.2563,48.7675],[-123.2426,48.7654],[-123.231,48.7605],[-123.2173,48.759],[-123.2043,48.7558],[-123.1913,48.7528],[-123.1808,48.747],[-123.1832,48.7382],[-123.1953,48.7339],[-123.2089,48.7351],[-123.2198,48.7408],[-123.2281,48.7481],[-123.2386,48.754],[-123.2506,48.7584],[-123.2577,48.7661],[-123.2563,48.7675]]}},{"type":"Feature","properties":{},"geometry":{"type":"LineString","coordinates":[[-123.2227,48.8312],[-123.211,48.8261],[-123.2006,48.8201],[-123.1895,48.8146],[-123.2035,48.814],[-123.2091,48.8222],[-123.223,48.8223],[-123.2331,48.8284],[-123.2227,48.8312]]}},{"type":"Feature","properties":{},"geometry":{"type":"LineString","coordinates":[[-123.4349,48.4256],[-123.4349,48.4256]]}},{"type":"Feature","properties":{},"geometry":{"type":"LineString","coordinates":[[-123.4343,48.4259],[-123.4343,48.4259]]}},{"type":"Feature","properties":{},"geometry":{"type":"LineString","coordinates":[[-123.4157,48.4195],[-123.4157,48.4195]]}},{"type":"Feature","properties":{},"geometry":{"type":"LineString","coordinates":[[-123.4154,48.4194],[-123.4154,48.4194]]}},{"type":"Feature","properties":{},"geometry":{"type":"LineString","coordinates":[[-123.4305,48.4228],[-123.4305,48.4228]]}},{"type":"Feature","properties":{},"geometry":{"type":"LineString","coordinates":[[-123.4298,48.4254],[-123.4298,48.4254]]}},{"type":"Feature","properties":{},"geometry":{"type":"LineString","coordinates":[[-123.4308,48.4267],[-123.4308,48.4267]]}},{"type":"Feature","properties":{},"geometry":{"type":"LineString","coordinates":[[-123.4105,48.4167],[-123.4105,48.4167]]}},{"type":"Feature","properties":{},"geometry":{"type":"LineString","coordinates":[[-123.4021,48.4176],[-123.4021,48.4176]]}},{"type":"Feature","properties":{},"geometry":{"type":"LineString","coordinates":[[-123.4024,48.4184],[-123.4024,48.4184]]}},{"type":"Feature","properties":{},"geometry":{"type":"LineString","coordinates":[[-123.403,48.4189],[-123.403,48.4189]]}},{"type":"Feature","properties":{},"geometry":{"type":"LineString","coordinates":[[-123.4012,48.4197],[-123.4012,48.4197]]}},{"type":"Feature","properties":{},"geometry":{"type":"LineString","coordinates":[[-123.3944,48.4234],[-123.3944,48.4234]]}},{"type":"Feature","properties":{},"geometry":{"type":"LineString","coordinates":[[-123.3931,48.424],[-123.3931,48.424]]}},{"type":"Feature","properties":{},"geometry":{"type":"LineString","coordinates":[[-123.3743,48.4072],[-123.3743,48.4072]]}},{"type":"Feature","properties":{},"geometry":{"type":"LineString","coordinates":[[-123.3827,48.4125],[-123.3827,48.4125]]}},{"type":"Feature","properties":{},"geometry":{"type":"LineString","coordinates":[[-123.3841,48.4256],[-123.3841,48.4256]]}},{"type":"Feature","properties":{},"geometry":{"type":"LineString","coordinates":[[-123.3909,48.4293],[-123.3909,48.4293]]}},{"type":"Feature","properties":{},"geometry":{"type":"LineString","coordinates":[[-123.3882,48.4273],[-123.3882,48.4273]]}},{"type":"Feature","properties":{},"geometry":{"type":"LineString","coordinates":[[-123.3888,48.4277],[-123.3888,48.4277]]}},{"type":"Feature","properties":{},"geometry":{"type":"LineString","coordinates":[[-123.4626,48.4283],[-123.4626,48.4283]]}},{"type":"Feature","properties":{},"geometry":{"type":"LineString","coordinates":[[-123.4584,48.4302],[-123.4584,48.4302]]}},{"type":"Feature","properties":{},"geometry":{"type":"LineString","coordinates":[[-123.4579,48.4312],[-123.4579,48.4312]]}},{"type":"Feature","properties":{},"geometry":{"type":"LineString","coordinates":[[-123.4491,48.4306],[-123.4491,48.4306]]}},{"type":"Feature","properties":{},"geometry":{"type":"LineString","coordinates":[[-123.4386,48.4261],[-123.4386,48.4261]]}},{"type":"Feature","properties":{},"geometry":{"type":"LineString","coordinates":[[-123.4316,48.4274],[-123.4316,48.4274]]}},{"type":"Feature","properties":{},"geometry":{"type":"LineString","coordinates":[[-123.4484,48.4467],[-123.4484,48.4467]]}},{"type":"Feature","properties":{},"geometry":{"type":"LineString","coordinates":[[-123.449,48.4473],[-123.449,48.4473]]}},{"type":"Feature","properties":{},"geometry":{"type":"LineString","coordinates":[[-123.4494,48.4483],[-123.4494,48.4483]]}},{"type":"Feature","properties":{},"geometry":{"type":"LineString","coordinates":[[-123.44,48.4425],[-123.44,48.4425]]}},{"type":"Feature","properties":{},"geometry":{"type":"LineString","coordinates":[[-123.4387,48.4418],[-123.4387,48.4418]]}},{"type":"Feature","properties":{},"geometry":{"type":"LineString","coordinates":[[-123.4389,48.442],[-123.4389,48.442]]}},{"type":"Feature","properties":{},"geometry":{"type":"LineString","coordinates":[[-123.4332,48.439],[-123.4332,48.439]]}},{"type":"Feature","properties":{},"geometry":{"type":"LineString","coordinates":[[-123.4343,48.4395],[-123.4343,48.4395]]}},{"type":"Feature","properties":{},"geometry":{"type":"LineString","coordinates":[[-123.4349,48.4399],[-123.4349,48.4399]]}},{"type":"Feature","properties":{},"geometry":{"type":"LineString","coordinates":[[-123.437,48.4437],[-123.437,48.4437]]}},{"type":"Feature","properties":{},"geometry":{"type":"LineString","coordinates":[[-123.4349,48.4451],[-123.4349,48.4451]]}},{"type":"Feature","properties":{},"geometry":{"type":"LineString","coordinates":[[-123.4424,48.4504],[-123.4424,48.4504]]}},{"type":"Feature","properties":{},"geometry":{"type":"LineString","coordinates":[[-123.4352,48.4478],[-123.4352,48.4478]]}},{"type":"Feature","properties":{},"geometry":{"type":"LineString","coordinates":[[-123.4359,48.4481],[-123.4359,48.4481]]}},{"type":"Feature","properties":{},"geometry":{"type":"LineString","coordinates":[[-123.2917,48.4413],[-123.2917,48.4413]]}},{"type":"Feature","properties":{},"geometry":{"type":"LineString","coordinates":[[-123.2902,48.4439],[-123.2902,48.4439]]}},{"type":"Feature","properties":{},"geometry":{"type":"LineString","coordinates":[[-123.2962,48.4526],[-123.2962,48.4526]]}},{"type":"Feature","properties":{},"geometry":{"type":"LineString","coordinates":[[-123.2916,48.4462],[-123.2916,48.4462]]}},{"type":"Feature","properties":{},"geometry":{"type":"LineString","coordinates":[[-123.2916,48.4474],[-123.2916,48.4474]]}},{"type":"Feature","properties":{},"geometry":{"type":"LineString","coordinates":[[-123.2787,48.4481],[-123.2787,48.4481]]}},{"type":"Feature","properties":{},"geometry":{"type":"LineString","coordinates":[[-123.2723,48.4459],[-123.2723,48.4459]]}},{"type":"Feature","properties":{},"geometry":{"type":"LineString","coordinates":[[-123.2653,48.4502],[-123.2653,48.4502]]}},{"type":"Feature","properties":{},"geometry":{"type":"LineString","coordinates":[[-123.2636,48.4503],[-123.2636,48.4503]]}},{"type":"Feature","properties":{},"geometry":{"type":"LineString","coordinates":[[-123.283,48.4515],[-123.283,48.4515]]}},{"type":"Feature","properties":{},"geometry":{"type":"LineString","coordinates":[[-123.2785,48.4498],[-123.2785,48.4498]]}},{"type":"Feature","properties":{},"geometry":{"type":"LineString","coordinates":[[-123.2887,48.4714],[-123.2887,48.4714]]}},{"type":"Feature","properties":{},"geometry":{"type":"LineString","coordinates":[[-123.2902,48.4725],[-123.2902,48.4725]]}},{"type":"Feature","properties":{},"geometry":{"type":"LineString","coordinates":[[-123.2896,48.4729],[-123.2896,48.4729]]}},{"type":"Feature","properties":{},"geometry":{"type":"LineString","coordinates":[[-123.4512,48.453],[-123.4512,48.453]]}},{"type":"Feature","properties":{},"geometry":{"type":"LineString","coordinates":[[-123.4519,48.454],[-123.4519,48.454]]}},{"type":"Feature","properties":{},"geometry":{"type":"LineString","coordinates":[[-123.444,48.4511],[-123.444,48.4511]]}},{"type":"Feature","properties":{},"geometry":{"type":"LineString","coordinates":[[-123.4681,48.5721],[-123.4681,48.5721]]}},{"type":"Feature","properties":{},"geometry":{"type":"LineString","coordinates":[[-123.4673,48.5739],[-123.4673,48.5739]]}},{"type":"Feature","properties":{},"geometry":{"type":"LineString","coordinates":[[-123.4703,48.5794],[-123.4703,48.5794]]}},{"type":"Feature","properties":{},"geometry":{"type":"LineString","coordinates":[[-123.4708,48.5799],[-123.4708,48.5799]]}},{"type":"Feature","properties":{},"geometry":{"type":"LineString","coordinates":[[-123.4844,48.5914],[-123.4844,48.5914]]}},{"type":"Feature","properties":{},"geometry":{"type":"LineString","coordinates":[[-123.5252,48.6279],[-123.5252,48.6279]]}},{"type":"Feature","properties":{},"geometry":{"type":"LineString","coordinates":[[-123.555,48.7539],[-123.555,48.7539]]}},{"type":"Feature","properties":{},"geometry":{"type":"LineString","coordinates":[[-123.4794,48.6263],[-123.4794,48.6263]]}},{"type":"Feature","properties":{},"geometry":{"type":"LineString","coordinates":[[-123.543,48.7425],[-123.543,48.7425]]}},{"type":"Feature","properties":{},"geometry":{"type":"LineString","coordinates":[[-123.5867,48.753],[-123.5867,48.753]]}},{"type":"Feature","properties":{},"geometry":{"type":"LineString","coordinates":[[-123.5937,48.7579],[-123.5937,48.7579]]}},{"type":"Feature","properties":{},"geometry":{"type":"LineString","coordinates":[[-123.5631,48.769],[-123.5631,48.769]]}},{"type":"Feature","properties":{},"geometry":{"type":"LineString","coordinates":[[-123.6004,48.7937],[-123.6004,48.7937]]}},{"type":"Feature","properties":{},"geometry":{"type":"LineString","coordinates":[[-123.6017,48.7999],[-123.6017,48.7999]]}},{"type":"Feature","properties":{},"geometry":{"type":"LineString","coordinates":[[-123.5551,48.8696],[-123.5551,48.8696]]}},{"type":"Feature","properties":{},"geometry":{"type":"LineString","coordinates":[[-123.5528,48.8689],[-123.5528,48.8689]]}},{"type":"Feature","properties":{},"geometry":{"type":"LineString","coordinates":[[-123.5744,48.879],[-123.5744,48.879]]}},{"type":"Feature","properties":{},"geometry":{"type":"LineString","coordinates":[[-123.3758,48.6686],[-123.3758,48.6686]]}},{"type":"Feature","properties":{},"geometry":{"type":"LineString","coordinates":[[-123.373,48.6705],[-123.373,48.6705]]}},{"type":"Feature","properties":{},"geometry":{"type":"LineString","coordinates":[[-123.4084,48.6701],[-123.4084,48.6701]]}},{"type":"Feature","properties":{},"geometry":{"type":"LineString","coordinates":[[-123.3931,48.6549],[-123.3931,48.6549]]}},{"type":"Feature","properties":{},"geometry":{"type":"LineString","coordinates":[[-123.3935,48.6557],[-123.3935,48.6557]]}},{"type":"Feature","properties":{},"geometry":{"type":"LineString","coordinates":[[-123.3935,48.6578],[-123.3935,48.6578]]}},{"type":"Feature","properties":{},"geometry":{"type":"LineString","coordinates":[[-123.3912,48.6588],[-123.3912,48.6588]]}},{"type":"Feature","properties":{},"geometry":{"type":"LineString","coordinates":[[-123.3915,48.6607],[-123.3915,48.6607]]}},{"type":"Feature","properties":{},"geometry":{"type":"LineString","coordinates":[[-123.3954,48.662],[-123.3954,48.662]]}},{"type":"Feature","properties":{},"geometry":{"type":"LineString","coordinates":[[-123.4047,48.6687],[-123.4047,48.6687]]}},{"type":"Feature","properties":{},"geometry":{"type":"LineString","coordinates":[[-123.4131,48.67],[-123.4131,48.67]]}},{"type":"Feature","properties":{},"geometry":{"type":"LineString","coordinates":[[-123.4139,48.671],[-123.4139,48.671]]}},{"type":"Feature","properties":{},"geometry":{"type":"LineString","coordinates":[[-123.4104,48.6736],[-123.4104,48.6736]]}},{"type":"Feature","properties":{},"geometry":{"type":"LineString","coordinates":[[-123.4079,48.6738],[-123.4079,48.6738]]}},{"type":"Feature","properties":{},"geometry":{"type":"LineString","coordinates":[[-123.4076,48.6742],[-123.4076,48.6742]]}},{"type":"Feature","properties":{},"geometry":{"type":"LineString","coordinates":[[-123.4002,48.6744],[-123.4002,48.6744]]}},{"type":"Feature","properties":{},"geometry":{"type":"LineString","coordinates":[[-123.3772,48.6695],[-123.3772,48.6695]]}},{"type":"Feature","properties":{},"geometry":{"type":"LineString","coordinates":[[-123.3699,48.6681],[-123.3699,48.6681]]}},{"type":"Feature","properties":{},"geometry":{"type":"LineString","coordinates":[[-123.3745,48.6778],[-123.3745,48.6778]]}},{"type":"Feature","properties":{},"geometry":{"type":"LineString","coordinates":[[-123.2729,48.4193],[-123.2729,48.4193]]}},{"type":"Feature","properties":{},"geometry":{"type":"LineString","coordinates":[[-123.2766,48.4215],[-123.2766,48.4215]]}},{"type":"Feature","properties":{},"geometry":{"type":"LineString","coordinates":[[-123.3276,48.4103],[-123.3276,48.4103]]}},{"type":"Feature","properties":{},"geometry":{"type":"LineString","coordinates":[[-123.3031,48.4021],[-123.3031,48.4021]]}},{"type":"Feature","properties":{},"geometry":{"type":"LineString","coordinates":[[-123.3052,48.4053],[-123.3052,48.4053]]}},{"type":"Feature","properties":{},"geometry":{"type":"LineString","coordinates":[[-123.3153,48.4113],[-123.3153,48.4113]]}},{"type":"Feature","properties":{},"geometry":{"type":"LineString","coordinates":[[-123.3268,48.4102],[-123.3268,48.4102]]}},{"type":"Feature","properties":{},"geometry":{"type":"LineString","coordinates":[[-123.3058,48.4059],[-123.3058,48.4059]]}},{"type":"Feature","properties":{},"geometry":{"type":"LineString","coordinates":[[-123.3053,48.406],[-123.3053,48.406]]}},{"type":"Feature","properties":{},"geometry":{"type":"LineString","coordinates":[[-123.3077,48.4103],[-123.3077,48.4103]]}},{"type":"Feature","properties":{},"geometry":{"type":"LineString","coordinates":[[-123.3079,48.4106],[-123.3079,48.4106]]}},{"type":"Feature","properties":{},"geometry":{"type":"LineString","coordinates":[[-123.2984,48.4105],[-123.2984,48.4105]]}},{"type":"Feature","properties":{},"geometry":{"type":"LineString","coordinates":[[-123.2981,48.4109],[-123.2981,48.4109]]}},{"type":"Feature","properties":{},"geometry":{"type":"LineString","coordinates":[[-123.3019,48.4104],[-123.3019,48.4104]]}},{"type":"Feature","properties":{},"geometry":{"type":"LineString","coordinates":[[-123.2947,48.4136],[-123.2947,48.4136]]}},{"type":"Feature","properties":{},"geometry":{"type":"LineString","coordinates":[[-123.2946,48.4144],[-123.2946,48.4144]]}},{"type":"Feature","properties":{},"geometry":{"type":"LineString","coordinates":[[-123.2651,48.4174],[-123.2651,48.4174]]}},{"type":"Feature","properties":{},"geometry":{"type":"LineString","coordinates":[[-123.2657,48.4181],[-123.2657,48.4181]]}},{"type":"Feature","properties":{},"geometry":{"type":"LineString","coordinates":[[-123.2719,48.4241],[-123.2719,48.4241]]}},{"type":"Feature","properties":{},"geometry":{"type":"LineString","coordinates":[[-123.3042,48.402],[-123.3042,48.402]]}},{"type":"Feature","properties":{},"geometry":{"type":"LineString","coordinates":[[-123.258,48.4365],[-123.258,48.4365]]}},{"type":"Feature","properties":{},"geometry":{"type":"LineString","coordinates":[[-123.2895,48.4233],[-123.2895,48.4233]]}},{"type":"Feature","properties":{},"geometry":{"type":"LineString","coordinates":[[-123.2797,48.4254],[-123.2797,48.4254]]}},{"type":"Feature","properties":{},"geometry":{"type":"LineString","coordinates":[[-123.3039,48.4253],[-123.3039,48.4253]]}},{"type":"Feature","properties":{},"geometry":{"type":"LineString","coordinates":[[-123.2978,48.4269],[-123.2978,48.4269]]}},{"type":"Feature","properties":{},"geometry":{"type":"LineString","coordinates":[[-123.2932,48.4272],[-123.2932,48.4272]]}},{"type":"Feature","properties":{},"geometry":{"type":"LineString","coordinates":[[-123.2839,48.4293],[-123.2839,48.4293]]}},{"type":"Feature","properties":{},"geometry":{"type":"LineString","coordinates":[[-123.2649,48.4187],[-123.2649,48.4187]]}},{"type":"Feature","properties":{},"geometry":{"type":"LineString","coordinates":[[-123.2673,48.4216],[-123.2673,48.4216]]}},{"type":"Feature","properties":{},"geometry":{"type":"LineString","coordinates":[[-123.264,48.419],[-123.264,48.419]]}},{"type":"Feature","properties":{},"geometry":{"type":"LineString","coordinates":[[-123.264,48.4202],[-123.264,48.4202]]}},{"type":"Feature","properties":{},"geometry":{"type":"LineString","coordinates":[[-123.2652,48.4204],[-123.2652,48.4204]]}},{"type":"Feature","properties":{},"geometry":{"type":"LineString","coordinates":[[-123.265,48.4221],[-123.265,48.4221]]}},{"type":"Feature","properties":{},"geometry":{"type":"LineString","coordinates":[[-123.2664,48.4224],[-123.2664,48.4224]]}},{"type":"Feature","properties":{},"geometry":{"type":"LineString","coordinates":[[-123.2663,48.4227],[-123.2663,48.4227]]}},{"type":"Feature","properties":{},"geometry":{"type":"LineString","coordinates":[[-123.2527,48.4274],[-123.2527,48.4274]]}},{"type":"Feature","properties":{},"geometry":{"type":"LineString","coordinates":[[-123.3914,48.6786],[-123.3914,48.6786]]}},{"type":"Feature","properties":{},"geometry":{"type":"LineString","coordinates":[[-123.395,48.6814],[-123.395,48.6814]]}},{"type":"Feature","properties":{},"geometry":{"type":"LineString","coordinates":[[-123.3871,48.6867],[-123.3871,48.6867]]}},{"type":"Feature","properties":{},"geometry":{"type":"LineString","coordinates":[[-123.3883,48.6872],[-123.3883,48.6872]]}},{"type":"Feature","properties":{},"geometry":{"type":"LineString","coordinates":[[-123.3938,48.6868],[-123.3938,48.6868]]}},{"type":"Feature","properties":{},"geometry":{"type":"LineString","coordinates":[[-123.3976,48.6788],[-123.3976,48.6788]]}},{"type":"Feature","properties":{},"geometry":{"type":"LineString","coordinates":[[-123.3975,48.6789],[-123.3975,48.6789]]}},{"type":"Feature","properties":{},"geometry":{"type":"LineString","coordinates":[[-123.3984,48.6796],[-123.3984,48.6796]]}},{"type":"Feature","properties":{},"geometry":{"type":"LineString","coordinates":[[-123.4004,48.6839],[-123.4004,48.6839]]}},{"type":"Feature","properties":{},"geometry":{"type":"LineString","coordinates":[[-123.3995,48.6849],[-123.3995,48.6849]]}},{"type":"Feature","properties":{},"geometry":{"type":"LineString","coordinates":[[-123.4001,48.6863],[-123.4001,48.6863]]}},{"type":"Feature","properties":{},"geometry":{"type":"LineString","coordinates":[[-123.4256,48.7022],[-123.4256,48.7022]]}},{"type":"Feature","properties":{},"geometry":{"type":"LineString","coordinates":[[-123.4351,48.706],[-123.4351,48.706]]}},{"type":"Feature","properties":{},"geometry":{"type":"LineString","coordinates":[[-123.397,48.6817],[-123.397,48.6817]]}},{"type":"Feature","properties":{},"geometry":{"type":"LineString","coordinates":[[-123.3973,48.6837],[-123.3973,48.6837]]}},{"type":"Feature","properties":{},"geometry":{"type":"LineString","coordinates":[[-123.4053,48.7012],[-123.4053,48.7012]]}},{"type":"Feature","properties":{},"geometry":{"type":"LineString","coordinates":[[-123.3886,48.6983],[-123.3886,48.6983]]}},{"type":"Feature","properties":{},"geometry":{"type":"LineString","coordinates":[[-123.4175,48.7097],[-123.4075,48.7035],[-123.4207,48.7006],[-123.4202,48.7096],[-123.4175,48.7097]]}},{"type":"Feature","properties":{},"geometry":{"type":"LineString","coordinates":[[-123.3981,48.7013],[-123.3981,48.7013]]}},{"type":"Feature","properties":{},"geometry":{"type":"LineString","coordinates":[[-123.3769,48.7349],[-123.3769,48.7349]]}},{"type":"Feature","properties":{},"geometry":{"type":"LineString","coordinates":[[-123.3775,48.7357],[-123.3775,48.7357]]}},{"type":"Feature","properties":{},"geometry":{"type":"LineString","coordinates":[[-123.3753,48.7364],[-123.3753,48.7364]]}},{"type":"Feature","properties":{},"geometry":{"type":"LineString","coordinates":[[-123.4316,48.7285],[-123.4316,48.7285]]}},{"type":"Feature","properties":{},"geometry":{"type":"LineString","coordinates":[[-123.4303,48.7287],[-123.4303,48.7287]]}},{"type":"Feature","properties":{},"geometry":{"type":"LineString","coordinates":[[-123.4307,48.73],[-123.4307,48.73]]}},{"type":"Feature","properties":{},"geometry":{"type":"LineString","coordinates":[[-123.4282,48.7538],[-123.4282,48.7538]]}},{"type":"Feature","properties":{},"geometry":{"type":"LineString","coordinates":[[-123.424,48.7545],[-123.424,48.7545]]}},{"type":"Feature","properties":{},"geometry":{"type":"LineString","coordinates":[[-123.4139,48.7566],[-123.4139,48.7566]]}},{"type":"Feature","properties":{},"geometry":{"type":"LineString","coordinates":[[-123.3854,48.7535],[-123.3854,48.7535]]}},{"type":"Feature","properties":{},"geometry":{"type":"LineString","coordinates":[[-123.4029,48.7498],[-123.4029,48.7498]]}},{"type":"Feature","properties":{},"geometry":{"type":"LineString","coordinates":[[-123.2354,48.8343],[-123.2354,48.8343]]}},{"type":"Feature","properties":{},"geometry":{"type":"LineString","coordinates":[[-123.271,48.8072],[-123.271,48.8072]]}},{"type":"Feature","properties":{},"geometry":{"type":"LineString","coordinates":[[-123.2677,48.8069],[-123.2677,48.8069]]}},{"type":"Feature","properties":{},"geometry":{"type":"LineString","coordinates":[[-123.2424,48.8463],[-123.2424,48.8463]]}},{"type":"Feature","properties":{},"geometry":{"type":"LineString","coordinates":[[-123.2556,48.8569],[-123.2556,48.8569]]}},{"type":"Feature","properties":{},"geometry":{"type":"LineString","coordinates":[[-123.2409,48.8453],[-123.2409,48.8453]]}},{"type":"Feature","properties":{},"geometry":{"type":"LineString","coordinates":[[-123.2412,48.8348],[-123.2348,48.8269],[-123.243,48.8342],[-123.2412,48.8348]]}},{"type":"Feature","properties":{},"geometry":{"type":"LineString","coordinates":[[-123.3578,48.5153],[-123.3578,48.5153]]}},{"type":"Feature","properties":{},"geometry":{"type":"LineString","coordinates":[[-123.2896,48.4735],[-123.2896,48.4735]]}},{"type":"Feature","properties":{},"geometry":{"type":"LineString","coordinates":[[-123.3025,48.4903],[-123.3025,48.4903]]}},{"type":"Feature","properties":{},"geometry":{"type":"LineString","coordinates":[[-123.3086,48.4958],[-123.3086,48.4958]]}},{"type":"Feature","properties":{},"geometry":{"type":"LineString","coordinates":[[-123.3608,48.6166],[-123.3518,48.6096],[-123.339,48.6062],[-123.3337,48.5979],[-123.343,48.5914],[-123.3556,48.5951],[-123.3552,48.6041],[-123.364,48.6109],[-123.3755,48.6159],[-123.3617,48.6166],[-123.3608,48.6166]]}},{"type":"Feature","properties":{},"geometry":{"type":"LineString","coordinates":[[-123.2311,48.7381],[-123.2311,48.7381]]}},{"type":"Feature","properties":{},"geometry":{"type":"LineString","coordinates":[[-123.2341,48.741],[-123.2341,48.741]]}},{"type":"Feature","properties":{},"geometry":{"type":"LineString","coordinates":[[-124.1633,49.4526],[-124.1633,49.4526]]}},{"type":"Feature","properties":{},"geometry":{"type":"LineString","coordinates":[[-124.1641,49.4527],[-124.1641,49.4527]]}},{"type":"Feature","properties":{},"geometry":{"type":"LineString","coordinates":[[-124.1653,49.4434],[-124.1653,49.4434]]}},{"type":"Feature","properties":{},"geometry":{"type":"LineString","coordinates":[[-124.1751,49.4683],[-124.1751,49.4683]]}},{"type":"Feature","properties":{},"geometry":{"type":"LineString","coordinates":[[-124.1638,49.4521],[-124.1638,49.4521]]}},{"type":"Feature","properties":{},"geometry":{"type":"LineString","coordinates":[[-124.166,49.4542],[-124.166,49.4542]]}},{"type":"Feature","properties":{},"geometry":{"type":"LineString","coordinates":[[-124.1676,49.4591],[-124.1676,49.4591]]}},{"type":"Feature","properties":{},"geometry":{"type":"LineString","coordinates":[[-124.1677,49.4597],[-124.1677,49.4597]]}},{"type":"Feature","properties":{},"geometry":{"type":"LineString","coordinates":[[-124.1721,49.4657],[-124.1721,49.4657]]}},{"type":"Feature","properties":{},"geometry":{"type":"LineString","coordinates":[[-124.183,49.4744],[-124.183,49.4744]]}},{"type":"Feature","properties":{},"geometry":{"type":"LineString","coordinates":[[-124.1863,49.4833],[-124.1863,49.4833]]}},{"type":"Feature","properties":{},"geometry":{"type":"LineString","coordinates":[[-124.1841,49.4815],[-124.1841,49.4815]]}},{"type":"Feature","properties":{},"geometry":{"type":"LineString","coordinates":[[-124.1852,49.4855],[-124.1852,49.4855]]}},{"type":"Feature","properties":{},"geometry":{"type":"LineString","coordinates":[[-124.1778,49.4859],[-124.1778,49.4859]]}},{"type":"Feature","properties":{},"geometry":{"type":"LineString","coordinates":[[-124.17,49.441],[-124.17,49.441]]}},{"type":"Feature","properties":{},"geometry":{"type":"LineString","coordinates":[[-124.1704,49.4412],[-124.1704,49.4412]]}},{"type":"Feature","properties":{},"geometry":{"type":"LineString","coordinates":[[-124.1683,49.4403],[-124.1683,49.4403]]}},{"type":"Feature","properties":{},"geometry":{"type":"LineString","coordinates":[[-124.1686,49.4408],[-124.1686,49.4408]]}},{"type":"Feature","properties":{},"geometry":{"type":"LineString","coordinates":[[-124.1675,49.4416],[-124.1675,49.4416]]}},{"type":"Feature","properties":{},"geometry":{"type":"LineString","coordinates":[[-124.1659,49.4422],[-124.1659,49.4422]]}},{"type":"Feature","properties":{},"geometry":{"type":"LineString","coordinates":[[-124.3769,49.494],[-124.3769,49.494]]}},{"type":"Feature","properties":{},"geometry":{"type":"LineString","coordinates":[[-124.3776,49.4948],[-124.3776,49.4948]]}},{"type":"Feature","properties":{},"geometry":{"type":"LineString","coordinates":[[-124.2827,49.4503],[-124.2827,49.4503]]}},{"type":"Feature","properties":{},"geometry":{"type":"LineString","coordinates":[[-124.2841,49.452],[-124.2841,49.452]]}},{"type":"Feature","properties":{},"geometry":{"type":"LineString","coordinates":[[-124.2014,49.4794],[-124.2014,49.4794]]}},{"type":"Feature","properties":{},"geometry":{"type":"LineString","coordinates":[[-124.196,49.4819],[-124.196,49.4819]]}},{"type":"Feature","properties":{},"geometry":{"type":"LineString","coordinates":[[-124.1889,49.4853],[-124.1889,49.4853]]}},{"type":"Feature","properties":{},"geometry":{"type":"LineString","coordinates":[[-124.1951,49.4881],[-124.1951,49.4881]]}},{"type":"Feature","properties":{},"geometry":{"type":"LineString","coordinates":[[-124.3001,49.4566],[-124.2869,49.4534],[-124.2998,49.4499],[-124.3001,49.4566]]}},{"type":"Feature","properties":{},"geometry":{"type":"LineString","coordinates":[[-124.2083,49.4883],[-124.1944,49.4866],[-124.2085,49.4877],[-124.2083,49.4883]]}},{"type":"Feature","properties":{},"geometry":{"type":"LineString","coordinates":[[-124.3121,49.4528],[-124.3121,49.4528]]}},{"type":"Feature","properties":{},"geometry":{"type":"LineString","coordinates":[[-124.311,49.4521],[-124.311,49.4521]]}},{"type":"Feature","properties":{},"geometry":{"type":"LineString","coordinates":[[-124.3106,49.4521],[-124.3106,49.4521]]}},{"type":"Feature","properties":{},"geometry":{"type":"LineString","coordinates":[[-124.3098,49.4522],[-124.3098,49.4522]]}},{"type":"Feature","properties":{},"geometry":{"type":"LineString","coordinates":[[-124.2602,49.458],[-124.2602,49.458]]}},{"type":"Feature","properties":{},"geometry":{"type":"LineString","coordinates":[[-124.2619,49.4601],[-124.2619,49.4601]]}},{"type":"Feature","properties":{},"geometry":{"type":"LineString","coordinates":[[-124.2141,49.4533],[-124.2141,49.4533]]}},{"type":"Feature","properties":{},"geometry":{"type":"LineString","coordinates":[[-124.2255,49.4538],[-124.2255,49.4538]]}},{"type":"Feature","properties":{},"geometry":{"type":"LineString","coordinates":[[-124.2053,49.4801],[-124.2053,49.4801]]}},{"type":"Feature","properties":{},"geometry":{"type":"LineString","coordinates":[[-124.2054,49.4806],[-124.2054,49.4806]]}},{"type":"Feature","properties":{},"geometry":{"type":"LineString","coordinates":[[-124.2069,49.481],[-124.2069,49.481]]}},{"type":"Feature","properties":{},"geometry":{"type":"LineString","coordinates":[[-124.1855,49.4728],[-124.1855,49.4728]]}},{"type":"Feature","properties":{},"geometry":{"type":"LineString","coordinates":[[-124.2275,49.4947],[-124.2208,49.4868],[-124.2129,49.4793],[-124.1989,49.4785],[-124.1869,49.4736],[-124.1759,49.4681],[-124.169,49.4601],[-124.1637,49.4518],[-124.1669,49.4431],[-124.1793,49.4389],[-124.1909,49.4439],[-124.2016,49.4499],[-124.2139,49.4542],[-124.227,49.4575],[-124.2378,49.4632],[-124.249,49.4578],[-124.2623,49.4608],[-124.2765,49.4605],[-124.2889,49.4563],[-124.3019,49.4599],[-124.316,49.4596],[-124.3253,49.4665],[-124.3383,49.47],[-124.3514,49.4734],[-124.365,49.4758],[-124.3656,49.4848],[-124.3526,49.4812],[-124.357,49.4897],[-124.353,49.4984],[-124.3669,49.4972],[-124.3811,49.4981]]}},{"type":"Feature","properties":{},"geometry":{"type":"LineString","coordinates":[[-124.105,49.2772],[-124.105,49.2772]]}},{"type":"Feature","properties":{},"geometry":{"type":"LineString","coordinates":[[-124.1013,49.2766],[-124.1013,49.2766]]}},{"type":"Feature","properties":{},"geometry":{"type":"LineString","coordinates":[[-124.0832,49.2715],[-124.0832,49.2715]]}},{"type":"Feature","properties":{},"geometry":{"type":"LineString","coordinates":[[-124.0781,49.2695],[-124.0781,49.2695]]}},{"type":"Feature","properties":{},"geometry":{"type":"LineString","coordinates":[[-124.0788,49.2699],[-124.0788,49.2699]]}},{"type":"Feature","properties":{},"geometry":{"type":"LineString","coordinates":[[-124.0814,49.2718],[-124.0814,49.2718]]}},{"type":"Feature","properties":{},"geometry":{"type":"LineString","coordinates":[[-124.128,49.2585],[-124.128,49.2585]]}},{"type":"Feature","properties":{},"geometry":{"type":"LineString","coordinates":[[-124.1114,49.2735],[-124.1114,49.2735]]}},{"type":"Feature","properties":{},"geometry":{"type":"LineString","coordinates":[[-124.1089,49.2717],[-124.1089,49.2717]]}},{"type":"Feature","properties":{},"geometry":{"type":"LineString","coordinates":[[-124.1149,49.2754],[-124.1149,49.2754]]}},{"type":"Feature","properties":{},"geometry":{"type":"LineString","coordinates":[[-124.1131,49.2754],[-124.1131,49.2754]]}},{"type":"Feature","properties":{},"geometry":{"type":"LineString","coordinates":[[-124.1067,49.2761],[-124.1067,49.2761]]}},{"type":"Feature","properties":{},"geometry":{"type":"LineString","coordinates":[[-124.1073,49.2765],[-124.1073,49.2765]]}},{"type":"Feature","properties":{},"geometry":{"type":"LineString","coordinates":[[-124.1082,49.2771],[-124.1082,49.2771]]}},{"type":"Feature","properties":{},"geometry":{"type":"LineString","coordinates":[[-124.0996,49.2751],[-124.0996,49.2751]]}},{"type":"Feature","properties":{},"geometry":{"type":"LineString","coordinates":[[-124.0989,49.2755],[-124.0989,49.2755]]}},{"type":"Feature","properties":{},"geometry":{"type":"LineString","coordinates":[[-124.0992,49.2757],[-124.0992,49.2757]]}},{"type":"Feature","properties":{},"geometry":{"type":"LineString","coordinates":[[-124.086,49.2711],[-124.086,49.2711]]}},{"type":"Feature","properties":{},"geometry":{"type":"LineString","coordinates":[[-124.1012,49.277],[-124.1012,49.277]]}},{"type":"Feature","properties":{},"geometry":{"type":"LineString","coordinates":[[-124.0904,49.2825],[-124.0904,49.2825]]}},{"type":"Feature","properties":{},"geometry":{"type":"LineString","coordinates":[[-124.1797,49.4914],[-124.1797,49.4914]]}},{"type":"Feature","properties":{},"geometry":{"type":"LineString","coordinates":[[-124.1781,49.4899],[-124.1781,49.4899]]}},{"type":"Feature","properties":{},"geometry":{"type":"LineString","coordinates":[[-124.1739,49.4785],[-124.1739,49.4785]]}},{"type":"Feature","properties":{},"geometry":{"type":"LineString","coordinates":[[-124.17,49.4863],[-124.17,49.4863]]}},{"type":"Feature","properties":{},"geometry":{"type":"LineString","coordinates":[[-124.1742,49.4873],[-124.1742,49.4873]]}},{"type":"Feature","properties":{},"geometry":{"type":"LineString","coordinates":[[-124.1733,49.4904],[-124.1733,49.4904]]}},{"type":"Feature","properties":{},"geometry":{"type":"LineString","coordinates":[[-123.9186,49.4668],[-123.9186,49.4668]]}},{"type":"Feature","properties":{},"geometry":{"type":"LineString","coordinates":[[-123.8554,49.4768],[-123.8554,49.4768]]}},{"type":"Feature","properties":{},"geometry":{"type":"LineString","coordinates":[[-123.8551,49.4771],[-123.8551,49.4771]]}},{"type":"Feature","properties":{},"geometry":{"type":"LineString","coordinates":[[-123.9191,49.4707],[-123.9191,49.4707]]}},{"type":"Feature","properties":{},"geometry":{"type":"LineString","coordinates":[[-123.8236,49.458],[-123.8236,49.458]]}},{"type":"Feature","properties":{},"geometry":{"type":"LineString","coordinates":[[-123.822,49.4571],[-123.822,49.4571]]}},{"type":"Feature","properties":{},"geometry":{"type":"LineString","coordinates":[[-123.8127,49.4596],[-123.8127,49.4596]]}},{"type":"Feature","properties":{},"geometry":{"type":"LineString","coordinates":[[-123.9094,49.466],[-123.9094,49.466]]}},{"type":"Feature","properties":{},"geometry":{"type":"LineString","coordinates":[[-123.8561,49.4771],[-123.8561,49.4771]]}},{"type":"Feature","properties":{},"geometry":{"type":"LineString","coordinates":[[-123.8516,49.476],[-123.8516,49.476]]}},{"type":"Feature","properties":{},"geometry":{"type":"LineString","coordinates":[[-123.8506,49.4756],[-123.8506,49.4756]]}},{"type":"Feature","properties":{},"geometry":{"type":"LineString","coordinates":[[-123.9117,49.4942],[-123.9117,49.4942]]}},{"type":"Feature","properties":{},"geometry":{"type":"LineString","coordinates":[[-124.1355,49.3059],[-124.1355,49.3059]]}},{"type":"Feature","properties":{},"geometry":{"type":"LineString","coordinates":[[-124.1328,49.3067],[-124.1328,49.3067]]}},{"type":"Feature","properties":{},"geometry":{"type":"LineString","coordinates":[[-124.0958,49.286],[-124.0958,49.286]]}},{"type":"Feature","properties":{},"geometry":{"type":"LineString","coordinates":[[-124.0918,49.2842],[-124.0918,49.2842]]}},{"type":"Feature","properties":{},"geometry":{"type":"LineString","coordinates":[[-124.0908,49.2886],[-124.0908,49.2886]]}},{"type":"Feature","properties":{},"geometry":{"type":"LineString","coordinates":[[-124.0901,49.2877],[-124.0901,49.2877]]}},{"type":"Feature","properties":{},"geometry":{"type":"LineString","coordinates":[[-124.0888,49.2881],[-124.0888,49.2881]]}},{"type":"Feature","properties":{},"geometry":{"type":"LineString","coordinates":[[-124.0879,49.2884],[-124.0879,49.2884]]}},{"type":"Feature","properties":{},"geometry":{"type":"LineString","coordinates":[[-124.0853,49.2923],[-124.0853,49.2923]]}},{"type":"Feature","properties":{},"geometry":{"type":"LineString","coordinates":[[-124.0838,49.2923],[-124.0838,49.2923]]}},{"type":"Feature","properties":{},"geometry":{"type":"LineString","coordinates":[[-124.0818,49.293],[-124.0818,49.293]]}},{"type":"Feature","properties":{},"geometry":{"type":"LineString","coordinates":[[-124.0843,49.2948],[-124.0843,49.2948]]}},{"type":"Feature","properties":{},"geometry":{"type":"LineString","coordinates":[[-124.1331,49.2887],[-124.1331,49.2887]]}},{"type":"Feature","properties":{},"geometry":{"type":"LineString","coordinates":[[-124.1123,49.2818],[-124.1123,49.2818]]}},{"type":"Feature","properties":{},"geometry":{"type":"LineString","coordinates":[[-124.1318,49.2987],[-124.1318,49.2987]]}},{"type":"Feature","properties":{},"geometry":{"type":"LineString","coordinates":[[-124.1268,49.3058],[-124.1268,49.3058]]}},{"type":"Feature","properties":{},"geometry":{"type":"LineString","coordinates":[[-124.0976,49.285],[-124.0976,49.285]]}},{"type":"Feature","properties":{},"geometry":{"type":"LineString","coordinates":[[-124.0864,49.2853],[-124.0864,49.2853]]}},{"type":"Feature","properties":{},"geometry":{"type":"LineString","coordinates":[[-124.0663,49.2885],[-124.0663,49.2885]]}},{"type":"Feature","properties":{},"geometry":{"type":"LineString","coordinates":[[-124.0789,49.2915],[-124.0789,49.2915]]}},{"type":"Feature","properties":{},"geometry":{"type":"LineString","coordinates":[[-124.1424,49.3378],[-124.1424,49.3378]]}},{"type":"Feature","properties":{},"geometry":{"type":"LineString","coordinates":[[-124.159,49.3425],[-124.159,49.3425]]}},{"type":"Feature","properties":{},"geometry":{"type":"LineString","coordinates":[[-124.154,49.3399],[-124.154,49.3399]]}},{"type":"Feature","properties":{},"geometry":{"type":"LineString","coordinates":[[-124.162,49.3509],[-124.1568,49.3426],[-124.1625,49.3508],[-124.162,49.3509]]}},{"type":"Feature","properties":{},"geometry":{"type":"LineString","coordinates":[[-124.1983,49.3075],[-124.1983,49.3075]]}},{"type":"Feature","properties":{},"geometry":{"type":"LineString","coordinates":[[-124.2191,49.3268],[-124.2191,49.3268]]}},{"type":"Feature","properties":{},"geometry":{"type":"LineString","coordinates":[[-124.1504,49.302],[-124.1504,49.302]]}},{"type":"Feature","properties":{},"geometry":{"type":"LineString","coordinates":[[-124.1376,49.3057],[-124.1376,49.3057]]}},{"type":"Feature","properties":{},"geometry":{"type":"LineString","coordinates":[[-124.1527,49.3105],[-124.1527,49.3105]]}},{"type":"Feature","properties":{},"geometry":{"type":"LineString","coordinates":[[-124.1547,49.3408],[-124.1547,49.3408]]}},{"type":"Feature","properties":{},"geometry":{"type":"LineString","coordinates":[[-124.155,49.3416],[-124.155,49.3416]]}},{"type":"Feature","properties":{},"geometry":{"type":"LineString","coordinates":[[-124.2198,49.3261],[-124.2198,49.3261]]}},{"type":"Feature","properties":{},"geometry":{"type":"LineString","coordinates":[[-124.1654,49.3127],[-124.1654,49.3127]]}},{"type":"Feature","properties":{},"geometry":{"type":"LineString","coordinates":[[-124.1966,49.4262],[-124.1966,49.4262]]}},{"type":"Feature","properties":{},"geometry":{"type":"LineString","coordinates":[[-124.2915,49.3259],[-124.2915,49.3259]]}},{"type":"Feature","properties":{},"geometry":{"type":"LineString","coordinates":[[-124.2934,49.329],[-124.2934,49.329]]}},{"type":"Feature","properties":{},"geometry":{"type":"LineString","coordinates":[[-124.3975,49.4967],[-124.3975,49.4967]]}},{"type":"Feature","properties":{},"geometry":{"type":"LineString","coordinates":[[-124.3964,49.4988],[-124.3964,49.4988]]}},{"type":"Feature","properties":{},"geometry":{"type":"LineString","coordinates":[[-124.3942,49.4977],[-124.3942,49.4977]]}},{"type":"Feature","properties":{},"geometry":{"type":"LineString","coordinates":[[-124.3906,49.4976],[-124.3906,49.4976]]}},{"type":"Feature","properties":{},"geometry":{"type":"LineString","coordinates":[[-124.3898,49.4983],[-124.3898,49.4983]]}},{"type":"Feature","properties":{},"geometry":{"type":"LineString","coordinates":[[-124.3891,49.4996],[-124.3891,49.4996]]}},{"type":"Feature","properties":{},"geometry":{"type":"LineString","coordinates":[[-124.2962,49.3282],[-124.2962,49.3282]]}},{"type":"Feature","properties":{},"geometry":{"type":"LineString","coordinates":[[-124.3919,49.4968],[-124.3919,49.4968]]}},{"type":"Feature","properties":{},"geometry":{"type":"LineString","coordinates":[[-124.3966,49.499],[-124.3966,49.499]]}},{"type":"Feature","properties":{},"geometry":{"type":"LineString","coordinates":[[-123.9592,49.2072],[-123.9592,49.2072]]}},{"type":"Feature","properties":{},"geometry":{"type":"LineString","coordinates":[[-123.9536,49.2084],[-123.9536,49.2084]]}},{"type":"Feature","properties":{},"geometry":{"type":"LineString","coordinates":[[-123.9187,49.1865],[-123.9187,49.1865]]}},{"type":"Feature","properties":{},"geometry":{"type":"LineString","coordinates":[[-123.9232,49.193],[-123.9232,49.193]]}},{"type":"Feature","properties":{},"geometry":{"type":"LineString","coordinates":[[-123.9233,49.1935],[-123.9233,49.1935]]}},{"type":"Feature","properties":{},"geometry":{"type":"LineString","coordinates":[[-123.8892,49.2139],[-123.8892,49.2139]]}},{"type":"Feature","properties":{},"geometry":{"type":"LineString","coordinates":[[-123.8902,49.2146],[-123.8902,49.2146]]}},{"type":"Feature","properties":{},"geometry":{"type":"LineString","coordinates":[[-123.9428,49.203],[-123.9302,49.1991],[-123.9231,49.1915],[-123.9257,49.1826],[-123.9368,49.1772],[-123.9425,49.1854],[-123.9453,49.1942],[-123.9432,49.203],[-123.9428,49.203]]}},{"type":"Feature","properties":{},"geometry":{"type":"LineString","coordinates":[[-123.9447,49.2083],[-123.9447,49.2083]]}},{"type":"Feature","properties":{},"geometry":{"type":"LineString","coordinates":[[-123.9382,49.2135],[-123.9382,49.2135]]}},{"type":"Feature","properties":{},"geometry":{"type":"LineString","coordinates":[[-123.9371,49.2144],[-123.9371,49.2144]]}},{"type":"Feature","properties":{},"geometry":{"type":"LineString","coordinates":[[-123.9413,49.2253],[-123.9413,49.2253]]}},{"type":"Feature","properties":{},"geometry":{"type":"LineString","coordinates":[[-123.9276,49.2238],[-123.9276,49.2238]]}},{"type":"Feature","properties":{},"geometry":{"type":"LineString","coordinates":[[-123.9238,49.2245],[-123.9238,49.2245]]}},{"type":"Feature","properties":{},"geometry":{"type":"LineString","coordinates":[[-123.9252,49.2262],[-123.9252,49.2262]]}},{"type":"Feature","properties":{},"geometry":{"type":"LineString","coordinates":[[-123.9284,49.2263],[-123.9284,49.2263]]}},{"type":"Feature","properties":{},"geometry":{"type":"LineString","coordinates":[[-123.9168,49.2298],[-123.9168,49.2298]]}},{"type":"Feature","properties":{},"geometry":{"type":"LineString","coordinates":[[-123.9162,49.2319],[-123.9162,49.2319]]}},{"type":"Feature","properties":{},"geometry":{"type":"LineString","coordinates":[[-123.8139,49.1989],[-123.8139,49.1989]]}},{"type":"Feature","properties":{},"geometry":{"type":"LineString","coordinates":[[-123.8086,49.2096],[-123.8086,49.2096]]}},{"type":"Feature","properties":{},"geometry":{"type":"LineString","coordinates":[[-123.954,49.2303],[-123.954,49.2303]]}},{"type":"Feature","properties":{},"geometry":{"type":"LineString","coordinates":[[-123.9532,49.2289],[-123.9532,49.2289]]}},{"type":"Feature","properties":{},"geometry":{"type":"LineString","coordinates":[[-123.9708,49.2358],[-123.9708,49.2358]]}},{"type":"Feature","properties":{},"geometry":{"type":"LineString","coordinates":[[-123.9703,49.2364],[-123.9703,49.2364]]}},{"type":"Feature","properties":{},"geometry":{"type":"LineString","coordinates":[[-123.9531,49.2282],[-123.9531,49.2282]]}},{"type":"Feature","properties":{},"geometry":{"type":"LineString","coordinates":[[-123.9504,49.2296],[-123.9504,49.2296]]}},{"type":"Feature","properties":{},"geometry":{"type":"LineString","coordinates":[[-123.9499,49.2296],[-123.9499,49.2296]]}},{"type":"Feature","properties":{},"geometry":{"type":"LineString","coordinates":[[-123.964,49.2371],[-123.964,49.2371]]}},{"type":"Feature","properties":{},"geometry":{"type":"LineString","coordinates":[[-123.9638,49.2371],[-123.9638,49.2371]]}},{"type":"Feature","properties":{},"geometry":{"type":"LineString","coordinates":[[-123.9622,49.2365],[-123.9622,49.2365]]}},{"type":"Feature","properties":{},"geometry":{"type":"LineString","coordinates":[[-123.9629,49.237],[-123.9629,49.237]]}},{"type":"Feature","properties":{},"geometry":{"type":"LineString","coordinates":[[-123.8229,49.457],[-123.8229,49.457]]}},{"type":"Feature","properties":{},"geometry":{"type":"LineString","coordinates":[[-123.8178,49.4562],[-123.8178,49.4562]]}},{"type":"Feature","properties":{},"geometry":{"type":"LineString","coordinates":[[-123.8122,49.4584],[-123.8122,49.4584]]}},{"type":"Feature","properties":{},"geometry":{"type":"LineString","coordinates":[[-123.7988,49.4525],[-123.7988,49.4525]]}},{"type":"Feature","properties":{},"geometry":{"type":"LineString","coordinates":[[-123.7817,49.453],[-123.7817,49.453]]}},{"type":"Feature","properties":{},"geometry":{"type":"LineString","coordinates":[[-123.8051,49.4577],[-123.8051,49.4577]]}},{"type":"Feature","properties":{},"geometry":{"type":"LineString","coordinates":[[-123.8043,49.4582],[-123.8043,49.4582]]}},{"type":"Feature","properties":{},"geometry":{"type":"LineString","coordinates":[[-123.783,49.4534],[-123.783,49.4534]]}},{"type":"Feature","properties":{},"geometry":{"type":"LineString","coordinates":[[-124.3481,49.4736],[-124.3481,49.4736]]}},{"type":"Feature","properties":{},"geometry":{"type":"LineString","coordinates":[[-124.3362,49.4686],[-124.3362,49.4686]]}},{"type":"Feature","properties":{},"geometry":{"type":"LineString","coordinates":[[-124.2353,49.4994],[-124.2353,49.4994]]}},{"type":"Feature","properties":{},"geometry":{"type":"LineString","coordinates":[[-124.2346,49.4991],[-124.2346,49.4991]]}},{"type":"Feature","properties":{},"geometry":{"type":"LineString","coordinates":[[-123.9696,49.4676],[-123.9696,49.4676]]}},{"type":"Feature","properties":{},"geometry":{"type":"LineString","coordinates":[[-123.9656,49.4672],[-123.9656,49.4672]]}},{"type":"Feature","properties":{},"geometry":{"type":"LineString","coordinates":[[-123.9621,49.4655],[-123.9621,49.4655]]}},{"type":"Feature","properties":{},"geometry":{"type":"LineString","coordinates":[[-123.9511,49.4849],[-123.9511,49.4849]]}},{"type":"Feature","properties":{},"geometry":{"type":"LineString","coordinates":[[-123.9548,49.4901],[-123.9548,49.4901]]}},{"type":"Feature","properties":{},"geometry":{"type":"LineString","coordinates":[[-123.9589,49.4958],[-123.9569,49.4868],[-123.9536,49.4781],[-123.9516,49.4692],[-123.9655,49.4679],[-123.9784,49.4714],[-123.978,49.4803],[-123.9862,49.4878],[-123.9838,49.4966]]}},{"type":"Feature","properties":{},"geometry":{"type":"LineString","coordinates":[[-124.3669,49.4928],[-124.3669,49.4928]]}},{"type":"Feature","properties":{},"geometry":{"type":"LineString","coordinates":[[-124.3622,49.4929],[-124.3622,49.4929]]}},{"type":"Feature","properties":{},"geometry":{"type":"LineString","coordinates":[[-124.3633,49.4968],[-124.3633,49.4968]]}},{"type":"Feature","properties":{},"geometry":{"type":"LineString","coordinates":[[-124.3649,49.4962],[-124.3649,49.4962]]}},{"type":"Feature","properties":{},"geometry":{"type":"LineString","coordinates":[[-124.3589,49.4977],[-124.3589,49.4977]]}},{"type":"Feature","properties":{},"geometry":{"type":"LineString","coordinates":[[-124.3583,49.4985],[-124.3583,49.4985]]}},{"type":"Feature","properties":{},"geometry":{"type":"LineString","coordinates":[[-124.2263,49.4975],[-124.2263,49.4975]]}},{"type":"Feature","properties":{},"geometry":{"type":"LineString","coordinates":[[-124.2243,49.4966],[-124.2243,49.4966]]}},{"type":"Feature","properties":{},"geometry":{"type":"LineString","coordinates":[[-124.2256,49.4978],[-124.2256,49.4978]]}},{"type":"Feature","properties":{},"geometry":{"type":"LineString","coordinates":[[-124.2248,49.4978],[-124.2248,49.4978]]}},{"type":"Feature","properties":{},"geometry":{"type":"LineString","coordinates":[[-124.1859,49.4916],[-124.1859,49.4916]]}},{"type":"Feature","properties":{},"geometry":{"type":"LineString","coordinates":[[-124.1884,49.4938],[-124.1884,49.4938]]}},{"type":"Feature","properties":{},"geometry":{"type":"LineString","coordinates":[[-124.1896,49.4978],[-124.1896,49.4978]]}},{"type":"Feature","properties":{},"geometry":{"type":"LineString","coordinates":[[-124.191,49.4984],[-124.191,49.4984]]}},{"type":"Feature","properties":{},"geometry":{"type":"LineString","coordinates":[[-124.1967,49.4972],[-124.1859,49.4912],[-124.1994,49.4888],[-124.2099,49.4949]]}},{"type":"Feature","properties":{},"geometry":{"type":"LineString","coordinates":[[-124.2203,49.4915],[-124.2203,49.4915]]}},{"type":"Feature","properties":{},"geometry":{"type":"LineString","coordinates":[[-124.1338,49.4886],[-124.1338,49.4886]]}},{"type":"Feature","properties":{},"geometry":{"type":"LineString","coordinates":[[-124.1326,49.4901],[-124.1326,49.4901]]}},{"type":"Feature","properties":{},"geometry":{"type":"LineString","coordinates":[[-124.1252,49.4976],[-124.1252,49.4976]]}},{"type":"Feature","properties":{},"geometry":{"type":"LineString","coordinates":[[-124.1267,49.4964],[-124.135,49.4893],[-124.1481,49.4925],[-124.1578,49.499]]}},{"type":"Feature","properties":{},"geometry":{"type":"LineString","coordinates":[[-123.6388,48.8856],[-123.6388,48.8856]]}},{"type":"Feature","properties":{},"geometry":{"type":"LineString","coordinates":[[-123.6041,48.9706],[-123.5922,48.9658],[-123.6052,48.9689],[-123.6041,48.9706]]}},{"type":"Feature","properties":{},"geometry":{"type":"LineString","coordinates":[[-123.6325,48.8828],[-123.6325,48.8828]]}},{"type":"Feature","properties":{},"geometry":{"type":"LineString","coordinates":[[-123.5832,48.8885],[-123.5832,48.8885]]}},{"type":"Feature","properties":{},"geometry":{"type":"LineString","coordinates":[[-123.5813,48.8874],[-123.5813,48.8874]]}},{"type":"Feature","properties":{},"geometry":{"type":"LineString","coordinates":[[-123.6262,48.9136],[-123.6262,48.9136]]}},{"type":"Feature","properties":{},"geometry":{"type":"LineString","coordinates":[[-123.622,48.9201],[-123.622,48.9201]]}},{"type":"Feature","properties":{},"geometry":{"type":"LineString","coordinates":[[-123.6227,48.9207],[-123.6227,48.9207]]}},{"type":"Feature","properties":{},"geometry":{"type":"LineString","coordinates":[[-123.6196,48.9221],[-123.6196,48.9221]]}},{"type":"Feature","properties":{},"geometry":{"type":"LineString","coordinates":[[-123.5947,48.9188],[-123.5947,48.9188]]}},{"type":"Feature","properties":{},"geometry":{"type":"LineString","coordinates":[[-123.6343,48.9327],[-123.6343,48.9327]]}},{"type":"Feature","properties":{},"geometry":{"type":"LineString","coordinates":[[-123.6014,48.9399],[-123.6014,48.9399]]}},{"type":"Feature","properties":{},"geometry":{"type":"LineString","coordinates":[[-123.6321,48.9311],[-123.6244,48.9236],[-123.6327,48.9308],[-123.6321,48.9311]]}},{"type":"Feature","properties":{},"geometry":{"type":"LineString","coordinates":[[-123.5844,48.9614],[-123.5844,48.9614]]}},{"type":"Feature","properties":{},"geometry":{"type":"LineString","coordinates":[[-123.5577,48.9433],[-123.5577,48.9433]]}},{"type":"Feature","properties":{},"geometry":{"type":"LineString","coordinates":[[-123.5583,48.9451],[-123.5583,48.9451]]}},{"type":"Feature","properties":{},"geometry":{"type":"LineString","coordinates":[[-123.5631,48.9462],[-123.5631,48.9462]]}},{"type":"Feature","properties":{},"geometry":{"type":"LineString","coordinates":[[-123.5663,48.9501],[-123.5663,48.9501]]}},{"type":"Feature","properties":{},"geometry":{"type":"LineString","coordinates":[[-123.5694,48.9797],[-123.5694,48.9797]]}},{"type":"Feature","properties":{},"geometry":{"type":"LineString","coordinates":[[-123.5682,48.9798],[-123.5682,48.9798]]}},{"type":"Feature","properties":{},"geometry":{"type":"LineString","coordinates":[[-123.5763,48.9862],[-123.5763,48.9862]]}},{"type":"Feature","properties":{},"geometry":{"type":"LineString","coordinates":[[-123.5728,49.0127],[-123.5728,49.0127]]}},{"type":"Feature","properties":{},"geometry":{"type":"LineString","coordinates":[[-123.5707,49.011],[-123.5707,49.011]]}},{"type":"Feature","properties":{},"geometry":{"type":"LineString","coordinates":[[-123.5711,49.0115],[-123.5711,49.0115]]}},{"type":"Feature","properties":{},"geometry":{"type":"LineString","coordinates":[[-123.5715,49.0121],[-123.5715,49.0121]]}},{"type":"Feature","properties":{},"geometry":{"type":"LineString","coordinates":[[-123.6413,48.9821],[-123.6413,48.9821]]}},{"type":"Feature","properties":{},"geometry":{"type":"LineString","coordinates":[[-123.6376,49.0057],[-123.6376,49.0057]]}},{"type":"Feature","properties":{},"geometry":{"type":"LineString","coordinates":[[-123.6419,49.0063],[-123.6419,49.0063]]}},{"type":"Feature","properties":{},"geometry":{"type":"LineString","coordinates":[[-123.7945,49.1176],[-123.7945,49.1176]]}},{"type":"Feature","properties":{},"geometry":{"type":"LineString","coordinates":[[-123.7975,49.1291],[-123.7975,49.1291]]}},{"type":"Feature","properties":{},"geometry":{"type":"LineString","coordinates":[[-123.7681,49.1217],[-123.7681,49.1217]]}},{"type":"Feature","properties":{},"geometry":{"type":"LineString","coordinates":[[-123.7652,49.1213],[-123.7652,49.1213]]}},{"type":"Feature","properties":{},"geometry":{"type":"LineString","coordinates":[[-123.7735,49.1235],[-123.7735,49.1235]]}},{"type":"Feature","properties":{},"geometry":{"type":"LineString","coordinates":[[-123.7795,49.1324],[-123.7795,49.1324]]}},{"type":"Feature","properties":{},"geometry":{"type":"LineString","coordinates":[[-123.7631,49.1187],[-123.7631,49.1187]]}},{"type":"Feature","properties":{},"geometry":{"type":"LineString","coordinates":[[-123.8166,49.1366],[-123.8027,49.137],[-123.7889,49.1354],[-123.777,49.1306],[-123.7675,49.1241],[-123.7813,49.1254],[-123.7938,49.1294],[-123.8071,49.1323],[-123.8166,49.1366]]}},{"type":"Feature","properties":{},"geometry":{"type":"LineString","coordinates":[[-123.7954,49.1147],[-123.7954,49.1147]]}},{"type":"Feature","properties":{},"geometry":{"type":"LineString","coordinates":[[-123.7651,49.1228],[-123.7651,49.1228]]}},{"type":"Feature","properties":{},"geometry":{"type":"LineString","coordinates":[[-123.6,49.0351],[-123.6,49.0351]]}},{"type":"Feature","properties":{},"geometry":{"type":"LineString","coordinates":[[-123.6044,49.0417],[-123.6044,49.0417]]}},{"type":"Feature","properties":{},"geometry":{"type":"LineString","coordinates":[[-123.6074,49.0457],[-123.6074,49.0457]]}},{"type":"Feature","properties":{},"geometry":{"type":"LineString","coordinates":[[-123.5938,49.0258],[-123.5938,49.0258]]}},{"type":"Feature","properties":{},"geometry":{"type":"LineString","coordinates":[[-123.6653,49.1076],[-123.6653,49.1076]]}},{"type":"Feature","properties":{},"geometry":{"type":"LineString","coordinates":[[-123.6264,49.0652],[-123.6264,49.0652]]}},{"type":"Feature","properties":{},"geometry":{"type":"LineString","coordinates":[[-123.7151,49.0858],[-123.7028,49.0815],[-123.6951,49.0738],[-123.7078,49.0776],[-123.7155,49.0851],[-123.7151,49.0858]]}},{"type":"Feature","properties":{},"geometry":{"type":"LineString","coordinates":[[-123.6927,49.1494],[-123.6927,49.1494]]}},{"type":"Feature","properties":{},"geometry":{"type":"LineString","coordinates":[[-123.6688,49.1093],[-123.6688,49.1093]]}},{"type":"Feature","properties":{},"geometry":{"type":"LineString","coordinates":[[-123.6694,49.1093],[-123.6694,49.1093]]}},{"type":"Feature","properties":{},"geometry":{"type":"LineString","coordinates":[[-123.6727,49.1112],[-123.6727,49.1112]]}},{"type":"Feature","properties":{},"geometry":{"type":"LineString","coordinates":[[-123.7159,49.1259],[-123.7159,49.1259]]}},{"type":"Feature","properties":{},"geometry":{"type":"LineString","coordinates":[[-123.7163,49.1263],[-123.7163,49.1263]]}},{"type":"Feature","properties":{},"geometry":{"type":"LineString","coordinates":[[-123.7133,49.132],[-123.7133,49.132]]}},{"type":"Feature","properties":{},"geometry":{"type":"LineString","coordinates":[[-123.7159,49.1318],[-123.7159,49.1318]]}},{"type":"Feature","properties":{},"geometry":{"type":"LineString","coordinates":[[-123.688,49.1208],[-123.688,49.1208]]}},{"type":"Feature","properties":{},"geometry":{"type":"LineString","coordinates":[[-123.6894,49.1222],[-123.6894,49.1222]]}},{"type":"Feature","properties":{},"geometry":{"type":"LineString","coordinates":[[-123.6902,49.1316],[-123.6902,49.1316]]}},{"type":"Feature","properties":{},"geometry":{"type":"LineString","coordinates":[[-123.6902,49.1402],[-123.6902,49.1402]]}},{"type":"Feature","properties":{},"geometry":{"type":"LineString","coordinates":[[-123.7007,49.1573],[-123.7007,49.1573]]}},{"type":"Feature","properties":{},"geometry":{"type":"LineString","coordinates":[[-123.6808,49.139],[-123.6832,49.1302],[-123.6822,49.139],[-123.6808,49.139]]}},{"type":"Feature","properties":{},"geometry":{"type":"LineString","coordinates":[[-123.2895,48.8738],[-123.2789,48.8681],[-123.2673,48.8632],[-123.2544,48.8594],[-123.2684,48.8604],[-123.2596,48.8534],[-123.248,48.8482],[-123.2488,48.8391],[-123.2513,48.8304],[-123.24,48.8251],[-123.2322,48.8175],[-123.2462,48.8186],[-123.26,48.8203],[-123.2725,48.8242],[-123.2859,48.8266],[-123.2998,48.827],[-123.312,48.8314],[-123.3258,48.8325],[-123.3328,48.8403],[-123.3281,48.8487],[-123.3399,48.8533],[-123.3267,48.856],[-123.3153,48.8509],[-123.3014,48.8507],[-123.298,48.8595],[-123.3022,48.8681],[-123.2913,48.8738],[-123.2895,48.8738]]}},{"type":"Feature","properties":{},"geometry":{"type":"LineString","coordinates":[[-123.7088,49.02],[-123.6978,49.0145],[-123.6845,49.0114],[-123.6891,49.0198],[-123.6762,49.0167],[-123.6703,49.0085],[-123.6603,49.0022],[-123.6532,48.9945],[-123.6584,48.986],[-123.672,48.9843],[-123.6688,48.9756],[-123.6791,48.9815],[-123.6921,48.9847],[-123.6976,48.9929],[-123.7024,49.0013],[-123.7052,49.0101],[-123.7096,49.0186],[-123.7088,49.02]]}},{"type":"Feature","properties":{},"geometry":{"type":"LineString","coordinates":[[-123.6634,48.9803],[-123.6496,48.9806],[-123.636,48.9827],[-123.6348,48.9737],[-123.6303,48.9653],[-123.6292,48.9563],[-123.6291,48.9474],[-123.6288,48.9384],[-123.6409,48.943],[-123.6539,48.9462],[-123.6598,48.9543],[-123.6603,48.9633],[-123.6616,48.9722],[-123.669,48.9799],[-123.6634,48.9803]]}},{"type":"Feature","properties":{},"geometry":{"type":"LineString","coordinates":[[-123.8593,49.1995],[-123.8456,49.1981],[-123.8324,49.201],[-123.8186,49.2024],[-123.8208,49.1935],[-123.8164,49.185],[-123.8032,49.1822],[-123.7909,49.178],[-123.7797,49.1726],[-123.7686,49.1671],[-123.7553,49.1643],[-123.7414,49.1626],[-123.7274,49.161],[-123.7136,49.1597],[-123.701,49.1555],[-123.6953,49.1472],[-123.6915,49.1386],[-123.7001,49.1316],[-123.7097,49.1381],[-123.7191,49.1316],[-123.7314,49.1273],[-123.7451,49.1288],[-123.7589,49.1303],[-123.7722,49.1333],[-123.785,49.1369],[-123.7972,49.1412],[-123.8108,49.1434],[-123.824,49.1463],[-123.8375,49.1491],[-123.85,49.1532],[-123.8619,49.158],[-123.8697,49.1655],[-123.8707,49.1744],[-123.8577,49.1776],[-123.8654,49.1853],[-123.86,49.1935],[-123.8593,49.1995]]}},{"type":"Feature","properties":{},"geometry":{"type":"LineString","coordinates":[[-123.6932,49.0748],[-123.6932,49.0748]]}},{"type":"Feature","properties":{},"geometry":{"type":"LineString","coordinates":[[-123.714,49.1274],[-123.7001,49.1276],[-123.6906,49.1209],[-123.6798,49.115],[-123.6709,49.108],[-123.6677,49.0992],[-123.6637,49.0907],[-123.6546,49.0839],[-123.6455,49.0771],[-123.6355,49.0708],[-123.6261,49.0642],[-123.618,49.0568],[-123.6126,49.0485],[-123.606,49.0405],[-123.5997,49.0325],[-123.5947,49.024],[-123.598,49.0153],[-123.6106,49.0195],[-123.619,49.0268],[-123.6267,49.0343],[-123.6381,49.0398],[-123.6478,49.0464],[-123.6559,49.0539],[-123.6557,49.0628],[-123.6589,49.0715],[-123.6693,49.0776],[-123.6786,49.0844],[-123.6879,49.0913],[-123.6968,49.0982],[-123.7036,49.1061],[-123.7078,49.1146],[-123.7142,49.1227],[-123.714,49.1274]]}},{"type":"Feature","properties":{},"geometry":{"type":"LineString","coordinates":[[-123.6929,49.014],[-123.6929,49.014]]}},{"type":"Feature","properties":{},"geometry":{"type":"LineString","coordinates":[[-123.6927,49.0141],[-123.6927,49.0141]]}},{"type":"Feature","properties":{},"geometry":{"type":"LineString","coordinates":[[-123.6922,49.0147],[-123.6922,49.0147]]}},{"type":"Feature","properties":{},"geometry":{"type":"LineString","coordinates":[[-123.6946,49.0752],[-123.6946,49.0752]]}},{"type":"Feature","properties":{},"geometry":{"type":"LineString","coordinates":[[-123.5841,49.0113],[-123.5702,49.0107],[-123.5632,49.0027],[-123.5552,48.9952],[-123.548,48.9875],[-123.5389,48.9807],[-123.5291,48.9742],[-123.5202,48.9673],[-123.5104,48.9607],[-123.4985,48.9559],[-123.4883,48.9498],[-123.4744,48.9482],[-123.4622,48.9439],[-123.4497,48.9399],[-123.4377,48.935],[-123.4266,48.9295],[-123.4145,48.9251],[-123.4037,48.9194],[-123.3912,48.9154],[-123.3791,48.911],[-123.3656,48.9084],[-123.3522,48.9058],[-123.3418,48.8998],[-123.3387,48.8911],[-123.3285,48.8849],[-123.3152,48.8819],[-123.312,48.8732],[-123.3136,48.8644],[-123.3268,48.8616],[-123.3389,48.866],[-123.3506,48.8612],[-123.3645,48.8602],[-123.3772,48.8638],[-123.3886,48.8688],[-123.3889,48.8778],[-123.3968,48.8854],[-123.3955,48.8943],[-123.4094,48.8947],[-123.4119,48.9036],[-123.4232,48.9088],[-123.4351,48.9137],[-123.4468,48.9186],[-123.4584,48.9235],[-123.4711,48.9273],[-123.4834,48.9318],[-123.4951,48.9367],[-123.5058,48.9425],[-123.5194,48.9448],[-123.5303,48.9505],[-123.5409,48.9563],[-123.5504,48.963],[-123.5596,48.9699],[-123.5673,48.9776],[-123.5758,48.9847],[-123.5833,48.9922],[-123.5893,49.0004],[-123.5869,49.0093],[-123.5841,49.0113]]}},{"type":"Feature","properties":{},"geometry":{"type":"LineString","coordinates":[[-123.493,48.8513],[-123.493,48.8513]]}},{"type":"Feature","properties":{},"geometry":{"type":"LineString","coordinates":[[-123.4869,48.8538],[-123.4869,48.8538]]}},{"type":"Feature","properties":{},"geometry":{"type":"LineString","coordinates":[[-123.4687,48.8459],[-123.4687,48.8459]]}},{"type":"Feature","properties":{},"geometry":{"type":"LineString","coordinates":[[-123.4717,48.8474],[-123.4717,48.8474]]}},{"type":"Feature","properties":{},"geometry":{"type":"LineString","coordinates":[[-123.462,48.8423],[-123.462,48.8423]]}},{"type":"Feature","properties":{},"geometry":{"type":"LineString","coordinates":[[-123.4672,48.845],[-123.4672,48.845]]}},{"type":"Feature","properties":{},"geometry":{"type":"LineString","coordinates":[[-123.453,48.8368],[-123.453,48.8368]]}},{"type":"Feature","properties":{},"geometry":{"type":"LineString","coordinates":[[-123.4567,48.8389],[-123.4567,48.8389]]}},{"type":"Feature","properties":{},"geometry":{"type":"LineString","coordinates":[[-123.4558,48.8384],[-123.4558,48.8384]]}},{"type":"Feature","properties":{},"geometry":{"type":"LineString","coordinates":[[-123.4541,48.8397],[-123.4541,48.8397]]}},{"type":"Feature","properties":{},"geometry":{"type":"LineString","coordinates":[[-123.4699,48.8828],[-123.4699,48.8828]]}},{"type":"Feature","properties":{},"geometry":{"type":"LineString","coordinates":[[-123.5557,48.939],[-123.5557,48.939]]}},{"type":"Feature","properties":{},"geometry":{"type":"LineString","coordinates":[[-123.5028,48.9397],[-123.5028,48.9397]]}},{"type":"Feature","properties":{},"geometry":{"type":"LineString","coordinates":[[-123.4819,48.8521],[-123.4819,48.8521]]}},{"type":"Feature","properties":{},"geometry":{"type":"LineString","coordinates":[[-123.5731,48.9561],[-123.5625,48.9503],[-123.5515,48.945],[-123.5417,48.9384],[-123.5549,48.9415],[-123.5635,48.9488],[-123.5733,48.9551],[-123.5731,48.9561]]}},{"type":"Feature","properties":{},"geometry":{"type":"LineString","coordinates":[[-123.595,48.9449],[-123.5836,48.9398],[-123.5721,48.9346],[-123.5624,48.9282],[-123.5518,48.9223],[-123.5407,48.9168],[-123.528,48.9131],[-123.5184,48.9064],[-123.5102,48.8991],[-123.5009,48.8924],[-123.4909,48.8862],[-123.4796,48.8807],[-123.4699,48.8741],[-123.4592,48.8681],[-123.448,48.8626],[-123.4371,48.8571],[-123.4263,48.8514],[-123.4196,48.8434],[-123.4305,48.8489],[-123.4411,48.8548],[-123.4527,48.8596],[-123.466,48.8626],[-123.4785,48.8666],[-123.4683,48.8605],[-123.4556,48.8568],[-123.4446,48.8512],[-123.4331,48.8461],[-123.4452,48.8505],[-123.4588,48.8484],[-123.4715,48.852],[-123.4832,48.8569],[-123.4972,48.8579],[-123.4982,48.849],[-123.4872,48.8436],[-123.4741,48.8403],[-123.4673,48.8325],[-123.4557,48.8276],[-123.4458,48.8214],[-123.4364,48.8145],[-123.4254,48.8091],[-123.4177,48.8016],[-123.4054,48.7976],[-123.3916,48.7971],[-123.3857,48.789],[-123.3776,48.7817],[-123.3681,48.775],[-123.3755,48.7675],[-123.3812,48.7593],[-123.3921,48.7537],[-123.4056,48.7557],[-123.4193,48.7568],[-123.4331,48.7573],[-123.4412,48.7647],[-123.4516,48.7705],[-123.4542,48.7618],[-123.4454,48.7549],[-123.4359,48.7481],[-123.4304,48.7397],[-123.4329,48.731],[-123.4449,48.7266],[-123.4579,48.7238],[-123.4685,48.718],[-123.4814,48.7148],[-123.4953,48.7144],[-123.5064,48.7198],[-123.5143,48.7273],[-123.5239,48.7337],[-123.5348,48.7393],[-123.5453,48.7454],[-123.5526,48.7529],[-123.5622,48.7596],[-123.5598,48.7684],[-123.5476,48.7727],[-123.5454,48.7815],[-123.5488,48.7901],[-123.5349,48.7911],[-123.5216,48.7882],[-123.5273,48.7964],[-123.5381,48.8019],[-123.5474,48.8087],[-123.5571,48.8153],[-123.5691,48.8198],[-123.5718,48.8287],[-123.5704,48.8376],[-123.5711,48.8465],[-123.5618,48.8532],[-123.5565,48.8615],[-123.5434,48.8644],[-123.53,48.8618],[-123.5429,48.8654],[-123.5548,48.8703],[-123.5664,48.8751],[-123.5737,48.8827],[-123.581,48.8905],[-123.5904,48.8971],[-123.5907,48.9061],[-123.5889,48.9149],[-123.5908,48.9238],[-123.597,48.932],[-123.598,48.9409],[-123.595,48.9449]]}},{"type":"Feature","properties":{},"geometry":{"type":"LineString","coordinates":[[-123.6423,48.8847],[-123.6423,48.8847]]}},{"type":"Feature","properties":{},"geometry":{"type":"LineString","coordinates":[[-123.6593,48.8843],[-123.6593,48.8843]]}},{"type":"Feature","properties":{},"geometry":{"type":"LineString","coordinates":[[-123.661,48.8868],[-123.661,48.8868]]}},{"type":"Feature","properties":{},"geometry":{"type":"LineString","coordinates":[[-123.6528,48.8876],[-123.6528,48.8876]]}},{"type":"Feature","properties":{},"geometry":{"type":"LineString","coordinates":[[-123.6504,48.8858],[-123.6504,48.8858]]}},{"type":"Feature","properties":{},"geometry":{"type":"LineString","coordinates":[[-123.6465,48.8881],[-123.6465,48.8881]]}},{"type":"Feature","properties":{},"geometry":{"type":"LineString","coordinates":[[-123.6919,48.9057],[-123.6919,48.9057]]}},{"type":"Feature","properties":{},"geometry":{"type":"LineString","coordinates":[[-123.6931,48.9078],[-123.6931,48.9078]]}},{"type":"Feature","properties":{},"geometry":{"type":"LineString","coordinates":[[-123.6918,48.9071],[-123.6918,48.9071]]}},{"type":"Feature","properties":{},"geometry":{"type":"LineString","coordinates":[[-123.664,48.8885],[-123.664,48.8885]]}},{"type":"Feature","properties":{},"geometry":{"type":"LineString","coordinates":[[-123.6549,48.8892],[-123.6549,48.8892]]}},{"type":"Feature","properties":{},"geometry":{"type":"LineString","coordinates":[[-123.6488,48.8895],[-123.6488,48.8895]]}},{"type":"Feature","properties":{},"geometry":{"type":"LineString","coordinates":[[-123.6779,48.9054],[-123.6779,48.9054]]}},{"type":"Feature","properties":{},"geometry":{"type":"LineString","coordinates":[[-123.6803,48.908],[-123.6803,48.908]]}},{"type":"Feature","properties":{},"geometry":{"type":"LineString","coordinates":[[-123.6756,48.9087],[-123.6756,48.9087]]}},{"type":"Feature","properties":{},"geometry":{"type":"LineString","coordinates":[[-123.682,48.9102],[-123.682,48.9102]]}},{"type":"Feature","properties":{},"geometry":{"type":"LineString","coordinates":[[-123.685,48.9143],[-123.685,48.9143]]}},{"type":"Feature","properties":{},"geometry":{"type":"LineString","coordinates":[[-123.6858,48.9151],[-123.6858,48.9151]]}},{"type":"Feature","properties":{},"geometry":{"type":"LineString","coordinates":[[-123.6727,48.9077],[-123.6645,48.9005],[-123.6744,48.9069],[-123.6727,48.9077]]}},{"type":"Feature","properties":{},"geometry":{"type":"LineString","coordinates":[[-123.5942,48.9608],[-123.5942,48.9608]]}},{"type":"Feature","properties":{},"geometry":{"type":"LineString","coordinates":[[-123.5958,48.9619],[-123.5958,48.9619]]}},{"type":"Feature","properties":{},"geometry":{"type":"LineString","coordinates":[[-123.5998,48.9647],[-123.5998,48.9647]]}},{"type":"Feature","properties":{},"geometry":{"type":"LineString","coordinates":[[-123.6292,48.8792],[-123.6292,48.8792]]}},{"type":"Feature","properties":{},"geometry":{"type":"LineString","coordinates":[[-123.6296,48.8818],[-123.6296,48.8818]]}},{"type":"Feature","properties":{},"geometry":{"type":"LineString","coordinates":[[-123.6609,48.9396],[-123.6609,48.9396]]}},{"type":"Feature","properties":{},"geometry":{"type":"LineString","coordinates":[[-123.6621,48.9404],[-123.6621,48.9404]]}},{"type":"Feature","properties":{},"geometry":{"type":"LineString","coordinates":[[-123.6074,48.9645],[-123.6074,48.9645]]}},{"type":"Feature","properties":{},"geometry":{"type":"LineString","coordinates":[[-123.5856,48.9537],[-123.5856,48.9537]]}},{"type":"Feature","properties":{},"geometry":{"type":"LineString","coordinates":[[-123.5816,48.9552],[-123.5816,48.9552]]}},{"type":"Feature","properties":{},"geometry":{"type":"LineString","coordinates":[[-123.5833,48.9559],[-123.5833,48.9559]]}},{"type":"Feature","properties":{},"geometry":{"type":"LineString","coordinates":[[-123.5797,48.9556],[-123.5797,48.9556]]}},{"type":"Feature","properties":{},"geometry":{"type":"LineString","coordinates":[[-123.5785,48.9551],[-123.5785,48.9551]]}},{"type":"Feature","properties":{},"geometry":{"type":"LineString","coordinates":[[-123.5861,48.953],[-123.5861,48.953]]}},{"type":"Feature","properties":{},"geometry":{"type":"LineString","coordinates":[[-123.5969,49.0112],[-123.5969,49.0112]]}},{"type":"Feature","properties":{},"geometry":{"type":"LineString","coordinates":[[-123.6062,48.9857],[-123.6062,48.9857]]}},{"type":"Feature","properties":{},"geometry":{"type":"LineString","coordinates":[[-123.6085,48.9728],[-123.6085,48.9728]]}},{"type":"Feature","properties":{},"geometry":{"type":"LineString","coordinates":[[-123.6091,48.9736],[-123.6091,48.9736]]}},{"type":"Feature","properties":{},"geometry":{"type":"LineString","coordinates":[[-123.6174,48.975],[-123.6174,48.975]]}},{"type":"Feature","properties":{},"geometry":{"type":"LineString","coordinates":[[-123.6266,48.9808],[-123.6266,48.9808]]}},{"type":"Feature","properties":{},"geometry":{"type":"LineString","coordinates":[[-123.6252,48.9807],[-123.6252,48.9807]]}},{"type":"Feature","properties":{},"geometry":{"type":"LineString","coordinates":[[-123.6094,48.9663],[-123.6094,48.9663]]}},{"type":"Feature","properties":{},"geometry":{"type":"LineString","coordinates":[[-123.6123,48.968],[-123.6123,48.968]]}},{"type":"Feature","properties":{},"geometry":{"type":"LineString","coordinates":[[-123.6114,48.9676],[-123.6114,48.9676]]}},{"type":"Feature","properties":{},"geometry":{"type":"LineString","coordinates":[[-123.6084,48.9702],[-123.6084,48.9702]]}},{"type":"Feature","properties":{},"geometry":{"type":"LineString","coordinates":[[-123.6086,48.9707],[-123.6086,48.9707]]}},{"type":"Feature","properties":{},"geometry":{"type":"LineString","coordinates":[[-123.6167,48.9734],[-123.6167,48.9734]]}},{"type":"Feature","properties":{},"geometry":{"type":"LineString","coordinates":[[-123.6276,48.9818],[-123.6276,48.9818]]}},{"type":"Feature","properties":{},"geometry":{"type":"LineString","coordinates":[[-123.6151,48.9893],[-123.6151,48.9893]]}},{"type":"Feature","properties":{},"geometry":{"type":"LineString","coordinates":[[-123.6157,48.9893],[-123.6157,48.9893]]}},{"type":"Feature","properties":{},"geometry":{"type":"LineString","coordinates":[[-123.6158,48.9895],[-123.6158,48.9895]]}},{"type":"Feature","properties":{},"geometry":{"type":"LineString","coordinates":[[-123.6368,49.0049],[-123.6368,49.0049]]}},{"type":"Feature","properties":{},"geometry":{"type":"LineString","coordinates":[[-123.6309,49.006],[-123.6191,49.0013],[-123.6158,48.9925],[-123.6269,48.9979],[-123.6309,49.006]]}},{"type":"Feature","properties":{},"geometry":{"type":"LineString","coordinates":[[-123.7165,49.0863],[-123.7165,49.0863]]}},{"type":"Feature","properties":{},"geometry":{"type":"LineString","coordinates":[[-123.7171,49.0862],[-123.7171,49.0862]]}},{"type":"Feature","properties":{},"geometry":{"type":"LineString","coordinates":[[-123.734,49.0994],[-123.734,49.0994]]}},{"type":"Feature","properties":{},"geometry":{"type":"LineString","coordinates":[[-123.7335,49.1],[-123.7335,49.1]]}},{"type":"Feature","properties":{},"geometry":{"type":"LineString","coordinates":[[-123.7589,49.1118],[-123.7589,49.1118]]}},{"type":"Feature","properties":{},"geometry":{"type":"LineString","coordinates":[[-123.7454,49.1075],[-123.7454,49.1075]]}},{"type":"Feature","properties":{},"geometry":{"type":"LineString","coordinates":[[-123.7554,49.1124],[-123.745,49.1062],[-123.7359,49.0994],[-123.7227,49.0963],[-123.734,49.0909],[-123.744,49.0973],[-123.7531,49.1041],[-123.7554,49.1124]]}},{"type":"Feature","properties":{},"geometry":{"type":"LineString","coordinates":[[-123.782,49.074],[-123.782,49.074]]}},{"type":"Feature","properties":{},"geometry":{"type":"LineString","coordinates":[[-123.7888,49.0864],[-123.7888,49.0864]]}},{"type":"Feature","properties":{},"geometry":{"type":"LineString","coordinates":[[-123.7186,49.0858],[-123.7186,49.0858]]}},{"type":"Feature","properties":{},"geometry":{"type":"LineString","coordinates":[[-123.5928,49.0245],[-123.5928,49.0245]]}},{"type":"Feature","properties":{},"geometry":{"type":"LineString","coordinates":[[-123.5868,49.0258],[-123.5868,49.0258]]}},{"type":"Feature","properties":{},"geometry":{"type":"LineString","coordinates":[[-123.588,49.0275],[-123.588,49.0275]]}},{"type":"Feature","properties":{},"geometry":{"type":"LineString","coordinates":[[-123.6791,49.1433],[-123.6791,49.1433]]}},{"type":"Feature","properties":{},"geometry":{"type":"LineString","coordinates":[[-123.676,49.1429],[-123.676,49.1429]]}},{"type":"Feature","properties":{},"geometry":{"type":"LineString","coordinates":[[-123.6759,49.1454],[-123.6759,49.1454]]}},{"type":"Feature","properties":{},"geometry":{"type":"LineString","coordinates":[[-123.6769,49.1463],[-123.6769,49.1463]]}},{"type":"Feature","properties":{},"geometry":{"type":"LineString","coordinates":[[-123.6746,49.1474],[-123.6746,49.1474]]}},{"type":"Feature","properties":{},"geometry":{"type":"LineString","coordinates":[[-123.6589,49.1415],[-123.6589,49.1415]]}},{"type":"Feature","properties":{},"geometry":{"type":"LineString","coordinates":[[-123.6514,49.1419],[-123.6514,49.1419]]}},{"type":"Feature","properties":{},"geometry":{"type":"LineString","coordinates":[[-123.6494,49.149],[-123.6494,49.149]]}},{"type":"Feature","properties":{},"geometry":{"type":"LineString","coordinates":[[-123.6886,49.1596],[-123.6886,49.1596]]}},{"type":"Feature","properties":{},"geometry":{"type":"LineString","coordinates":[[-123.6832,49.1576],[-123.6832,49.1576]]}},{"type":"Feature","properties":{},"geometry":{"type":"LineString","coordinates":[[-123.6773,49.1581],[-123.6773,49.1581]]}},{"type":"Feature","properties":{},"geometry":{"type":"LineString","coordinates":[[-123.7028,49.0826],[-123.7028,49.0826]]}},{"type":"Feature","properties":{},"geometry":{"type":"LineString","coordinates":[[-123.6906,49.1526],[-123.6906,49.1526]]}},{"type":"Feature","properties":{},"geometry":{"type":"LineString","coordinates":[[-123.6925,49.1525],[-123.6925,49.1525]]}},{"type":"Feature","properties":{},"geometry":{"type":"LineString","coordinates":[[-123.6967,49.1592],[-123.6967,49.1592]]}},{"type":"Feature","properties":{},"geometry":{"type":"LineString","coordinates":[[-123.6927,49.1572],[-123.6927,49.1572]]}},{"type":"Feature","properties":{},"geometry":{"type":"LineString","coordinates":[[-123.3216,48.822],[-123.3078,48.8217],[-123.2949,48.8183],[-123.2831,48.8135],[-123.2779,48.805],[-123.2669,48.7994],[-123.2567,48.7931],[-123.2516,48.7848],[-123.2445,48.777],[-123.2565,48.7725],[-123.2675,48.7779],[-123.265,48.7691],[-123.2681,48.7604],[-123.2599,48.7532],[-123.2475,48.7492],[-123.2384,48.7423],[-123.2524,48.7424],[-123.2644,48.7469],[-123.2751,48.7526],[-123.2867,48.7576],[-123.298,48.7628],[-123.309,48.7684],[-123.3179,48.7752],[-123.3114,48.7831],[-123.315,48.7917],[-123.3024,48.7955],[-123.3144,48.8002],[-123.326,48.8052],[-123.3215,48.8136],[-123.3216,48.822]]}},{"type":"Feature","properties":{},"geometry":{"type":"LineString","coordinates":[[-123.6753,48.9588],[-123.6753,48.9588]]}},{"type":"Feature","properties":{},"geometry":{"type":"LineString","coordinates":[[-123.6897,48.9752],[-123.6897,48.9752]]}},{"type":"Feature","properties":{},"geometry":{"type":"LineString","coordinates":[[-123.6927,48.9731],[-123.6927,48.9731]]}},{"type":"Feature","properties":{},"geometry":{"type":"LineString","coordinates":[[-123.6915,48.9728],[-123.6915,48.9728]]}},{"type":"Feature","properties":{},"geometry":{"type":"LineString","coordinates":[[-123.6921,48.974],[-123.6921,48.974]]}},{"type":"Feature","properties":{},"geometry":{"type":"LineString","coordinates":[[-123.6919,48.9741],[-123.6919,48.9741]]}},{"type":"Feature","properties":{},"geometry":{"type":"LineString","coordinates":[[-123.6925,48.9752],[-123.6925,48.9752]]}},{"type":"Feature","properties":{},"geometry":{"type":"LineString","coordinates":[[-123.6831,48.9673],[-123.6831,48.9673]]}},{"type":"Feature","properties":{},"geometry":{"type":"LineString","coordinates":[[-123.6743,48.9663],[-123.6743,48.9663]]}},{"type":"Feature","properties":{},"geometry":{"type":"LineString","coordinates":[[-123.6704,48.9699],[-123.6704,48.9699]]}},{"type":"Feature","properties":{},"geometry":{"type":"LineString","coordinates":[[-123.6651,48.9839],[-123.6651,48.9839]]}},{"type":"Feature","properties":{},"geometry":{"type":"LineString","coordinates":[[-123.6627,48.9842],[-123.6627,48.9842]]}},{"type":"Feature","properties":{},"geometry":{"type":"LineString","coordinates":[[-123.6577,48.9848],[-123.6577,48.9848]]}},{"type":"Feature","properties":{},"geometry":{"type":"LineString","coordinates":[[-123.694,48.9764],[-123.694,48.9764]]}},{"type":"Feature","properties":{},"geometry":{"type":"LineString","coordinates":[[-123.6804,48.9659],[-123.6804,48.9659]]}},{"type":"Feature","properties":{},"geometry":{"type":"LineString","coordinates":[[-123.7041,48.9771],[-123.7041,48.9771]]}},{"type":"Feature","properties":{},"geometry":{"type":"LineString","coordinates":[[-123.6482,48.9913],[-123.6482,48.9913]]}},{"type":"Feature","properties":{},"geometry":{"type":"LineString","coordinates":[[-123.6506,48.992],[-123.6506,48.992]]}},{"type":"Feature","properties":{},"geometry":{"type":"LineString","coordinates":[[-123.9194,49.1414],[-123.9194,49.1414]]}},{"type":"Feature","properties":{},"geometry":{"type":"LineString","coordinates":[[-123.9171,49.1403],[-123.9171,49.1403]]}},{"type":"Feature","properties":{},"geometry":{"type":"LineString","coordinates":[[-123.9201,49.172],[-123.9201,49.172]]}},{"type":"Feature","properties":{},"geometry":{"type":"LineString","coordinates":[[-123.9202,49.1741],[-123.9202,49.1741]]}},{"type":"Feature","properties":{},"geometry":{"type":"LineString","coordinates":[[-123.8672,49.1757],[-123.8672,49.1757]]}},{"type":"Feature","properties":{},"geometry":{"type":"LineString","coordinates":[[-123.8653,49.1843],[-123.8653,49.1843]]}},{"type":"Feature","properties":{},"geometry":{"type":"LineString","coordinates":[[-123.8658,49.1847],[-123.8658,49.1847]]}},{"type":"Feature","properties":{},"geometry":{"type":"LineString","coordinates":[[-123.8655,49.1848],[-123.8655,49.1848]]}},{"type":"Feature","properties":{},"geometry":{"type":"LineString","coordinates":[[-123.8627,49.1839],[-123.8627,49.1839]]}},{"type":"Feature","properties":{},"geometry":{"type":"LineString","coordinates":[[-123.8194,49.1934],[-123.8194,49.1934]]}},{"type":"Feature","properties":{},"geometry":{"type":"LineString","coordinates":[[-123.8181,49.1939],[-123.8181,49.1939]]}},{"type":"Feature","properties":{},"geometry":{"type":"LineString","coordinates":[[-123.9227,49.182],[-123.9153,49.1744],[-123.9244,49.1812],[-123.9227,49.182]]}},{"type":"Feature","properties":{},"geometry":{"type":"LineString","coordinates":[[-123.9133,49.1409],[-123.9133,49.1409]]}},{"type":"Feature","properties":{},"geometry":{"type":"LineString","coordinates":[[-123.9014,49.1417],[-123.9014,49.1417]]}},{"type":"Feature","properties":{},"geometry":{"type":"LineString","coordinates":[[-123.8979,49.1407],[-123.8979,49.1407]]}},{"type":"Feature","properties":{},"geometry":{"type":"LineString","coordinates":[[-123.894,49.1413],[-123.894,49.1413]]}},{"type":"Feature","properties":{},"geometry":{"type":"LineString","coordinates":[[-123.8936,49.1421],[-123.8936,49.1421]]}},{"type":"Feature","properties":{},"geometry":{"type":"LineString","coordinates":[[-123.921,49.1625],[-123.921,49.1625]]}},{"type":"Feature","properties":{},"geometry":{"type":"LineString","coordinates":[[-123.9179,49.1701],[-123.9179,49.1701]]}},{"type":"Feature","properties":{},"geometry":{"type":"LineString","coordinates":[[-123.6468,49.0104],[-123.6468,49.0104]]}},{"type":"Feature","properties":{},"geometry":{"type":"LineString","coordinates":[[-123.6432,49.0071],[-123.6432,49.0071]]}},{"type":"Feature","properties":{},"geometry":{"type":"LineString","coordinates":[[-123.6843,49.0677],[-123.6843,49.0677]]}},{"type":"Feature","properties":{},"geometry":{"type":"LineString","coordinates":[[-123.6847,49.0692],[-123.6847,49.0692]]}},{"type":"Feature","properties":{},"geometry":{"type":"LineString","coordinates":[[-123.696,49.0696],[-123.696,49.0696]]}},{"type":"Feature","properties":{},"geometry":{"type":"LineString","coordinates":[[-123.6967,49.027],[-123.6967,49.027]]}},{"type":"Feature","properties":{},"geometry":{"type":"LineString","coordinates":[[-123.7516,49.0439],[-123.7516,49.0439]]}},{"type":"Feature","properties":{},"geometry":{"type":"LineString","coordinates":[[-123.7548,49.0487],[-123.7548,49.0487]]}},{"type":"Feature","properties":{},"geometry":{"type":"LineString","coordinates":[[-123.7597,49.0536],[-123.7597,49.0536]]}},{"type":"Feature","properties":{},"geometry":{"type":"LineString","coordinates":[[-123.7533,49.0478],[-123.7533,49.0478]]}},{"type":"Feature","properties":{},"geometry":{"type":"LineString","coordinates":[[-123.7091,49.037],[-123.7091,49.037]]}},{"type":"Feature","properties":{},"geometry":{"type":"LineString","coordinates":[[-123.7177,49.0543],[-123.7177,49.0543]]}},{"type":"Feature","properties":{},"geometry":{"type":"LineString","coordinates":[[-123.7142,49.0538],[-123.7142,49.0538]]}},{"type":"Feature","properties":{},"geometry":{"type":"LineString","coordinates":[[-123.6972,49.061],[-123.6972,49.061]]}},{"type":"Feature","properties":{},"geometry":{"type":"LineString","coordinates":[[-124.7961,49.4998],[-124.7968,49.4909],[-124.7981,49.482],[-124.7915,49.4741],[-124.793,49.4653],[-124.7821,49.4595],[-124.778,49.468],[-124.7645,49.4654],[-124.759,49.4571],[-124.7481,49.4515],[-124.7362,49.4563],[-124.7275,49.4633],[-124.7164,49.4579],[-124.7039,49.4538],[-124.6911,49.4502],[-124.6803,49.4443],[-124.6718,49.4373],[-124.6618,49.431],[-124.6508,49.4253],[-124.6396,49.42],[-124.6362,49.4113],[-124.6284,49.4039],[-124.6146,49.402],[-124.6047,49.3956],[-124.5939,49.3898],[-124.5831,49.3842],[-124.5707,49.3799],[-124.5567,49.3793],[-124.5433,49.3763],[-124.5297,49.3742],[-124.5182,49.3691],[-124.5049,49.3662],[-124.4911,49.3676],[-124.478,49.3642],[-124.4671,49.3583],[-124.4545,49.3541],[-124.4408,49.3561],[-124.4274,49.3591],[-124.4134,49.3599],[-124.3994,49.358],[-124.3862,49.3551],[-124.3722,49.3535],[-124.3601,49.349],[-124.3491,49.3432],[-124.3373,49.3384],[-124.3275,49.332],[-124.321,49.324],[-124.3079,49.3272],[-124.2939,49.3264],[-124.2811,49.3301],[-124.2685,49.3262],[-124.2639,49.3178],[-124.2586,49.3094],[-124.2468,49.3045],[-124.2421,49.3129],[-124.2313,49.3071],[-124.2224,49.3002],[-124.2085,49.2986],[-124.2069,49.3075],[-124.2139,49.3152],[-124.2026,49.3099],[-124.1888,49.3079],[-124.1756,49.3049],[-124.1674,49.2976],[-124.1575,49.2913],[-124.1436,49.2923],[-124.134,49.2857],[-124.1237,49.2796],[-124.1176,49.2715],[-124.1276,49.2653],[-124.1417,49.2654],[-124.1549,49.2687],[-124.1682,49.2715],[-124.1818,49.2696],[-124.189,49.2619],[-124.1783,49.2561],[-124.165,49.2534],[-124.1507,49.2534],[-124.1368,49.2519],[-124.1265,49.2579],[-124.1129,49.2558],[-124.0991,49.2541],[-124.0855,49.2568],[-124.0732,49.2526],[-124.0594,49.2503],[-124.0457,49.2482],[-124.0318,49.2473],[-124.0193,49.2432],[-124.0072,49.2386],[-123.9933,49.2396],[-123.9793,49.2385],[-123.9658,49.2361],[-123.9601,49.228],[-123.9482,49.2232],[-123.941,49.2154],[-123.9519,49.2099],[-123.9655,49.2079],[-123.968,49.1992],[-123.9575,49.1932],[-123.9479,49.1867],[-123.9428,49.1784],[-123.9366,49.1703],[-123.9272,49.1628],[-123.9282,49.1538],[-123.9273,49.1449],[-123.9199,49.1371],[-123.9081,49.1324],[-123.901,49.1401],[-123.8874,49.1419],[-123.8773,49.1353],[-123.8848,49.1429],[-123.8894,49.1515],[-123.8936,49.1601],[-123.8866,49.1524],[-123.8757,49.1467],[-123.8656,49.1405],[-123.8519,49.1389],[-123.8382,49.1369],[-123.8242,49.136],[-123.8128,49.1307],[-123.8061,49.1228],[-123.8059,49.1138],[-123.8023,49.1052],[-123.8035,49.0963],[-123.7944,49.0895],[-123.7874,49.0817],[-123.7823,49.0734],[-123.7758,49.0654],[-123.7682,49.0579],[-123.7581,49.0516],[-123.7522,49.0433],[-123.7568,49.0348],[-123.7673,49.029],[-123.7813,49.0297],[-123.7913,49.0233],[-123.7806,49.0176],[-123.7685,49.0128],[-123.7614,49.0051],[-123.7588,48.9963],[-123.7581,48.9874],[-123.7718,48.989],[-123.7843,48.9929],[-123.7952,48.9987],[-123.8066,49.0041],[-123.8167,49.0105],[-123.829,49.015],[-123.8402,49.0205],[-123.8518,49.0255],[-123.8465,49.0171],[-123.8366,49.0107],[-123.8265,49.0046],[-123.8164,48.9984],[-123.8077,48.9914],[-123.8034,48.9828],[-123.7967,48.975],[-123.7849,48.9703],[-123.7748,48.9641],[-123.7618,48.9608],[-123.7512,48.9547],[-123.7454,48.9465],[-123.7387,48.9385],[-123.7269,48.9337],[-123.7158,48.9281],[-123.7115,48.9196],[-123.7065,48.928],[-123.7023,48.9194],[-123.6974,48.9109],[-123.688,48.9042],[-123.6757,48.8999],[-123.6729,48.8912],[-123.6739,48.8823],[-123.66,48.8823],[-123.6462,48.8832],[-123.6438,48.8743],[-123.64,48.8657],[-123.6269,48.8625],[-123.6174,48.8559],[-123.6053,48.8515],[-123.5924,48.8482],[-123.5874,48.8398],[-123.5866,48.8309],[-123.5861,48.8219],[-123.6,48.8217],[-123.6098,48.8153],[-123.6056,48.8067],[-123.6034,48.7978],[-123.5992,48.7892],[-123.5977,48.7981],[-123.5901,48.8057],[-123.5767,48.8031],[-123.564,48.7993],[-123.5652,48.7903],[-123.5585,48.7825],[-123.5689,48.7767],[-123.5771,48.7695],[-123.5783,48.7606],[-123.5715,48.7528],[-123.5698,48.7438],[-123.58,48.7498],[-123.5899,48.7563],[-123.5958,48.7644],[-123.601,48.7561],[-123.6133,48.7604],[-123.6245,48.7662],[-123.6354,48.7607],[-123.6356,48.7517],[-123.6485,48.7552],[-123.6439,48.7467],[-123.6311,48.7433],[-123.6178,48.7405],[-123.6043,48.7382],[-123.5911,48.7355],[-123.5798,48.7303],[-123.5689,48.7246],[-123.5591,48.7182],[-123.5565,48.7094],[-123.549,48.7017],[-123.5384,48.6959],[-123.535,48.6872],[-123.5325,48.6782],[-123.5316,48.6693],[-123.5339,48.6604],[-123.5458,48.6557],[-123.5595,48.6557],[-123.5519,48.6482],[-123.5427,48.6415],[-123.5336,48.6347],[-123.5277,48.6264],[-123.5218,48.6183],[-123.5184,48.6096],[-123.5223,48.601],[-123.5218,48.5921],[-123.5214,48.5832],[-123.5168,48.5747],[-123.5188,48.5658],[-123.5309,48.5615],[-123.5432,48.5576],[-123.555,48.553],[-123.5584,48.5443],[-123.5552,48.5356],[-123.5472,48.5282],[-123.5427,48.5197],[-123.5495,48.5119],[-123.552,48.5031],[-123.5524,48.4942],[-123.5516,48.4851],[-123.5493,48.494],[-123.5444,48.5025],[-123.5384,48.5106],[-123.5352,48.5194],[-123.5354,48.5285],[-123.5379,48.5374],[-123.5376,48.5464],[-123.5242,48.5488],[-123.5113,48.5521],[-123.503,48.5592],[-123.4945,48.5662],[-123.4891,48.5745],[-123.4753,48.574],[-123.4763,48.5651],[-123.4672,48.5584],[-123.4751,48.5657],[-123.4636,48.5707],[-123.4691,48.579],[-123.4664,48.5877],[-123.4739,48.5953],[-123.4807,48.6031],[-123.4789,48.612],[-123.4711,48.6193],[-123.4649,48.6273],[-123.4786,48.6262],[-123.4775,48.6352],[-123.4702,48.6429],[-123.4593,48.6485],[-123.4475,48.6531],[-123.4508,48.6619],[-123.463,48.6661],[-123.4763,48.669],[-123.485,48.676],[-123.4739,48.6813],[-123.4805,48.6892],[-123.4712,48.6958],[-123.4576,48.6972],[-123.444,48.6988],[-123.4308,48.6962],[-123.4197,48.6909],[-123.4074,48.6869],[-123.4003,48.6792],[-123.4136,48.6817],[-123.4246,48.6764],[-123.415,48.6698],[-123.4014,48.6686],[-123.3925,48.6616],[-123.397,48.6531],[-123.3966,48.6441],[-123.4041,48.6366],[-123.4103,48.6285],[-123.4046,48.6203],[-123.3985,48.6122],[-123.3941,48.6035],[-123.3906,48.5948],[-123.3779,48.5912],[-123.3712,48.5833],[-123.3668,48.5747],[-123.3677,48.5657],[-123.362,48.5575],[-123.3656,48.5489],[-123.3626,48.5402],[-123.3659,48.5315],[-123.3662,48.5226],[-123.3636,48.5139],[-123.3532,48.508],[-123.3422,48.5025],[-123.3317,48.4965],[-123.3184,48.494],[-123.3047,48.4941],[-123.3025,48.4853],[-123.3021,48.4763],[-123.2905,48.4716],[-123.2811,48.4651],[-123.2713,48.4586],[-123.2719,48.4497],[-123.2844,48.4535],[-123.2969,48.4573],[-123.2919,48.449],[-123.2922,48.44],[-123.303,48.4345],[-123.3073,48.4259],[-123.2977,48.4196],[-123.3011,48.4108],[-123.3146,48.4128],[-123.3282,48.4116],[-123.3417,48.4099],[-123.3548,48.4068],[-123.3684,48.4083],[-123.3801,48.413],[-123.3888,48.4199],[-123.3777,48.4258],[-123.3903,48.4292],[-123.3969,48.4214],[-123.4086,48.4168],[-123.4199,48.4219],[-123.4306,48.4277],[-123.4203,48.4335],[-123.4311,48.4391],[-123.4325,48.448],[-123.4441,48.4529],[-123.4548,48.4585],[-123.4515,48.4498],[-123.4473,48.4413],[-123.4489,48.4324],[-123.4627,48.4322],[-123.4744,48.4276],[-123.4719,48.4188],[-123.4634,48.4259],[-123.4707,48.4181],[-123.4776,48.4104],[-123.4844,48.4024],[-123.4891,48.3939],[-123.4774,48.3889],[-123.4903,48.3858],[-123.5038,48.3876],[-123.5158,48.3831],[-123.5229,48.3755],[-123.531,48.3683],[-123.5361,48.3599],[-123.5447,48.3529],[-123.5398,48.3446],[-123.5518,48.3403],[-123.5627,48.3458],[-123.574,48.3509],[-123.5639,48.3448],[-123.5549,48.338],[-123.5475,48.3304],[-123.5406,48.3227],[-123.5495,48.3159],[-123.5596,48.3099],[-123.5721,48.3135],[-123.5847,48.3101],[-123.5956,48.3156],[-123.5958,48.3246],[-123.5915,48.333],[-123.5886,48.3417],[-123.6003,48.3372],[-123.614,48.3365],[-123.6277,48.3363],[-123.6348,48.3286],[-123.6373,48.3197],[-123.648,48.3141],[-123.6604,48.3181],[-123.6713,48.3237],[-123.6807,48.3302],[-123.6913,48.3358],[-123.7039,48.3394],[-123.7148,48.345],[-123.7149,48.3539],[-123.703,48.3584],[-123.713,48.3645],[-123.7058,48.3721],[-123.6925,48.3745],[-123.6816,48.369],[-123.6689,48.3654],[-123.6557,48.3678],[-123.6438,48.3634],[-123.6367,48.371],[-123.6359,48.38],[-123.6326,48.3888],[-123.6454,48.3857],[-123.6525,48.3933],[-123.6648,48.3895],[-123.6786,48.3891],[-123.687,48.382],[-123.7005,48.3838],[-123.7123,48.3791],[-123.7227,48.3732],[-123.7307,48.366],[-123.7261,48.3576],[-123.7125,48.359],[-123.7256,48.3564],[-123.7391,48.355],[-123.752,48.3585],[-123.7577,48.3668],[-123.7703,48.3704],[-123.783,48.367],[-123.7961,48.3644],[-123.8085,48.3607],[-123.8213,48.357],[-123.8303,48.3638],[-123.8381,48.3712],[-123.8511,48.3743],[-123.8627,48.3792],[-123.8763,48.3812],[-123.89,48.3824],[-123.9035,48.3806],[-123.9161,48.377],[-123.929,48.3803],[-123.9407,48.3852],[-123.9461,48.3934],[-123.9595,48.3954],[-123.9733,48.3945],[-123.9861,48.3979],[-123.9925,48.4057],[-124.0048,48.4098],[-124.0169,48.4142],[-124.0301,48.4171],[-124.0422,48.4213],[-124.056,48.4222],[-124.0698,48.4229],[-124.0814,48.4278],[-124.0925,48.4334],[-124.1064,48.4323],[-124.1155,48.4391],[-124.1287,48.4415],[-124.1421,48.4441],[-124.1553,48.447],[-124.1673,48.4514],[-124.1809,48.453],[-124.194,48.4558],[-124.2072,48.4583],[-124.2196,48.4623],[-124.2322,48.4659],[-124.2448,48.4696],[-124.2572,48.4738],[-124.2695,48.4782],[-124.2815,48.4826],[-124.2933,48.4872],[-124.2977,48.4958],[-124.3059,48.503],[-124.3191,48.5053],[-124.3329,48.506],[-124.3466,48.5072],[-124.3602,48.5086],[-124.3739,48.5105],[-124.3866,48.5144],[-124.3986,48.5188],[-124.4125,48.5199],[-124.4255,48.5228],[-124.4391,48.5248],[-124.4517,48.5284],[-124.4561,48.537],[-124.4469,48.5436],[-124.4354,48.5485],[-124.4249,48.5543],[-124.4112,48.5557],[-124.3985,48.5594],[-124.4028,48.568],[-124.4108,48.5754],[-124.4239,48.5724],[-124.4369,48.5691],[-124.4488,48.5646],[-124.4621,48.5619],[-124.4732,48.5565],[-124.4835,48.5505],[-124.4942,48.5448],[-124.5082,48.5449],[-124.521,48.5486],[-124.5338,48.5518],[-124.5471,48.5544],[-124.5604,48.5571],[-124.5738,48.5596],[-124.5868,48.5626],[-124.6003,48.5642],[-124.6135,48.5671],[-124.6264,48.5703],[-124.6398,48.5724],[-124.6514,48.5773],[-124.6637,48.5815],[-124.6771,48.5838],[-124.6879,48.5896],[-124.7016,48.5908],[-124.715,48.5936],[-124.7253,48.5995],[-124.7314,48.6076],[-124.7418,48.6135],[-124.7555,48.6132],[-124.7631,48.6207],[-124.7691,48.6289],[-124.7794,48.635],[-124.7917,48.6392],[-124.801,48.6458],[-124.8069,48.6539],[-124.8145,48.6614],[-124.8281,48.6591],[-124.8392,48.6644],[-124.85,48.6701],[-124.8636,48.6722],[-124.8761,48.6759],[-124.8899,48.6772],[-124.9023,48.6814],[-124.9149,48.6851],[-124.9261,48.6903],[-124.9389,48.6938],[-124.95,48.6994],[-124.9636,48.7009],[-124.9775,48.7021],[-124.99,48.7059],[-125.004,48.707],[-125.0156,48.7119],[-125.0286,48.7154],[-125.0419,48.7181],[-125.0553,48.7204],[-125.0686,48.7228],[-125.0823,48.7217],[-125.0961,48.721],[-125.1068,48.7266],[-125.1161,48.7332],[-125.1221,48.7413],[-125.1281,48.7494],[-125.1263,48.7582],[-125.1313,48.7666],[-125.1291,48.7754],[-125.1214,48.783],[-125.1147,48.7908],[-125.1252,48.7968],[-125.136,48.7913],[-125.1417,48.7831],[-125.1512,48.7765],[-125.1652,48.7771],[-125.1695,48.7857],[-125.1832,48.7869],[-125.1959,48.7832],[-125.2094,48.7813],[-125.2146,48.7896],[-125.2079,48.7974],[-125.194,48.7972],[-125.1819,48.8015],[-125.1826,48.8105],[-125.1697,48.8139],[-125.1619,48.8213],[-125.1526,48.8279],[-125.1441,48.835],[-125.1405,48.8263],[-125.1508,48.8203],[-125.1624,48.8154],[-125.1483,48.8155],[-125.1377,48.8214],[-125.1366,48.8303],[-125.1229,48.8292],[-125.1108,48.8335],[-125.1246,48.8322],[-125.1346,48.8383],[-125.1282,48.8462],[-125.1166,48.851],[-125.1071,48.8575],[-125.1017,48.8658],[-125.093,48.8727],[-125.083,48.8788],[-125.0729,48.8849],[-125.0591,48.883],[-125.0488,48.877],[-125.0381,48.8828],[-125.0286,48.8894],[-125.0178,48.8958],[-125.0044,48.8981],[-125.0103,48.9062],[-125.0039,48.9141],[-125.0144,48.9202],[-125.0248,48.9262],[-125.0321,48.9338],[-125.0197,48.9379],[-125.0122,48.9454],[-124.9995,48.9413],[-124.9872,48.9373],[-124.9857,48.9463],[-124.9759,48.9526],[-124.9887,48.9563],[-124.9818,48.9641],[-124.9713,48.9701],[-124.9591,48.9744],[-124.9459,48.9771],[-124.9322,48.9755],[-124.9184,48.9738],[-124.9045,48.9741],[-124.8944,48.9802],[-124.8911,48.989],[-124.8815,48.9955],[-124.869,48.9993],[-124.8587,49.0053],[-124.8572,49.0142],[-124.8536,49.0228],[-124.847,49.0306],[-124.8439,49.0393],[-124.8385,49.0476],[-124.8384,49.0566],[-124.8359,49.0654],[-124.8317,49.0739],[-124.8252,49.0818],[-124.8191,49.0899],[-124.8182,49.0988],[-124.8127,49.107],[-124.8125,49.116],[-124.8039,49.123],[-124.7984,49.1313],[-124.7937,49.1397],[-124.7905,49.1485],[-124.7919,49.1574],[-124.801,49.1643],[-124.8093,49.1715],[-124.8141,49.18],[-124.8129,49.189],[-124.8125,49.198],[-124.8115,49.2069],[-124.8164,49.2153],[-124.8128,49.2239],[-124.8135,49.233],[-124.812,49.2418],[-124.8248,49.2454],[-124.8381,49.2484],[-124.8248,49.2512],[-124.8388,49.2521],[-124.8388,49.243],[-124.8391,49.234],[-124.8352,49.2254],[-124.8299,49.217],[-124.8276,49.2082],[-124.8267,49.1993],[-124.8241,49.1905],[-124.8303,49.1825],[-124.8294,49.1735],[-124.8228,49.1656],[-124.8127,49.1592],[-124.8115,49.1502],[-124.8125,49.1413],[-124.8144,49.1324],[-124.8168,49.1237],[-124.8252,49.1166],[-124.8253,49.1077],[-124.8367,49.1026],[-124.8341,49.0937],[-124.8365,49.0849],[-124.8474,49.0793],[-124.8582,49.0736],[-124.8653,49.066],[-124.8792,49.0649],[-124.8703,49.058],[-124.863,49.0501],[-124.8623,49.0411],[-124.8656,49.0325],[-124.8673,49.0236],[-124.8711,49.015],[-124.881,49.0087],[-124.8923,49.0032],[-124.8966,48.9946],[-124.906,48.9879],[-124.9179,48.9834],[-124.9318,48.9832],[-124.945,48.986],[-124.9589,48.9853],[-124.9728,48.9858],[-124.9842,48.9805],[-124.9759,48.9877],[-124.9859,48.9939],[-124.9957,49.0004],[-125.007,49.0055],[-125.017,49.0118],[-125.0299,49.015],[-125.0247,49.0232],[-125.0375,49.0198],[-125.0505,49.0166],[-125.0402,49.0106],[-125.0294,49.0048],[-125.0169,49.0008],[-125.0079,48.9938],[-125.0002,48.9864],[-124.9945,48.9783],[-124.9991,48.9698],[-125.0097,48.9639],[-125.0235,48.9638],[-125.0283,48.9554],[-125.027,48.9643],[-125.0192,48.9718],[-125.0233,48.9803],[-125.0303,48.9881],[-125.0438,48.9901],[-125.0467,48.9988],[-125.0581,48.9935],[-125.0694,48.9881],[-125.0781,48.9811],[-125.089,48.9755],[-125.103,48.9753],[-125.1168,48.9756],[-125.126,48.9823],[-125.1288,48.991],[-125.1355,48.9989],[-125.1495,48.9995],[-125.142,49.007],[-125.1556,49.005],[-125.1591,48.9963],[-125.1615,48.9875],[-125.175,48.9899],[-125.1818,48.9977],[-125.1739,49.005],[-125.1646,49.0117],[-125.1545,49.0178],[-125.1512,49.0266],[-125.1451,49.0346],[-125.144,49.0437],[-125.1398,49.0522],[-125.1469,49.06],[-125.1491,49.0687],[-125.1567,49.0763],[-125.1663,49.0828],[-125.1768,49.0887],[-125.1893,49.093],[-125.2033,49.0929],[-125.1905,49.0892],[-125.1789,49.0841],[-125.1701,49.0772],[-125.1627,49.0695],[-125.1534,49.0629],[-125.1473,49.0549],[-125.1601,49.0515],[-125.1715,49.057],[-125.1664,49.0487],[-125.1605,49.0405],[-125.1568,49.0319],[-125.1604,49.0233],[-125.1675,49.0155],[-125.1813,49.0145],[-125.1915,49.0084],[-125.1931,48.9994],[-125.1958,48.9906],[-125.1925,48.9819],[-125.1959,48.9733],[-125.2001,48.9648],[-125.2106,48.959],[-125.2206,48.9528],[-125.2329,48.9486],[-125.2467,48.9483],[-125.2545,48.9556],[-125.2668,48.9599],[-125.2754,48.9669],[-125.2894,48.9674],[-125.3032,48.9673],[-125.3168,48.9694],[-125.3051,48.9743],[-125.2911,48.9745],[-125.2941,48.9832],[-125.2956,48.9921],[-125.2944,49.0009],[-125.3085,49.0006],[-125.3203,49.0055],[-125.3196,49.0143],[-125.3056,49.0146],[-125.2928,49.0182],[-125.2793,49.0161],[-125.2698,49.0226],[-125.2564,49.0254],[-125.2433,49.0284],[-125.2296,49.03],[-125.2162,49.033],[-125.2031,49.0365],[-125.217,49.0363],[-125.2309,49.0356],[-125.2439,49.0322],[-125.2571,49.0291],[-125.2699,49.0256],[-125.2837,49.0244],[-125.2975,49.0256],[-125.3106,49.0285],[-125.3198,49.0353],[-125.3336,49.0341],[-125.3451,49.0396],[-125.3575,49.0356],[-125.3637,49.0277],[-125.3576,49.0196],[-125.3627,49.0113],[-125.3702,49.0038],[-125.3744,48.9953],[-125.3849,48.9893],[-125.3931,48.9822],[-125.4002,48.9745],[-125.4104,48.9685],[-125.4225,48.9641],[-125.4323,48.9578],[-125.4426,48.9519],[-125.4465,48.9433],[-125.4602,48.9417],[-125.4663,48.9337],[-125.4716,48.9255],[-125.4843,48.922],[-125.4981,48.9233]]}},{"type":"Feature","properties":{},"geometry":{"type":"LineString","coordinates":[[-123.229,48.4335],[-123.229,48.4335]]}},{"type":"Feature","properties":{},"geometry":{"type":"LineString","coordinates":[[-123.2294,48.433],[-123.2294,48.433]]}},{"type":"Feature","properties":{},"geometry":{"type":"LineString","coordinates":[[-123.3386,48.6653],[-123.3291,48.6588],[-123.3409,48.6635],[-123.3386,48.6653]]}},{"type":"Feature","properties":{},"geometry":{"type":"LineString","coordinates":[[-123.3302,48.6258],[-123.3302,48.6258]]}},{"type":"Feature","properties":{},"geometry":{"type":"LineString","coordinates":[[-123.3388,48.6358],[-123.3388,48.6358]]}},{"type":"Feature","properties":{},"geometry":{"type":"LineString","coordinates":[[-123.3346,48.6313],[-123.3346,48.6313]]}},{"type":"Feature","properties":{},"geometry":{"type":"LineString","coordinates":[[-123.3383,48.6357],[-123.3383,48.6357]]}},{"type":"Feature","properties":{},"geometry":{"type":"LineString","coordinates":[[-123.3363,48.636],[-123.3363,48.636]]}},{"type":"Feature","properties":{},"geometry":{"type":"LineString","coordinates":[[-123.3669,48.7195],[-123.3669,48.7195]]}},{"type":"Feature","properties":{},"geometry":{"type":"LineString","coordinates":[[-123.3659,48.7206],[-123.3659,48.7206]]}},{"type":"Feature","properties":{},"geometry":{"type":"LineString","coordinates":[[-123.3282,48.6582],[-123.3282,48.6582]]}},{"type":"Feature","properties":{},"geometry":{"type":"LineString","coordinates":[[-123.3304,48.6627],[-123.3304,48.6627]]}},{"type":"Feature","properties":{},"geometry":{"type":"LineString","coordinates":[[-123.3305,48.6633],[-123.3305,48.6633]]}},{"type":"Feature","properties":{},"geometry":{"type":"LineString","coordinates":[[-123.3231,48.6548],[-123.3231,48.6548]]}},{"type":"Feature","properties":{},"geometry":{"type":"LineString","coordinates":[[-123.3233,48.6554],[-123.3233,48.6554]]}},{"type":"Feature","properties":{},"geometry":{"type":"LineString","coordinates":[[-123.326,48.657],[-123.326,48.657]]}},{"type":"Feature","properties":{},"geometry":{"type":"LineString","coordinates":[[-123.3566,48.7246],[-123.3566,48.7246]]}},{"type":"Feature","properties":{},"geometry":{"type":"LineString","coordinates":[[-123.324,48.675],[-123.315,48.6682],[-123.3261,48.6735],[-123.324,48.675]]}},{"type":"Feature","properties":{},"geometry":{"type":"LineString","coordinates":[[-123.3242,48.6554],[-123.3242,48.6554]]}},{"type":"Feature","properties":{},"geometry":{"type":"LineString","coordinates":[[-123.3597,48.7246],[-123.3597,48.7246]]}},{"type":"Feature","properties":{},"geometry":{"type":"LineString","coordinates":[[-123.3592,48.7251],[-123.3592,48.7251]]}},{"type":"Feature","properties":{},"geometry":{"type":"LineString","coordinates":[[-123.3706,48.7355],[-123.3621,48.7283],[-123.3695,48.7207],[-123.3832,48.7217],[-123.3793,48.7303],[-123.3706,48.7355]]}},{"type":"Feature","properties":{},"geometry":{"type":"LineString","coordinates":[[-123.2047,48.7958],[-123.2047,48.7958]]}},{"type":"Feature","properties":{},"geometry":{"type":"LineString","coordinates":[[-123.2066,48.8058],[-123.2066,48.8058]]}},{"type":"Feature","properties":{},"geometry":{"type":"LineString","coordinates":[[-123.2052,48.8065],[-123.2052,48.8065]]}},{"type":"Feature","properties":{},"geometry":{"type":"LineString","coordinates":[[-123.2216,48.819],[-123.2216,48.819]]}},{"type":"Feature","properties":{},"geometry":{"type":"LineString","coordinates":[[-123.2097,48.8138],[-123.2097,48.8138]]}},{"type":"Feature","properties":{},"geometry":{"type":"LineString","coordinates":[[-123.314,48.6268],[-123.3096,48.6184],[-123.2958,48.6172],[-123.2844,48.6119],[-123.2742,48.6057],[-123.2714,48.5969],[-123.2841,48.5932],[-123.2975,48.5951],[-123.3081,48.6008],[-123.3114,48.6096],[-123.3193,48.6171],[-123.3292,48.6232],[-123.3389,48.6298],[-123.3285,48.6239],[-123.3278,48.6328],[-123.331,48.6416],[-123.3391,48.6489],[-123.3297,48.6423],[-123.3212,48.6352],[-123.3142,48.6275],[-123.314,48.6268]]}},{"type":"Feature","properties":{},"geometry":{"type":"LineString","coordinates":[[-123.3122,48.6663],[-123.3122,48.6663]]}},{"type":"Feature","properties":{},"geometry":{"type":"LineString","coordinates":[[-123.2823,48.6318],[-123.2823,48.6318]]}},{"type":"Feature","properties":{},"geometry":{"type":"LineString","coordinates":[[-123.2972,48.6378],[-123.2972,48.6378]]}},{"type":"Feature","properties":{},"geometry":{"type":"LineString","coordinates":[[-123.1137,48.7607],[-123.1137,48.7607]]}},{"type":"Feature","properties":{},"geometry":{"type":"LineString","coordinates":[[-123.2971,48.6652],[-123.2833,48.6636],[-123.2969,48.6619],[-123.2971,48.6652]]}},{"type":"Feature","properties":{},"geometry":{"type":"LineString","coordinates":[[-123.2029,48.8108],[-123.1891,48.81],[-123.1752,48.8096],[-123.1624,48.8061],[-123.1495,48.8025],[-123.1366,48.7991],[-123.1238,48.7955],[-123.1101,48.7935],[-123.0983,48.7888],[-123.0847,48.7864],[-123.0711,48.7847],[-123.0573,48.7839],[-123.0697,48.7797],[-123.0835,48.7809],[-123.0967,48.7781],[-123.1103,48.7797],[-123.0998,48.7738],[-123.0892,48.768],[-123.1019,48.7646],[-123.1158,48.7659],[-123.1297,48.7666],[-123.1426,48.7635],[-123.1565,48.7641],[-123.1699,48.7664],[-123.1829,48.7694],[-123.1959,48.7729],[-123.2021,48.7809],[-123.2117,48.7876],[-123.2037,48.7949],[-123.19,48.7963],[-123.1766,48.7941],[-123.1863,48.8004],[-123.1989,48.8042],[-123.2029,48.8108]]}},{"type":"Feature","properties":{},"geometry":{"type":"LineString","coordinates":[[-123.2522,48.4433],[-123.2522,48.4433]]}},{"type":"Feature","properties":{},"geometry":{"type":"LineString","coordinates":[[-123.2525,48.4405],[-123.2525,48.4405]]}},{"type":"Feature","properties":{},"geometry":{"type":"LineString","coordinates":[[-123.2511,48.4422],[-123.2511,48.4422]]}},{"type":"Feature","properties":{},"geometry":{"type":"LineString","coordinates":[[-123.2412,48.4417],[-123.2412,48.4417]]}},{"type":"Feature","properties":{},"geometry":{"type":"LineString","coordinates":[[-123.2475,48.4353],[-123.2475,48.4353]]}},{"type":"Feature","properties":{},"geometry":{"type":"LineString","coordinates":[[-123.2411,48.4321],[-123.2411,48.4321]]}},{"type":"Feature","properties":{},"geometry":{"type":"LineString","coordinates":[[-123.2386,48.432],[-123.2386,48.432]]}},{"type":"Feature","properties":{},"geometry":{"type":"LineString","coordinates":[[-123.2402,48.4346],[-123.2402,48.4346]]}},{"type":"Feature","properties":{},"geometry":{"type":"LineString","coordinates":[[-123.2377,48.4328],[-123.2377,48.4328]]}},{"type":"Feature","properties":{},"geometry":{"type":"LineString","coordinates":[[-123.2515,48.4349],[-123.2515,48.4349]]}},{"type":"Feature","properties":{},"geometry":{"type":"LineString","coordinates":[[-123.252,48.435],[-123.252,48.435]]}},{"type":"Feature","properties":{},"geometry":{"type":"LineString","coordinates":[[-123.2417,48.4384],[-123.2417,48.4384]]}},{"type":"Feature","properties":{},"geometry":{"type":"LineString","coordinates":[[-123.2424,48.442],[-123.2495,48.4344],[-123.2425,48.4421],[-123.2424,48.442]]}},{"type":"Feature","properties":{},"geometry":{"type":"LineString","coordinates":[[-123.2359,48.4351],[-123.2359,48.4351]]}},{"type":"Feature","properties":{},"geometry":{"type":"LineString","coordinates":[[-123.2409,48.4405],[-123.2409,48.4405]]}},{"type":"Feature","properties":{},"geometry":{"type":"LineString","coordinates":[[-123.2502,48.4246],[-123.2502,48.4246]]}},{"type":"Feature","properties":{},"geometry":{"type":"LineString","coordinates":[[-123.247,48.4232],[-123.247,48.4232]]}},{"type":"Feature","properties":{},"geometry":{"type":"LineString","coordinates":[[-123.2504,48.4281],[-123.2504,48.4281]]}},{"type":"Feature","properties":{},"geometry":{"type":"LineString","coordinates":[[-123.2512,48.4285],[-123.2512,48.4285]]}},{"type":"Feature","properties":{},"geometry":{"type":"LineString","coordinates":[[-123.2332,48.4226],[-123.2332,48.4226]]}},{"type":"Feature","properties":{},"geometry":{"type":"LineString","coordinates":[[-123.2321,48.4229],[-123.2321,48.4229]]}},{"type":"Feature","properties":{},"geometry":{"type":"LineString","coordinates":[[-123.2239,48.4233],[-123.2239,48.4233]]}},{"type":"Feature","properties":{},"geometry":{"type":"LineString","coordinates":[[-123.2287,48.4292],[-123.2287,48.4292]]}},{"type":"Feature","properties":{},"geometry":{"type":"LineString","coordinates":[[-123.245,48.43],[-123.2312,48.4292],[-123.2392,48.4219],[-123.2464,48.4295],[-123.245,48.43]]}},{"type":"Feature","properties":{},"geometry":{"type":"LineString","coordinates":[[-123.2378,48.4181],[-123.2378,48.4181]]}},{"type":"Feature","properties":{},"geometry":{"type":"LineString","coordinates":[[-123.3395,48.6619],[-123.3395,48.6619]]}},{"type":"Feature","properties":{},"geometry":{"type":"LineString","coordinates":[[-123.3331,48.6633],[-123.3331,48.6633]]}},{"type":"Feature","properties":{},"geometry":{"type":"LineString","coordinates":[[-123.3572,48.6705],[-123.3572,48.6705]]}},{"type":"Feature","properties":{},"geometry":{"type":"LineString","coordinates":[[-123.3568,48.6716],[-123.3568,48.6716]]}},{"type":"Feature","properties":{},"geometry":{"type":"LineString","coordinates":[[-123.363,48.6716],[-123.363,48.6716]]}},{"type":"Feature","properties":{},"geometry":{"type":"LineString","coordinates":[[-123.3634,48.6757],[-123.3634,48.6757]]}},{"type":"Feature","properties":{},"geometry":{"type":"LineString","coordinates":[[-123.3396,48.6785],[-123.3396,48.6785]]}},{"type":"Feature","properties":{},"geometry":{"type":"LineString","coordinates":[[-123.3722,48.716],[-123.3722,48.716]]}},{"type":"Feature","properties":{},"geometry":{"type":"LineString","coordinates":[[-123.3687,48.7159],[-123.3687,48.7159]]}},{"type":"Feature","properties":{},"geometry":{"type":"LineString","coordinates":[[-123.3678,48.7163],[-123.3678,48.7163]]}},{"type":"Feature","properties":{},"geometry":{"type":"LineString","coordinates":[[-123.3855,48.7201],[-123.3855,48.7201]]}},{"type":"Feature","properties":{},"geometry":{"type":"LineString","coordinates":[[-123.3787,48.7152],[-123.3787,48.7152]]}},{"type":"Feature","properties":{},"geometry":{"type":"LineString","coordinates":[[-123.3231,48.6795],[-123.3231,48.6795]]}},{"type":"Feature","properties":{},"geometry":{"type":"LineString","coordinates":[[-123.3574,48.7241],[-123.3574,48.7241]]}},{"type":"Feature","properties":{},"geometry":{"type":"LineString","coordinates":[[-123.3186,48.6802],[-123.3186,48.6802]]}},{"type":"Feature","properties":{},"geometry":{"type":"LineString","coordinates":[[-123.3396,48.6795],[-123.3396,48.6795]]}},{"type":"Feature","properties":{},"geometry":{"type":"LineString","coordinates":[[-123.3387,48.6793],[-123.3387,48.6793]]}},{"type":"Feature","properties":{},"geometry":{"type":"LineString","coordinates":[[-123.3262,48.6754],[-123.3262,48.6754]]}},{"type":"Feature","properties":{},"geometry":{"type":"LineString","coordinates":[[-123.3241,48.6781],[-123.3241,48.6781]]}},{"type":"Feature","properties":{},"geometry":{"type":"LineString","coordinates":[[-123.3245,48.6786],[-123.3245,48.6786]]}},{"type":"Feature","properties":{},"geometry":{"type":"LineString","coordinates":[[-123.329,48.6827],[-123.329,48.6827]]}},{"type":"Feature","properties":{},"geometry":{"type":"LineString","coordinates":[[-123.3325,48.6941],[-123.3325,48.6941]]}},{"type":"Feature","properties":{},"geometry":{"type":"LineString","coordinates":[[-123.3601,48.7267],[-123.3601,48.7267]]}},{"type":"Feature","properties":{},"geometry":{"type":"LineString","coordinates":[[-123.3747,48.7348],[-123.3747,48.7348]]}},{"type":"Feature","properties":{},"geometry":{"type":"LineString","coordinates":[[-123.3639,48.7334],[-123.3639,48.7334]]}},{"type":"Feature","properties":{},"geometry":{"type":"LineString","coordinates":[[-123.3608,48.7289],[-123.3608,48.7289]]}},{"type":"Feature","properties":{},"geometry":{"type":"LineString","coordinates":[[-123.3334,48.7309],[-123.3334,48.7309]]}},{"type":"Feature","properties":{},"geometry":{"type":"LineString","coordinates":[[-123.3399,48.7332],[-123.3399,48.7332]]}},{"type":"Feature","properties":{},"geometry":{"type":"LineString","coordinates":[[-123.3327,48.7309],[-123.3327,48.7309]]}},{"type":"Feature","properties":{},"geometry":{"type":"LineString","coordinates":[[-123.2344,48.8341],[-123.2344,48.8341]]}},{"type":"Feature","properties":{},"geometry":{"type":"LineString","coordinates":[[-123.23,48.8407],[-123.23,48.8407]]}},{"type":"Feature","properties":{},"geometry":{"type":"LineString","coordinates":[[-123.23,48.841],[-123.23,48.841]]}},{"type":"Feature","properties":{},"geometry":{"type":"LineString","coordinates":[[-123.3047,48.5916],[-123.3047,48.5916]]}},{"type":"Feature","properties":{},"geometry":{"type":"LineString","coordinates":[[-123.2886,48.5866],[-123.2886,48.5866]]}},{"type":"Feature","properties":{},"geometry":{"type":"LineString","coordinates":[[-123.2918,48.5235],[-123.2918,48.5235]]}},{"type":"Feature","properties":{},"geometry":{"type":"LineString","coordinates":[[-123.2641,48.5647],[-123.2641,48.5647]]}},{"type":"Feature","properties":{},"geometry":{"type":"LineString","coordinates":[[-123.2701,48.5741],[-123.2701,48.5741]]}},{"type":"Feature","properties":{},"geometry":{"type":"LineString","coordinates":[[-123.2711,48.5755],[-123.2711,48.5755]]}},{"type":"Feature","properties":{},"geometry":{"type":"LineString","coordinates":[[-123.2892,48.5828],[-123.2892,48.5828]]}},{"type":"Feature","properties":{},"geometry":{"type":"LineString","coordinates":[[-123.2885,48.584],[-123.2885,48.584]]}},{"type":"Feature","properties":{},"geometry":{"type":"LineString","coordinates":[[-123.2903,48.5858],[-123.2903,48.5858]]}},{"type":"Feature","properties":{},"geometry":{"type":"LineString","coordinates":[[-123.2813,48.5826],[-123.2813,48.5826]]}},{"type":"Feature","properties":{},"geometry":{"type":"LineString","coordinates":[[-123.2741,48.6209],[-123.2741,48.6209]]}},{"type":"Feature","properties":{},"geometry":{"type":"LineString","coordinates":[[-123.2803,48.631],[-123.2803,48.631]]}},{"type":"Feature","properties":{},"geometry":{"type":"LineString","coordinates":[[-123.2827,48.5709],[-123.2729,48.5646],[-123.2861,48.5673],[-123.2827,48.5709]]}},{"type":"Feature","properties":{},"geometry":{"type":"LineString","coordinates":[[-123.2673,48.5698],[-123.2673,48.5698]]}},{"type":"Feature","properties":{},"geometry":{"type":"LineString","coordinates":[[-123.3111,48.6642],[-123.3111,48.6642]]}},{"type":"Feature","properties":{},"geometry":{"type":"LineString","coordinates":[[-123.2022,48.7324],[-123.2022,48.7324]]}},{"type":"Feature","properties":{},"geometry":{"type":"LineString","coordinates":[[-123.311,48.6649],[-123.311,48.6649]]}},{"type":"Feature","properties":{},"geometry":{"type":"LineString","coordinates":[[-123.3125,48.6757],[-123.3125,48.6757]]}},{"type":"Feature","properties":{},"geometry":{"type":"LineString","coordinates":[[-123.3006,48.6702],[-123.3006,48.6702]]}},{"type":"Feature","properties":{},"geometry":{"type":"LineString","coordinates":[[-123.2771,48.6638],[-123.2771,48.6638]]}},{"type":"Feature","properties":{},"geometry":{"type":"LineString","coordinates":[[-123.2734,48.6623],[-123.2734,48.6623]]}},{"type":"Feature","properties":{},"geometry":{"type":"LineString","coordinates":[[-123.2765,48.6708],[-123.2765,48.6708]]}},{"type":"Feature","properties":{},"geometry":{"type":"LineString","coordinates":[[-123.1701,48.7446],[-123.1701,48.7446]]}},{"type":"Feature","properties":{},"geometry":{"type":"LineString","coordinates":[[-123.1669,48.7444],[-123.1669,48.7444]]}},{"type":"Feature","properties":{},"geometry":{"type":"LineString","coordinates":[[-123.1077,48.7597],[-123.1077,48.7597]]}},{"type":"Feature","properties":{},"geometry":{"type":"LineString","coordinates":[[-123.3286,48.7307],[-123.3147,48.7309],[-123.3048,48.7246],[-123.2949,48.7184],[-123.2935,48.7095],[-123.3014,48.7021],[-123.3142,48.7056],[-123.3236,48.7122],[-123.3328,48.7189],[-123.327,48.727],[-123.3286,48.7307]]}},{"type":"Feature","properties":{},"geometry":{"type":"LineString","coordinates":[[-123.207,48.8122],[-123.207,48.8122]]}},{"type":"Feature","properties":{},"geometry":{"type":"LineString","coordinates":[[-123.1953,48.8137],[-123.1953,48.8137]]}},{"type":"Feature","properties":{},"geometry":{"type":"LineString","coordinates":[[-123.1893,48.8111],[-123.1893,48.8111]]}},{"type":"Feature","properties":{},"geometry":{"type":"LineString","coordinates":[[-123.1172,48.8021],[-123.1172,48.8021]]}},{"type":"Feature","properties":{},"geometry":{"type":"LineString","coordinates":[[-123.102,48.8024],[-123.102,48.8024]]}},{"type":"Feature","properties":{},"geometry":{"type":"LineString","coordinates":[[-123.0829,48.7797],[-123.0829,48.7797]]}},{"type":"Feature","properties":{},"geometry":{"type":"LineString","coordinates":[[-123.0863,48.7973],[-123.0863,48.7973]]}},{"type":"Feature","properties":{},"geometry":{"type":"LineString","coordinates":[[-123.0937,48.8002],[-123.0937,48.8002]]}},{"type":"Feature","properties":{},"geometry":{"type":"LineString","coordinates":[[-123.2095,48.8277],[-123.2095,48.8277]]}},{"type":"Feature","properties":{},"geometry":{"type":"LineString","coordinates":[[-123.2061,48.83],[-123.2061,48.83]]}},{"type":"Feature","properties":{},"geometry":{"type":"LineString","coordinates":[[-123.2164,48.8348],[-123.2164,48.8348]]}},{"type":"Feature","properties":{},"geometry":{"type":"LineString","coordinates":[[-123.2077,48.8372],[-123.2077,48.8372]]}},{"type":"Feature","properties":{},"geometry":{"type":"LineString","coordinates":[[-123.2007,48.8333],[-123.2007,48.8333]]}},{"type":"Feature","properties":{},"geometry":{"type":"LineString","coordinates":[[-123.1982,48.8319],[-123.1982,48.8319]]}},{"type":"Feature","properties":{},"geometry":{"type":"LineString","coordinates":[[-123.0873,48.7956],[-123.0736,48.7937],[-123.0613,48.7978],[-123.0692,48.7905],[-123.0825,48.7931],[-123.0959,48.7954],[-123.0873,48.7956]]}},{"type":"Feature","properties":{},"geometry":{"type":"LineString","coordinates":[[-123.1804,48.8225],[-123.1804,48.8225]]}},{"type":"Feature","properties":{},"geometry":{"type":"LineString","coordinates":[[-123.042,48.7875],[-123.042,48.7875]]}},{"type":"Feature","properties":{},"geometry":{"type":"LineString","coordinates":[[-123.2108,48.8387],[-123.2108,48.8387]]}},{"type":"Feature","properties":{},"geometry":{"type":"LineString","coordinates":[[-123.7128,49.4185],[-123.7128,49.4185]]}},{"type":"Feature","properties":{},"geometry":{"type":"LineString","coordinates":[[-123.4633,49.4103],[-123.4494,49.4086],[-123.4364,49.4052],[-123.4326,49.3966],[-123.4456,49.3931],[-123.4596,49.3927],[-123.4737,49.3919],[-123.4852,49.3867],[-123.4827,49.3956],[-123.4715,49.4009],[-123.4646,49.4086],[-123.4633,49.4103]]}},{"type":"Feature","properties":{},"geometry":{"type":"LineString","coordinates":[[-123.7127,49.4184],[-123.7127,49.4184]]}},{"type":"Feature","properties":{},"geometry":{"type":"LineString","coordinates":[[-123.3786,49.4025],[-123.3786,49.4025]]}},{"type":"Feature","properties":{},"geometry":{"type":"LineString","coordinates":[[-123.4459,49.4313],[-123.4459,49.4313]]}},{"type":"Feature","properties":{},"geometry":{"type":"LineString","coordinates":[[-123.4438,49.431],[-123.4438,49.431]]}},{"type":"Feature","properties":{},"geometry":{"type":"LineString","coordinates":[[-123.4417,49.4336],[-123.4417,49.4336]]}},{"type":"Feature","properties":{},"geometry":{"type":"LineString","coordinates":[[-123.4379,49.4337],[-123.4379,49.4337]]}},{"type":"Feature","properties":{},"geometry":{"type":"LineString","coordinates":[[-123.4598,49.472],[-123.4598,49.472]]}},{"type":"Feature","properties":{},"geometry":{"type":"LineString","coordinates":[[-123.3802,49.4116],[-123.3802,49.4116]]}},{"type":"Feature","properties":{},"geometry":{"type":"LineString","coordinates":[[-123.3272,49.4536],[-123.3272,49.4536]]}},{"type":"Feature","properties":{},"geometry":{"type":"LineString","coordinates":[[-123.3268,49.4534],[-123.3268,49.4534]]}},{"type":"Feature","properties":{},"geometry":{"type":"LineString","coordinates":[[-123.3148,49.455],[-123.3148,49.455]]}},{"type":"Feature","properties":{},"geometry":{"type":"LineString","coordinates":[[-123.3205,49.4758],[-123.3205,49.4758]]}},{"type":"Feature","properties":{},"geometry":{"type":"LineString","coordinates":[[-123.333,49.4868],[-123.333,49.4868]]}},{"type":"Feature","properties":{},"geometry":{"type":"LineString","coordinates":[[-123.3569,49.4142],[-123.3429,49.415],[-123.3289,49.4147],[-123.3162,49.4184],[-123.3086,49.4108],[-123.313,49.4023],[-123.3229,49.3959],[-123.3192,49.3873],[-123.3331,49.3862],[-123.3224,49.3802],[-123.3285,49.3722],[-123.3328,49.3636],[-123.3373,49.355],[-123.3445,49.3474],[-123.3565,49.3426],[-123.3663,49.3363],[-123.3797,49.3337],[-123.3937,49.3345],[-123.4076,49.3347],[-123.4218,49.3357],[-123.4316,49.3422],[-123.424,49.3497],[-123.4255,49.3587],[-123.4304,49.3671],[-123.4216,49.3741],[-123.4126,49.3811],[-123.4025,49.3873],[-123.3939,49.3944],[-123.3849,49.4014],[-123.3728,49.406],[-123.3624,49.412],[-123.3569,49.4142]]}},{"type":"Feature","properties":{},"geometry":{"type":"LineString","coordinates":[[-123.3775,49.4538],[-123.3775,49.4538]]}},{"type":"Feature","properties":{},"geometry":{"type":"LineString","coordinates":[[-123.3885,49.4588],[-123.3885,49.4588]]}},{"type":"Feature","properties":{},"geometry":{"type":"LineString","coordinates":[[-123.3856,49.468],[-123.3856,49.468]]}},{"type":"Feature","properties":{},"geometry":{"type":"LineString","coordinates":[[-123.3785,49.4676],[-123.3785,49.4676]]}},{"type":"Feature","properties":{},"geometry":{"type":"LineString","coordinates":[[-123.3476,49.4393],[-123.3476,49.4393]]}},{"type":"Feature","properties":{},"geometry":{"type":"LineString","coordinates":[[-123.328,49.4524],[-123.328,49.4524]]}},{"type":"Feature","properties":{},"geometry":{"type":"LineString","coordinates":[[-123.3509,49.4732],[-123.3509,49.4732]]}},{"type":"Feature","properties":{},"geometry":{"type":"LineString","coordinates":[[-123.3349,49.4982],[-123.3351,49.4892],[-123.3274,49.4816],[-123.3184,49.4747],[-123.3152,49.4659],[-123.3156,49.4569],[-123.3161,49.448],[-123.3242,49.4554],[-123.333,49.4484],[-123.3413,49.4412],[-123.3542,49.4378],[-123.3637,49.4311],[-123.3737,49.4374],[-123.3693,49.4459],[-123.3621,49.4536],[-123.3582,49.4622],[-123.3519,49.4702],[-123.345,49.4779],[-123.3586,49.4753],[-123.3632,49.4668],[-123.37,49.4589],[-123.3742,49.4675],[-123.3718,49.4764],[-123.3855,49.4743],[-123.3904,49.4658],[-123.3901,49.4568],[-123.4042,49.4554],[-123.4019,49.4642],[-123.4157,49.4624],[-123.4227,49.4547],[-123.4251,49.4458],[-123.4329,49.4384],[-123.4454,49.4344],[-123.4439,49.4433],[-123.4439,49.4522],[-123.4465,49.461],[-123.4567,49.4673],[-123.4521,49.4758],[-123.4459,49.4838],[-123.4431,49.4926]]}},{"type":"Feature","properties":{},"geometry":{"type":"LineString","coordinates":[[-123.3067,49.3393],[-123.3067,49.3393]]}},{"type":"Feature","properties":{},"geometry":{"type":"LineString","coordinates":[[-123.2751,49.3408],[-123.2751,49.3408]]}},{"type":"Feature","properties":{},"geometry":{"type":"LineString","coordinates":[[-123.2729,49.3414],[-123.2729,49.3414]]}},{"type":"Feature","properties":{},"geometry":{"type":"LineString","coordinates":[[-123.3038,49.342],[-123.3038,49.342]]}},{"type":"Feature","properties":{},"geometry":{"type":"LineString","coordinates":[[-123.3287,49.3717],[-123.3287,49.3717]]}},{"type":"Feature","properties":{},"geometry":{"type":"LineString","coordinates":[[-123.3282,49.3824],[-123.3282,49.3824]]}},{"type":"Feature","properties":{},"geometry":{"type":"LineString","coordinates":[[-123.2789,49.3542],[-123.2789,49.3542]]}},{"type":"Feature","properties":{},"geometry":{"type":"LineString","coordinates":[[-123.2913,49.3631],[-123.2913,49.3631]]}},{"type":"Feature","properties":{},"geometry":{"type":"LineString","coordinates":[[-123.2922,49.3696],[-123.2922,49.3696]]}},{"type":"Feature","properties":{},"geometry":{"type":"LineString","coordinates":[[-123.3772,49.4037],[-123.3772,49.4037]]}},{"type":"Feature","properties":{},"geometry":{"type":"LineString","coordinates":[[-123.3781,49.4106],[-123.3781,49.4106]]}},{"type":"Feature","properties":{},"geometry":{"type":"LineString","coordinates":[[-123.3121,49.4158],[-123.3121,49.4158]]}},{"type":"Feature","properties":{},"geometry":{"type":"LineString","coordinates":[[-123.7617,49.4986],[-123.7617,49.4986]]}},{"type":"Feature","properties":{},"geometry":{"type":"LineString","coordinates":[[-123.4765,49.3854],[-123.4765,49.3854]]}},{"type":"Feature","properties":{},"geometry":{"type":"LineString","coordinates":[[-123.4806,49.3881],[-123.4806,49.3881]]}},{"type":"Feature","properties":{},"geometry":{"type":"LineString","coordinates":[[-123.4777,49.4008],[-123.4777,49.4008]]}},{"type":"Feature","properties":{},"geometry":{"type":"LineString","coordinates":[[-123.4778,49.403],[-123.4778,49.403]]}},{"type":"Feature","properties":{},"geometry":{"type":"LineString","coordinates":[[-123.7111,49.4174],[-123.7111,49.4174]]}},{"type":"Feature","properties":{},"geometry":{"type":"LineString","coordinates":[[-123.4955,49.3818],[-123.4955,49.3818]]}},{"type":"Feature","properties":{},"geometry":{"type":"LineString","coordinates":[[-123.4462,49.4299],[-123.4462,49.4299]]}},{"type":"Feature","properties":{},"geometry":{"type":"LineString","coordinates":[[-123.2739,49.3553],[-123.2739,49.3553]]}},{"type":"Feature","properties":{},"geometry":{"type":"LineString","coordinates":[[-123.2764,49.3534],[-123.2764,49.3534]]}},{"type":"Feature","properties":{},"geometry":{"type":"LineString","coordinates":[[-123.2746,49.3767],[-123.2746,49.3767]]}},{"type":"Feature","properties":{},"geometry":{"type":"LineString","coordinates":[[-123.2732,49.3803],[-123.2732,49.3803]]}},{"type":"Feature","properties":{},"geometry":{"type":"LineString","coordinates":[[-123.3082,49.4177],[-123.3082,49.4177]]}},{"type":"Feature","properties":{},"geometry":{"type":"LineString","coordinates":[[-123.1456,49.3193],[-123.1456,49.3193]]}},{"type":"Feature","properties":{},"geometry":{"type":"LineString","coordinates":[[-123.2399,49.4439],[-123.2399,49.4439]]}},{"type":"Feature","properties":{},"geometry":{"type":"LineString","coordinates":[[-122.9037,49.3416],[-122.9037,49.3416]]}},{"type":"Feature","properties":{},"geometry":{"type":"LineString","coordinates":[[-122.9192,49.3415],[-122.9192,49.3415]]}},{"type":"Feature","properties":{},"geometry":{"type":"LineString","coordinates":[[-122.8926,49.3465],[-122.8926,49.3465]]}},{"type":"Feature","properties":{},"geometry":{"type":"LineString","coordinates":[[-122.8916,49.3484],[-122.8916,49.3484]]}},{"type":"Feature","properties":{},"geometry":{"type":"LineString","coordinates":[[-122.8889,49.3506],[-122.8889,49.3506]]}},{"type":"Feature","properties":{},"geometry":{"type":"LineString","coordinates":[[-122.8662,49.384],[-122.8662,49.384]]}},{"type":"Feature","properties":{},"geometry":{"type":"LineString","coordinates":[[-122.8817,49.4704],[-122.8817,49.4704]]}},{"type":"Feature","properties":{},"geometry":{"type":"LineString","coordinates":[[-123.2622,49.4253],[-123.2755,49.4225],[-123.2735,49.4314],[-123.2625,49.4257],[-123.2622,49.4253]]}},{"type":"Feature","properties":{},"geometry":{"type":"LineString","coordinates":[[-122.8624,49.4331],[-122.8718,49.4397],[-122.8624,49.4331]]}},{"type":"Feature","properties":{},"geometry":{"type":"LineString","coordinates":[[-123.298,49.4863],[-123.298,49.4863]]}},{"type":"Feature","properties":{},"geometry":{"type":"LineString","coordinates":[[-123.2987,49.4869],[-123.2987,49.4869]]}},{"type":"Feature","properties":{},"geometry":{"type":"LineString","coordinates":[[-123.2988,49.4858],[-123.2988,49.4858]]}},{"type":"Feature","properties":{},"geometry":{"type":"LineString","coordinates":[[-123.2993,49.4875],[-123.2993,49.4875]]}},{"type":"Feature","properties":{},"geometry":{"type":"LineString","coordinates":[[-123.2997,49.4882],[-123.2997,49.4882]]}},{"type":"Feature","properties":{},"geometry":{"type":"LineString","coordinates":[[-123.2996,49.4901],[-123.2996,49.4901]]}},{"type":"Feature","properties":{},"geometry":{"type":"LineString","coordinates":[[-123.2997,49.4905],[-123.2997,49.4905]]}},{"type":"Feature","properties":{},"geometry":{"type":"LineString","coordinates":[[-123.2989,49.4897],[-123.2989,49.4897]]}},{"type":"Feature","properties":{},"geometry":{"type":"LineString","coordinates":[[-123.4668,49.3555],[-123.4668,49.3555]]}},{"type":"Feature","properties":{},"geometry":{"type":"LineString","coordinates":[[-123.4633,49.3548],[-123.4633,49.3548]]}},{"type":"Feature","properties":{},"geometry":{"type":"LineString","coordinates":[[-123.4621,49.355],[-123.4621,49.355]]}},{"type":"Feature","properties":{},"geometry":{"type":"LineString","coordinates":[[-123.4513,49.3782],[-123.4513,49.3782]]}},{"type":"Feature","properties":{},"geometry":{"type":"LineString","coordinates":[[-123.4483,49.3766],[-123.4483,49.3766]]}},{"type":"Feature","properties":{},"geometry":{"type":"LineString","coordinates":[[-123.4467,49.3764],[-123.4467,49.3764]]}},{"type":"Feature","properties":{},"geometry":{"type":"LineString","coordinates":[[-123.4465,49.3775],[-123.4465,49.3775]]}},{"type":"Feature","properties":{},"geometry":{"type":"LineString","coordinates":[[-123.4244,49.3555],[-123.4244,49.3555]]}},{"type":"Feature","properties":{},"geometry":{"type":"LineString","coordinates":[[-123.3549,49.3411],[-123.3549,49.3411]]}},{"type":"Feature","properties":{},"geometry":{"type":"LineString","coordinates":[[-123.4626,49.3706],[-123.4608,49.3618],[-123.4634,49.3705],[-123.4626,49.3706]]}},{"type":"Feature","properties":{},"geometry":{"type":"LineString","coordinates":[[-123.4738,49.371],[-123.4738,49.371]]}},{"type":"Feature","properties":{},"geometry":{"type":"LineString","coordinates":[[-123.4871,49.3636],[-123.4871,49.3636]]}},{"type":"Feature","properties":{},"geometry":{"type":"LineString","coordinates":[[-123.4653,49.3492],[-123.4653,49.3492]]}},{"type":"Feature","properties":{},"geometry":{"type":"LineString","coordinates":[[-123.4833,49.3665],[-123.4833,49.3665]]}},{"type":"Feature","properties":{},"geometry":{"type":"LineString","coordinates":[[-123.4716,49.3719],[-123.4716,49.3719]]}},{"type":"Feature","properties":{},"geometry":{"type":"LineString","coordinates":[[-123.462,49.3719],[-123.462,49.3719]]}},{"type":"Feature","properties":{},"geometry":{"type":"LineString","coordinates":[[-123.4581,49.3718],[-123.4581,49.3718]]}},{"type":"Feature","properties":{},"geometry":{"type":"LineString","coordinates":[[-123.4516,49.3723],[-123.4516,49.3723]]}},{"type":"Feature","properties":{},"geometry":{"type":"LineString","coordinates":[[-123.463,49.3493],[-123.463,49.3493]]}},{"type":"Feature","properties":{},"geometry":{"type":"LineString","coordinates":[[-123.1785,49.2162],[-123.1785,49.2162]]}},{"type":"Feature","properties":{},"geometry":{"type":"LineString","coordinates":[[-123.141,49.2011],[-123.141,49.2011]]}},{"type":"Feature","properties":{},"geometry":{"type":"LineString","coordinates":[[-123.352,48.8254],[-123.352,48.8254]]}},{"type":"Feature","properties":{},"geometry":{"type":"LineString","coordinates":[[-123.397,48.8253],[-123.397,48.8253]]}},{"type":"Feature","properties":{},"geometry":{"type":"LineString","coordinates":[[-123.3888,48.8213],[-123.3888,48.8213]]}},{"type":"Feature","properties":{},"geometry":{"type":"LineString","coordinates":[[-123.4003,48.8269],[-123.4003,48.8269]]}},{"type":"Feature","properties":{},"geometry":{"type":"LineString","coordinates":[[-123.4043,48.8495],[-123.3919,48.8454],[-123.3805,48.8403],[-123.3683,48.8358],[-123.3561,48.8316],[-123.3556,48.8227],[-123.3686,48.8198],[-123.3663,48.811],[-123.3789,48.8148],[-123.3867,48.8222],[-123.3978,48.8276],[-123.3857,48.8233],[-123.3954,48.8298],[-123.401,48.838],[-123.4022,48.8469],[-123.4043,48.8495]]}},{"type":"Feature","properties":{},"geometry":{"type":"LineString","coordinates":[[-123.3828,48.7987],[-123.3828,48.7987]]}},{"type":"Feature","properties":{},"geometry":{"type":"LineString","coordinates":[[-123.3856,48.7997],[-123.3856,48.7997]]}},{"type":"Feature","properties":{},"geometry":{"type":"LineString","coordinates":[[-123.3855,48.8007],[-123.3855,48.8007]]}},{"type":"Feature","properties":{},"geometry":{"type":"LineString","coordinates":[[-123.3816,48.8012],[-123.3816,48.8012]]}},{"type":"Feature","properties":{},"geometry":{"type":"LineString","coordinates":[[-123.3804,48.8011],[-123.3804,48.8011]]}},{"type":"Feature","properties":{},"geometry":{"type":"LineString","coordinates":[[-123.4262,48.8452],[-123.4262,48.8452]]}},{"type":"Feature","properties":{},"geometry":{"type":"LineString","coordinates":[[-123.4259,48.8461],[-123.4259,48.8461]]}},{"type":"Feature","properties":{},"geometry":{"type":"LineString","coordinates":[[-123.4249,48.8458],[-123.4249,48.8458]]}},{"type":"Feature","properties":{},"geometry":{"type":"LineString","coordinates":[[-123.4261,48.847],[-123.4261,48.847]]}},{"type":"Feature","properties":{},"geometry":{"type":"LineString","coordinates":[[-123.4189,48.8438],[-123.4189,48.8438]]}},{"type":"Feature","properties":{},"geometry":{"type":"LineString","coordinates":[[-123.4499,48.9045],[-123.4499,48.9045]]}},{"type":"Feature","properties":{},"geometry":{"type":"LineString","coordinates":[[-123.432,48.8959],[-123.432,48.8959]]}},{"type":"Feature","properties":{},"geometry":{"type":"LineString","coordinates":[[-123.3867,48.8679],[-123.3867,48.8679]]}},{"type":"Feature","properties":{},"geometry":{"type":"LineString","coordinates":[[-123.4008,48.8756],[-123.4008,48.8756]]}},{"type":"Feature","properties":{},"geometry":{"type":"LineString","coordinates":[[-123.395,48.8737],[-123.395,48.8737]]}},{"type":"Feature","properties":{},"geometry":{"type":"LineString","coordinates":[[-123.4384,48.8977],[-123.4384,48.8977]]}},{"type":"Feature","properties":{},"geometry":{"type":"LineString","coordinates":[[-123.4381,48.9032],[-123.4381,48.9032]]}},{"type":"Feature","properties":{},"geometry":{"type":"LineString","coordinates":[[-123.4325,48.9004],[-123.4325,48.9004]]}},{"type":"Feature","properties":{},"geometry":{"type":"LineString","coordinates":[[-123.4493,48.9037],[-123.4493,48.9037]]}},{"type":"Feature","properties":{},"geometry":{"type":"LineString","coordinates":[[-123.4124,48.8931],[-123.4054,48.8853],[-123.3972,48.878],[-123.4109,48.8802],[-123.4198,48.8871],[-123.4201,48.8961],[-123.4124,48.8931]]}},{"type":"Feature","properties":{},"geometry":{"type":"LineString","coordinates":[[-123.4037,48.8349],[-123.4037,48.8349]]}},{"type":"Feature","properties":{},"geometry":{"type":"LineString","coordinates":[[-123.4024,48.8353],[-123.4024,48.8353]]}},{"type":"Feature","properties":{},"geometry":{"type":"LineString","coordinates":[[-123.373,48.8406],[-123.373,48.8406]]}},{"type":"Feature","properties":{},"geometry":{"type":"LineString","coordinates":[[-123.3725,48.8412],[-123.3725,48.8412]]}},{"type":"Feature","properties":{},"geometry":{"type":"LineString","coordinates":[[-123.3252,48.8899],[-123.3252,48.8899]]}},{"type":"Feature","properties":{},"geometry":{"type":"LineString","coordinates":[[-123.3261,48.894],[-123.3151,48.8885],[-123.3266,48.8934],[-123.3261,48.894]]}},{"type":"Feature","properties":{},"geometry":{"type":"LineString","coordinates":[[-123.1976,49.2197],[-123.1849,49.2156],[-123.1711,49.2141],[-123.1588,49.2098],[-123.1495,49.2028],[-123.137,49.1985],[-123.1403,49.1897],[-123.146,49.1814],[-123.1595,49.1778],[-123.1736,49.1782],[-123.1866,49.1817],[-123.1991,49.186],[-123.2115,49.1904],[-123.2088,49.1993],[-123.2032,49.2076],[-123.2055,49.2164],[-123.2193,49.2147],[-123.2329,49.2119],[-123.2462,49.209],[-123.2595,49.2063],[-123.2464,49.2094],[-123.232,49.2124],[-123.2182,49.2153],[-123.2231,49.2239],[-123.2342,49.2295],[-123.2446,49.2358],[-123.2548,49.2424],[-123.2648,49.2489],[-123.2755,49.2551],[-123.2648,49.2492],[-123.2544,49.2428],[-123.2442,49.2367],[-123.2339,49.2305],[-123.2221,49.2256],[-123.2091,49.2215],[-123.1976,49.2197]]}},{"type":"Feature","properties":{},"geometry":{"type":"LineString","coordinates":[[-123.3696,48.8391],[-123.3696,48.8391]]}},{"type":"Feature","properties":{},"geometry":{"type":"LineString","coordinates":[[-123.3486,48.8619],[-123.3486,48.8619]]}},{"type":"Feature","properties":{},"geometry":{"type":"LineString","coordinates":[[-123.2867,48.8733],[-123.2867,48.8733]]}},{"type":"Feature","properties":{},"geometry":{"type":"LineString","coordinates":[[-123.2849,48.873],[-123.2849,48.873]]}},{"type":"Feature","properties":{},"geometry":{"type":"LineString","coordinates":[[-123.2853,48.8736],[-123.2853,48.8736]]}},{"type":"Feature","properties":{},"geometry":{"type":"LineString","coordinates":[[-123.327,48.8856],[-123.327,48.8856]]}},{"type":"Feature","properties":{},"geometry":{"type":"LineString","coordinates":[[-123.3271,48.8864],[-123.3271,48.8864]]}},{"type":"Feature","properties":{},"geometry":{"type":"LineString","coordinates":[[-123.3277,48.887],[-123.3277,48.887]]}},{"type":"Feature","properties":{},"geometry":{"type":"LineString","coordinates":[[-123.3289,48.8925],[-123.3289,48.8925]]}},{"type":"Feature","properties":{},"geometry":{"type":"LineString","coordinates":[[-123.3354,48.9005],[-123.3354,48.9005]]}},{"type":"Feature","properties":{},"geometry":{"type":"LineString","coordinates":[[-123.4404,48.8516],[-123.4404,48.8516]]}},{"type":"Feature","properties":{},"geometry":{"type":"LineString","coordinates":[[-123.4271,48.8462],[-123.4271,48.8462]]}},{"type":"Feature","properties":{},"geometry":{"type":"LineString","coordinates":[[-123.4579,48.9064],[-123.4579,48.9064]]}},{"type":"Feature","properties":{},"geometry":{"type":"LineString","coordinates":[[-123.4592,48.9071],[-123.4592,48.9071]]}},{"type":"Feature","properties":{},"geometry":{"type":"LineString","coordinates":[[-123.1228,49.101],[-123.1228,49.101]]}},{"type":"Feature","properties":{},"geometry":{"type":"LineString","coordinates":[[-123.1196,49.1014],[-123.1196,49.1014]]}},{"type":"Feature","properties":{},"geometry":{"type":"LineString","coordinates":[[-123.1005,49.0981],[-123.1005,49.0981]]}},{"type":"Feature","properties":{},"geometry":{"type":"LineString","coordinates":[[-123.0864,49.0942],[-123.0864,49.0942]]}},{"type":"Feature","properties":{},"geometry":{"type":"LineString","coordinates":[[-123.1122,49.0982],[-123.1177,49.0901],[-123.1122,49.0982]]}},{"type":"Feature","properties":{},"geometry":{"type":"LineString","coordinates":[[-123.0945,49.1067],[-123.1033,49.0998],[-123.0945,49.1067]]}},{"type":"Feature","properties":{},"geometry":{"type":"LineString","coordinates":[[-123.0876,49.1145],[-123.0973,49.108],[-123.1097,49.104],[-123.1024,49.1117],[-123.089,49.1143],[-123.0876,49.1145]]}},{"type":"Feature","properties":{},"geometry":{"type":"LineString","coordinates":[[-123.085,49.0983],[-123.0935,49.0912],[-123.0854,49.0984],[-123.085,49.0983]]}},{"type":"Feature","properties":{},"geometry":{"type":"LineString","coordinates":[[-123.1048,49.091],[-123.1048,49.091]]}},{"type":"Feature","properties":{},"geometry":{"type":"LineString","coordinates":[[-123.0978,49.0909],[-123.0978,49.0909]]}},{"type":"Feature","properties":{},"geometry":{"type":"LineString","coordinates":[[-122.8928,49.0887],[-122.8928,49.0887]]}},{"type":"Feature","properties":{},"geometry":{"type":"LineString","coordinates":[[-122.9367,49.3113],[-122.9367,49.3113]]}},{"type":"Feature","properties":{},"geometry":{"type":"LineString","coordinates":[[-122.9335,49.3163],[-122.9335,49.3163]]}},{"type":"Feature","properties":{},"geometry":{"type":"LineString","coordinates":[[-122.9407,49.3163],[-122.9407,49.3163]]}},{"type":"Feature","properties":{},"geometry":{"type":"LineString","coordinates":[[-122.9083,49.2935],[-122.9083,49.2935]]}},{"type":"Feature","properties":{},"geometry":{"type":"LineString","coordinates":[[-122.928,49.3204],[-122.928,49.3204]]}},{"type":"Feature","properties":{},"geometry":{"type":"LineString","coordinates":[[-122.9257,49.3233],[-122.9257,49.3233]]}},{"type":"Feature","properties":{},"geometry":{"type":"LineString","coordinates":[[-122.9146,49.3307],[-122.9146,49.3307]]}},{"type":"Feature","properties":{},"geometry":{"type":"LineString","coordinates":[[-123.3046,48.7644],[-123.3046,48.7644]]}},{"type":"Feature","properties":{},"geometry":{"type":"LineString","coordinates":[[-123.3048,48.7645],[-123.3048,48.7645]]}},{"type":"Feature","properties":{},"geometry":{"type":"LineString","coordinates":[[-123.2622,48.7609],[-123.2622,48.7609]]}},{"type":"Feature","properties":{},"geometry":{"type":"LineString","coordinates":[[-123.3085,48.7672],[-123.3085,48.7672]]}},{"type":"Feature","properties":{},"geometry":{"type":"LineString","coordinates":[[-123.3134,48.7849],[-123.3134,48.7849]]}},{"type":"Feature","properties":{},"geometry":{"type":"LineString","coordinates":[[-123.3124,48.7845],[-123.3124,48.7845]]}},{"type":"Feature","properties":{},"geometry":{"type":"LineString","coordinates":[[-123.3079,48.7955],[-123.3079,48.7955]]}},{"type":"Feature","properties":{},"geometry":{"type":"LineString","coordinates":[[-123.265,48.7754],[-123.265,48.7754]]}},{"type":"Feature","properties":{},"geometry":{"type":"LineString","coordinates":[[-123.2738,48.8077],[-123.2738,48.8077]]}},{"type":"Feature","properties":{},"geometry":{"type":"LineString","coordinates":[[-123.2774,48.8107],[-123.2774,48.8107]]}},{"type":"Feature","properties":{},"geometry":{"type":"LineString","coordinates":[[-123.3262,48.8044],[-123.3262,48.8044]]}},{"type":"Feature","properties":{},"geometry":{"type":"LineString","coordinates":[[-123.3262,48.805],[-123.3262,48.805]]}},{"type":"Feature","properties":{},"geometry":{"type":"LineString","coordinates":[[-123.3228,48.8112],[-123.3228,48.8112]]}},{"type":"Feature","properties":{},"geometry":{"type":"LineString","coordinates":[[-123.3219,48.8108],[-123.3219,48.8108]]}},{"type":"Feature","properties":{},"geometry":{"type":"LineString","coordinates":[[-123.3192,48.8103],[-123.3192,48.8103]]}},{"type":"Feature","properties":{},"geometry":{"type":"LineString","coordinates":[[-123.329,48.8335],[-123.329,48.8335]]}},{"type":"Feature","properties":{},"geometry":{"type":"LineString","coordinates":[[-123.2918,48.824],[-123.2918,48.824]]}},{"type":"Feature","properties":{},"geometry":{"type":"LineString","coordinates":[[-123.3724,48.81],[-123.3724,48.81]]}},{"type":"Feature","properties":{},"geometry":{"type":"LineString","coordinates":[[-123.3715,48.8094],[-123.3715,48.8094]]}},{"type":"Feature","properties":{},"geometry":{"type":"LineString","coordinates":[[-123.3824,48.8148],[-123.3824,48.8148]]}},{"type":"Feature","properties":{},"geometry":{"type":"LineString","coordinates":[[-123.3879,48.8211],[-123.3879,48.8211]]}},{"type":"Feature","properties":{},"geometry":{"type":"LineString","coordinates":[[-123.3579,48.8163],[-123.3579,48.8163]]}},{"type":"Feature","properties":{},"geometry":{"type":"LineString","coordinates":[[-123.3547,48.8155],[-123.3547,48.8155]]}},{"type":"Feature","properties":{},"geometry":{"type":"LineString","coordinates":[[-123.3553,48.8157],[-123.3553,48.8157]]}},{"type":"Feature","properties":{},"geometry":{"type":"LineString","coordinates":[[-123.3541,48.8157],[-123.3541,48.8157]]}},{"type":"Feature","properties":{},"geometry":{"type":"LineString","coordinates":[[-123.3537,48.8208],[-123.3537,48.8208]]}},{"type":"Feature","properties":{},"geometry":{"type":"LineString","coordinates":[[-123.3519,48.82],[-123.3519,48.82]]}},{"type":"Feature","properties":{},"geometry":{"type":"LineString","coordinates":[[-123.3525,48.8261],[-123.3525,48.8261]]}},{"type":"Feature","properties":{},"geometry":{"type":"LineString","coordinates":[[-123.1344,49.1061],[-123.1344,49.1061]]}},{"type":"Feature","properties":{},"geometry":{"type":"LineString","coordinates":[[-123.1862,49.1768],[-123.1862,49.1768]]}},{"type":"Feature","properties":{},"geometry":{"type":"LineString","coordinates":[[-123.1845,49.1776],[-123.1845,49.1776]]}},{"type":"Feature","properties":{},"geometry":{"type":"LineString","coordinates":[[-123.1812,49.1205],[-123.1678,49.1179],[-123.1815,49.1197],[-123.1812,49.1205]]}},{"type":"Feature","properties":{},"geometry":{"type":"LineString","coordinates":[[-123.1921,49.1785],[-123.2053,49.1815],[-123.1914,49.1807],[-123.1921,49.1785]]}},{"type":"Feature","properties":{},"geometry":{"type":"LineString","coordinates":[[-123.1854,49.1099],[-123.1717,49.1078],[-123.1605,49.1023],[-123.1492,49.097],[-123.1385,49.0912],[-123.1301,49.084],[-123.1364,49.0758],[-123.1494,49.0725],[-123.1629,49.0749],[-123.1731,49.0812],[-123.1793,49.0894],[-123.186,49.0973],[-123.1869,49.1062],[-123.1854,49.1099]]}},{"type":"Feature","properties":{},"geometry":{"type":"LineString","coordinates":[[-123.1268,49.0032],[-123.1268,49.0032]]}},{"type":"Feature","properties":{},"geometry":{"type":"LineString","coordinates":[[-114.5949,49.4966],[-114.5942,49.4864],[-114.5935,49.4714],[-114.5993,49.462],[-114.6034,49.4528],[-114.6029,49.4436],[-114.5986,49.4339],[-114.6008,49.4248],[-114.5984,49.4126],[-114.5918,49.4001],[-114.5803,49.3913],[-114.5716,49.382],[-114.5565,49.3768],[-114.5366,49.3796],[-114.5316,49.3705],[-114.5241,49.3621],[-114.5166,49.3545],[-114.501,49.3528],[-114.4876,49.3473],[-114.4825,49.3375],[-114.4789,49.3268],[-114.4922,49.3222],[-114.49,49.3121],[-114.4732,49.3087],[-114.4612,49.3041],[-114.4512,49.2926],[-114.449,49.2823],[-114.4494,49.2673],[-114.4352,49.2622],[-114.421,49.2618],[-114.4051,49.2588],[-114.3877,49.2516],[-114.3957,49.2431],[-114.4025,49.2348],[-114.4058,49.2253],[-114.3939,49.2194],[-114.399,49.2104],[-114.3868,49.205],[-114.3662,49.2037],[-114.3564,49.197],[-114.3429,49.1944],[-114.3282,49.199],[-114.3148,49.1961],[-114.301,49.1908],[-114.2885,49.1831],[-114.2694,49.181],[-114.2541,49.1794],[-114.2467,49.1873],[-114.2305,49.1893],[-114.2171,49.1841],[-114.2127,49.1734],[-114.1989,49.1692],[-114.1804,49.1643],[-114.1662,49.1567],[-114.1562,49.1478],[-114.1623,49.1383],[-114.1607,49.1275],[-114.1531,49.1199],[-114.1496,49.1111],[-114.1535,49.1011],[-114.1421,49.0896],[-114.1326,49.0826],[-114.1178,49.074],[-114.1078,49.0662],[-114.0965,49.0598],[-114.0825,49.0596],[-114.073,49.0517],[-114.0637,49.0428],[-114.0566,49.0278],[-114.0587,49.0183],[-114.0689,49.0077],[-114.1066,48.9992],[-114.1802,48.9997],[-114.2011,48.9992],[-114.2249,48.9997],[-114.3137,49.0008],[-114.3528,49.0009],[-114.3668,49.001],[-114.4106,49.0012],[-114.4572,49.0011],[-114.4796,49.001],[-114.4989,49.001],[-114.6122,49.0008],[-114.6348,49.0008],[-114.6716,49.0001],[-114.7262,49.0001],[-114.7635,49.0],[-114.7837,49.0],[-114.8003,49.0001],[-114.8619,49.0001],[-114.8976,49.0001],[-114.9397,49.0001],[-115.0558,48.9997],[-115.1707,48.9993],[-115.1923,48.9993],[-115.2079,48.9992],[-115.2673,48.9995],[-115.3742,49.0001],[-115.4544,49.0],[-115.4844,49.0],[-115.5,49.0001],[-115.5139,49.0007],[-115.5504,49.0008],[-115.9644,49.0009],[-115.9907,49.0009],[-116.0101,49.001],[-116.027,49.0009],[-116.0491,49.0001],[-116.0635,49.0001],[-116.1274,49.0001],[-116.1772,49.0001],[-116.2757,49.0],[-116.3283,49.0001],[-116.3545,49.0001],[-116.3826,49.0001],[-116.4408,49.0001],[-116.5042,48.9999],[-116.5403,48.9999],[-116.7572,48.9999],[-117.0324,48.9992],[-117.1261,48.9989],[-117.2682,48.9998],[-117.2998,49.0],[-117.43,49.0004],[-117.5765,49.0008],[-117.5935,49.0008],[-117.6247,49.0008],[-117.6755,49.0008],[-117.722,49.0007],[-117.7489,49.0007],[-117.8046,49.0006],[-117.8268,49.0006],[-117.8455,49.0006],[-117.8764,49.0005],[-118.0011,48.9999],[-118.0188,49.0003],[-118.0466,49.0003],[-118.0619,49.0003],[-118.0832,49.0003],[-118.1047,49.0003],[-118.1355,49.0002],[-118.1544,49.0002],[-118.1911,49.0002],[-118.2092,49.0002],[-118.2246,49.0002],[-118.2443,49.0002],[-118.27,49.0002],[-118.2891,49.0002],[-118.3029,49.0002],[-118.3199,49.0002],[-118.3359,49.0002],[-118.352,49.0002],[-118.3662,49.0002],[-118.4049,49.0001],[-118.42,49.0001],[-118.4354,49.0001],[-118.4496,49.0002],[-118.4747,49.0],[-118.4983,49.0],[-118.5207,49.0],[-118.5455,49.0],[-118.5911,49.0001],[-118.6061,49.0001],[-118.6584,49.0002],[-118.6803,49.0002],[-118.6969,49.0002],[-118.7499,49.0002],[-118.77,49.0002],[-118.7997,49.0002],[-118.8249,49.0002],[-118.8394,49.0002],[-118.8577,49.0002],[-118.8908,49.0002],[-118.9468,49.0001],[-118.9641,49.0002],[-118.9991,49.0001],[-119.0205,49.0],[-119.0834,49.0001],[-119.1314,49.0001],[-119.1789,49.0001],[-119.25,49.0],[-119.2845,49.0],[-119.409,49.0001],[-119.4315,49.0001],[-119.4454,49.0001],[-119.4611,49.0001],[-119.5,49.0001],[-119.5326,49.0],[-119.6261,49.0001],[-119.6439,49.0001],[-119.6711,49.0001],[-119.7017,49.0001],[-119.721,49.0001],[-119.7369,49.0001],[-119.7696,49.0001],[-119.801,49.0001],[-119.8718,49.0001],[-119.8876,49.0001],[-119.9181,49.0001],[-120.0012,48.9994],[-120.0355,48.9995],[-120.2265,49.0003],[-120.2445,49.0003],[-120.2699,49.0003],[-120.3044,49.0002],[-120.3268,49.0002],[-120.3594,49.0001],[-120.4025,49.0001],[-120.4631,49.0],[-120.4847,49.0],[-120.5,49.0],[-120.5162,49.0],[-120.5464,49.0],[-120.6059,49.0001],[-120.6814,49.0001],[-120.7224,49.0],[-120.7486,49.0],[-120.7707,49.0],[-120.8038,49.0001],[-120.8484,49.0001],[-121.0,49.0],[-121.0635,49.0001],[-121.0899,49.0001],[-121.2154,49.0],[-121.25,49.0],[-121.2729,49.0],[-121.3843,49.0001],[-121.4339,48.9996],[-121.7513,48.9974],[-121.9452,49.0001],[-121.9713,49.0],[-121.9959,49.0],[-122.1139,49.0022],[-122.1366,49.0022],[-122.184,49.0024],[-122.2064,49.0023],[-122.221,49.0023],[-122.2491,49.0023],[-122.2648,49.0023],[-122.2813,49.0024],[-122.3223,49.0024],[-122.3399,49.0022],[-122.3556,49.0023],[-122.406,49.0022],[-122.4628,49.0022],[-122.5507,49.0023],[-122.573,49.0023],[-122.589,49.0022],[-122.6031,49.0022],[-122.6192,49.0023],[-122.636,49.0023],[-122.6499,49.0022],[-122.6693,49.0022],[-122.6844,49.0022],[-122.6985,49.0022],[-122.7133,49.0022],[-122.7299,49.0022],[-122.7463,49.0021],[-122.7599,49.004],[-122.7704,49.01],[-122.7829,49.0141],[-122.7956,49.018],[-122.8085,49.0218],[-122.8218,49.0248],[-122.8358,49.025],[-122.8497,49.0246],[-122.8637,49.0242],[-122.8748,49.0295],[-122.8808,49.0377],[-122.8843,49.0464],[-122.8871,49.0552],[-122.8782,49.0621],[-122.8644,49.0618],[-122.8587,49.0699],[-122.8586,49.0789],[-122.8621,49.0877],[-122.8754,49.0905],[-122.8893,49.0914],[-122.9002,49.0858],[-122.9135,49.0827],[-122.9262,49.0791],[-122.9392,49.0757],[-122.9522,49.0723],[-122.9657,49.07],[-122.9792,49.0678],[-122.9929,49.0656],[-123.0064,49.0634],[-123.0188,49.0593],[-123.0299,49.054],[-123.0397,49.0476],[-123.0499,49.0414],[-123.0539,49.0328],[-123.0513,49.0239],[-123.0403,49.0185],[-123.0364,49.0099],[-123.0541,49.002],[-123.0683,49.002],[-123.0886,49.002],[-123.0934,49.0104],[-123.0977,49.019],[-123.1117,49.0188],[-123.1213,49.0122],[-123.1309,49.0057],[-123.122,49.0127],[-123.1126,49.0193],[-123.1032,49.0258],[-123.0987,49.0343],[-123.1089,49.0404],[-123.1153,49.0483],[-123.1285,49.0456],[-123.1381,49.039],[-123.1474,49.0322],[-123.1555,49.0247],[-123.1563,49.0156],[-123.17,49.0171],[-123.1641,49.0252],[-123.1527,49.0305],[-123.1433,49.0373],[-123.1338,49.0438],[-123.1244,49.0504],[-123.1358,49.0556],[-123.1468,49.0611],[-123.1582,49.0663],[-123.1453,49.0696],[-123.1325,49.0734],[-123.1257,49.0813],[-123.1134,49.0853],[-123.0996,49.0879],[-123.0878,49.0927],[-123.0807,49.1005],[-123.0795,49.1094],[-123.0677,49.114],[-123.0724,49.1056],[-123.0661,49.1136],[-123.0575,49.1207],[-123.0693,49.1159],[-123.0638,49.1241],[-123.0514,49.1281],[-123.0433,49.1353],[-123.0354,49.1427],[-123.0224,49.1461],[-123.0086,49.1475],[-123.0,49.1576],[-123.0131,49.1543],[-123.0266,49.1518],[-123.0398,49.1488],[-123.0511,49.1436],[-123.0596,49.1365],[-123.0689,49.1296],[-123.0793,49.1234],[-123.0926,49.1205],[-123.1052,49.1163],[-123.1177,49.1122],[-123.1312,49.1099],[-123.1452,49.1112],[-123.157,49.116],[-123.1692,49.1208],[-123.1826,49.1235],[-123.1964,49.1247],[-123.1942,49.1337],[-123.1944,49.1426],[-123.1958,49.1516],[-123.1964,49.1605],[-123.1983,49.1695],[-123.1869,49.1747],[-123.1728,49.1741],[-123.1589,49.1742],[-123.1466,49.1783],[-123.1383,49.1855],[-123.1342,49.1941],[-123.1409,49.202],[-123.1524,49.2074],[-123.1624,49.2138],[-123.176,49.2163],[-123.1889,49.2199],[-123.2017,49.2236],[-123.2096,49.231],[-123.2209,49.2365],[-123.2325,49.2419],[-123.2437,49.2474],[-123.2536,49.2539],[-123.2676,49.2542],[-123.2619,49.2625],[-123.261,49.2715],[-123.2508,49.278],[-123.2369,49.2793],[-123.2229,49.2781],[-123.2091,49.2754],[-123.1957,49.273],[-123.1817,49.2726],[-123.1676,49.2725],[-123.1543,49.2753],[-123.1409,49.2777],[-123.1319,49.2709],[-123.1181,49.269],[-123.105,49.2723],[-123.119,49.2725],[-123.1329,49.2734],[-123.1408,49.2808],[-123.1451,49.2893],[-123.1534,49.2965],[-123.1565,49.3054],[-123.1486,49.3128],[-123.1361,49.3088],[-123.1262,49.3025],[-123.1356,49.2958],[-123.1236,49.2908],[-123.1095,49.2894],[-123.0954,49.2883],[-123.0828,49.2839],[-123.0698,49.288],[-123.057,49.2919],[-123.0431,49.2925],[-123.0289,49.2921],[-123.0149,49.2932],[-123.0011,49.291],[-122.9886,49.2952],[-122.976,49.2908],[-122.9622,49.2888],[-122.9485,49.2904],[-122.9345,49.2921],[-122.9206,49.2902],[-122.9068,49.2886],[-122.8937,49.2919],[-122.8795,49.2919],[-122.8665,49.2887],[-122.8621,49.2802],[-122.8481,49.2805],[-122.8352,49.2838],[-122.8465,49.2891],[-122.8582,49.294],[-122.8694,49.2994],[-122.8832,49.3009],[-122.8956,49.2967],[-122.9089,49.2939],[-122.9222,49.2971],[-122.9292,49.3049],[-122.927,49.3137],[-122.9259,49.3227],[-122.9175,49.3299],[-122.9156,49.3209],[-122.9026,49.3242],[-122.8942,49.3314],[-122.8912,49.3401],[-122.8894,49.349],[-122.8819,49.3566],[-122.8753,49.3645],[-122.8715,49.3732],[-122.864,49.3808],[-122.8685,49.3893],[-122.8702,49.3982],[-122.8617,49.4053],[-122.8568,49.4137],[-122.8581,49.4226],[-122.8532,49.431],[-122.8561,49.4397],[-122.8613,49.4481],[-122.8659,49.4566],[-122.8765,49.4627],[-122.8816,49.4711],[-122.8863,49.4626],[-122.8822,49.454],[-122.8769,49.4458],[-122.8752,49.4369],[-122.8754,49.428],[-122.8792,49.4194],[-122.8831,49.4108],[-122.8846,49.4018],[-122.8849,49.3929],[-122.8812,49.3842],[-122.8893,49.377],[-122.8891,49.368],[-122.8935,49.3595],[-122.9066,49.3564],[-122.9114,49.3479],[-122.9216,49.3418],[-122.9315,49.3353],[-122.944,49.3313],[-122.9369,49.3235],[-122.9447,49.3161],[-122.9487,49.3075],[-122.9603,49.3026],[-122.9741,49.305],[-122.9872,49.3083],[-123.0004,49.3053],[-123.0063,49.2972],[-123.0198,49.2993],[-123.0335,49.2976],[-123.0474,49.3018],[-123.0601,49.3056],[-123.0741,49.3066],[-123.0859,49.3114],[-123.0995,49.3132],[-123.113,49.3108],[-123.1267,49.313],[-123.1374,49.3187],[-123.1497,49.323],[-123.1625,49.3269],[-123.1748,49.3311],[-123.1878,49.3349],[-123.2008,49.3384],[-123.2147,49.3396],[-123.2284,49.3412],[-123.2419,49.3387],[-123.2545,49.3347],[-123.2676,49.3317],[-123.2697,49.3406],[-123.2694,49.3496],[-123.2794,49.3558],[-123.2874,49.3632],[-123.2845,49.372],[-123.2773,49.3797],[-123.2645,49.3833],[-123.2577,49.3912],[-123.2519,49.3994],[-123.2442,49.4069],[-123.2374,49.4148],[-123.2338,49.4234],[-123.2364,49.4322],[-123.2386,49.4412],[-123.2395,49.4501],[-123.2412,49.459],[-123.2409,49.468],[-123.2438,49.4768],[-123.25,49.485],[-123.2473,49.4937]]}},{"type":"Feature","properties":{},"geometry":{"type":"LineString","coordinates":[[-123.4853,49.4935],[-123.4745,49.4877],[-123.4835,49.4808],[-123.4866,49.4721],[-123.4802,49.4641],[-123.4733,49.4563],[-123.4683,49.4479],[-123.4723,49.4394],[-123.4749,49.4306],[-123.481,49.4225],[-123.4894,49.4152],[-123.4985,49.4084],[-123.5061,49.4009],[-123.507,49.392],[-123.5183,49.3865],[-123.5318,49.3841],[-123.5453,49.3864],[-123.5576,49.3908],[-123.5635,49.3991],[-123.5763,49.403],[-123.5903,49.4043],[-123.6017,49.4095],[-123.6145,49.4132],[-123.6274,49.4167],[-123.6412,49.4185],[-123.6538,49.4226],[-123.6644,49.4287],[-123.6771,49.4327],[-123.6899,49.4366],[-123.7041,49.4368],[-123.7182,49.4376],[-123.7286,49.4436],[-123.7326,49.4522],[-123.7385,49.4605],[-123.7429,49.4691],[-123.7567,49.4704],[-123.7708,49.4698],[-123.7842,49.4673],[-123.7984,49.4669],[-123.8125,49.4677],[-123.8259,49.4705],[-123.8398,49.4718],[-123.8519,49.4769],[-123.8572,49.4687],[-123.8711,49.4679],[-123.8832,49.4725],[-123.8944,49.478],[-123.9054,49.4837],[-123.9098,49.4923]]}},{"type":"Feature","properties":{},"geometry":{"type":"LineString","coordinates":[[-123.7726,49.4979],[-123.7646,49.4905],[-123.7584,49.4824],[-123.7506,49.4899],[-123.7478,49.4987]]}},{"type":"Feature","properties":{},"geometry":{"type":"LineString","coordinates":[[-124.2144,41.9499],[-124.2144,41.9499]]}},{"type":"Feature","properties":{},"geometry":{"type":"LineString","coordinates":[[-123.1839,42.0058],[-123.1457,42.0088],[-123.1252,42.0082],[-123.1027,42.0066],[-123.0809,42.0051],[-123.0629,42.0048],[-123.044,42.0031],[-122.9883,42.0034],[-122.9638,42.0035],[-122.8936,42.0038],[-122.8755,42.0039],[-122.8138,42.0041],[-122.7536,42.0042],[-122.7131,42.0042],[-122.6725,42.0047],[-122.6347,42.005],[-122.6154,42.0056],[-122.5489,42.0075],[-122.4933,42.0081],[-122.4166,42.0084],[-122.4035,42.0088],[-122.3785,42.0095],[-122.3203,42.0086],[-122.2897,42.0081],[-122.2607,42.0076],[-122.1894,42.0074],[-122.1635,42.0073],[-122.1441,42.0066],[-122.0472,42.0053],[-122.0346,42.0047],[-121.9574,42.0035],[-121.9398,42.0038],[-121.8893,42.0032],[-121.8251,42.0024],[-121.801,42.0021],[-121.6947,42.0006],[-121.6806,42.0004],[-121.6003,41.9993],[-121.5195,41.9983],[-121.4475,41.9975],[-121.3566,41.9965],[-121.329,41.9968],[-121.3165,41.997],[-121.2973,41.9974],[-121.2503,41.9973],[-121.1742,41.9972],[-121.125,41.9961],[-121.1112,41.9959],[-121.081,41.9953],[-121.0221,41.9933],[-120.9804,41.993],[-120.9402,41.9935],[-120.8799,41.9938],[-120.8192,41.9938],[-120.7862,41.9938],[-120.681,41.9936],[-120.6159,41.993],[-120.5649,41.9932],[-120.5084,41.9935],[-120.489,41.9936],[-120.414,41.9931],[-120.3285,41.9926],[-120.284,41.9928],[-120.188,41.9945],[-120.1607,41.9946],[-120.0882,41.9949],[-120.0467,41.9949],[-119.9992,41.9949],[-119.9993,41.8753],[-119.9983,41.7499],[-119.9989,41.6249],[-119.9989,41.5578],[-119.9995,41.4999],[-119.9999,41.184],[-119.9996,41.0218],[-119.9994,40.8731],[-119.9985,40.7592],[-119.9985,40.7499],[-119.9975,40.721],[-119.9959,40.4999],[-119.9961,40.4023],[-119.9962,40.3218],[-119.9962,40.2635],[-119.9969,40.1572],[-119.9971,40.1264],[-119.9972,40.0918],[-119.9972,40.0772],[-119.9976,39.9565],[-119.9983,39.9235],[-119.9997,39.8514],[-120.0006,39.7808],[-120.0012,39.7342],[-120.0013,39.7224],[-120.0014,39.6736],[-120.0015,39.6503],[-120.0015,39.6358],[-120.0016,39.6068],[-120.0017,39.5487],[-120.0017,39.5389],[-120.0025,39.5054]]}},{"type":"Feature","properties":{},"geometry":{"type":"LineString","coordinates":[[-123.7894,39.5015],[-123.7785,39.5215],[-123.7665,39.5528],[-123.771,39.5652],[-123.7778,39.5761],[-123.7801,39.5861],[-123.7863,39.5956],[-123.7873,39.6078],[-123.7823,39.6215],[-123.7859,39.636],[-123.7857,39.654],[-123.789,39.6648],[-123.7919,39.6812],[-123.7942,39.69],[-123.8033,39.699],[-123.8082,39.7107],[-123.8247,39.7181],[-123.8316,39.7306],[-123.8319,39.7432],[-123.8381,39.7524],[-123.8371,39.7762],[-123.8398,39.7956],[-123.8441,39.8053],[-123.8464,39.8172],[-123.8496,39.8277],[-123.8815,39.8454],[-123.8933,39.8533],[-123.902,39.8604],[-123.9151,39.8753],[-123.93,39.9097],[-123.9412,39.9154],[-123.9511,39.9215],[-123.9602,39.9333],[-123.9751,39.9528],[-123.98,39.9625],[-123.9959,39.973],[-124.0063,39.9856],[-124.0173,39.9946],[-124.0275,40.0049],[-124.0359,40.0133],[-124.0478,40.0206],[-124.0618,40.0253],[-124.0759,40.0259],[-124.0786,40.0362],[-124.0803,40.0461],[-124.0807,40.0661],[-124.0871,40.0784],[-124.095,40.0864],[-124.1048,40.0961],[-124.1183,40.1062],[-124.1308,40.1131],[-124.149,40.1177],[-124.1708,40.1242],[-124.1824,40.1301],[-124.2002,40.1444],[-124.2107,40.1562],[-124.2216,40.1647],[-124.2311,40.1716],[-124.2429,40.1779],[-124.2584,40.1843],[-124.2731,40.1965],[-124.2893,40.2032],[-124.3089,40.2179],[-124.3196,40.2257],[-124.3277,40.2374],[-124.3431,40.244],[-124.3527,40.2505],[-124.3606,40.2572],[-124.3636,40.2762],[-124.3593,40.2869],[-124.3545,40.2985],[-124.3499,40.3096],[-124.3515,40.3261],[-124.3566,40.335],[-124.3623,40.3428],[-124.3654,40.3749],[-124.3736,40.3929],[-124.3915,40.407],[-124.3974,40.4156],[-124.4024,40.4275],[-124.4079,40.436],[-124.3966,40.4621],[-124.3885,40.4815],[-124.3832,40.4999],[-124.3865,40.5105],[-124.3828,40.519],[-124.3723,40.5323],[-124.3635,40.5487],[-124.3348,40.6057],[-124.3305,40.6142],[-124.3196,40.6323],[-124.3126,40.6413],[-124.2931,40.6731],[-124.285,40.6852],[-124.2677,40.7088],[-124.2488,40.7347],[-124.2353,40.7575],[-124.2282,40.7694],[-124.2019,40.8051],[-124.1954,40.8151],[-124.1873,40.8275],[-124.1799,40.8387],[-124.1626,40.8684],[-124.1547,40.8844],[-124.1411,40.9163],[-124.1371,40.9257],[-124.1281,40.956],[-124.1223,40.9752],[-124.1181,40.9893],[-124.1164,40.9997],[-124.1121,41.0251],[-124.1191,41.0364],[-124.1254,41.0485],[-124.1361,41.0552],[-124.1489,41.0515],[-124.1489,41.0613],[-124.1591,41.0696],[-124.1555,41.0834],[-124.1603,41.0985],[-124.1618,41.1087],[-124.1592,41.1206],[-124.1651,41.1294],[-124.164,41.1387],[-124.1497,41.1408],[-124.14,41.1529],[-124.135,41.1634],[-124.1256,41.1834],[-124.1202,41.196],[-124.1122,41.2165],[-124.107,41.2297],[-124.1064,41.2407],[-124.0992,41.2647],[-124.0923,41.2877],[-124.079,41.3471],[-124.0723,41.3748],[-124.0682,41.4038],[-124.0642,41.4314],[-124.0645,41.4477],[-124.0653,41.4628],[-124.0729,41.492],[-124.0759,41.5018],[-124.0814,41.5112],[-124.0816,41.5241],[-124.0819,41.5447],[-124.0924,41.5536],[-124.1011,41.5692],[-124.1014,41.5785],[-124.1051,41.5943],[-124.1144,41.6168],[-124.116,41.6288],[-124.1202,41.6404],[-124.1275,41.6508],[-124.1353,41.6623],[-124.1394,41.6717],[-124.1407,41.6825],[-124.1439,41.6912],[-124.1439,41.7065],[-124.1474,41.718],[-124.1542,41.7287],[-124.1647,41.7401],[-124.1778,41.7459],[-124.1899,41.7367],[-124.2007,41.7451],[-124.2158,41.7513],[-124.2229,41.7589],[-124.2347,41.7663],[-124.2456,41.7704],[-124.255,41.7782],[-124.2494,41.7873],[-124.2376,41.8042],[-124.2307,41.8187],[-124.227,41.8279],[-124.2196,41.8464],[-124.2084,41.8882],[-124.2046,41.9185],[-124.2036,41.9366],[-124.2048,41.9464],[-124.2079,41.9567],[-124.2056,41.9659],[-124.2049,41.9834],[-124.2116,41.9985],[-124.1214,41.997],[-124.1025,41.9968],[-124.085,41.9967],[-123.9992,41.9961],[-123.967,41.9961],[-123.8342,41.9961],[-123.8117,41.9952],[-123.7875,41.9958],[-123.7282,41.9971],[-123.6572,41.9951],[-123.6315,41.9987],[-123.5693,42.0006],[-123.53,42.0007],[-123.475,42.0007],[-123.4447,42.0006],[-123.347,41.9993],[-123.2456,42.0034],[-123.2311,42.0039],[-123.1839,42.0058]]}},{"type":"Feature","properties":{},"geometry":{"type":"LineString","coordinates":[[-116.0491,49.0001],[-116.0491,48.7914],[-116.0491,48.6454],[-116.0491,48.6198],[-116.0491,48.5446],[-116.0491,48.5153],[-116.0491,48.502],[-116.0492,48.4812],[-116.0491,48.4403],[-116.049,48.3937],[-116.049,48.3205],[-116.049,48.2612],[-116.049,48.2164],[-116.049,48.1914],[-116.0489,48.1249],[-116.049,48.0921],[-116.0491,48.0795],[-116.0491,48.059],[-116.0492,47.9999],[-116.0491,47.9773],[-116.0383,47.9714],[-116.0222,47.9649],[-116.0138,47.9563],[-116.0065,47.9433],[-115.995,47.9331],[-115.9892,47.9239],[-115.9823,47.9156],[-115.9654,47.9109],[-115.9685,47.8997],[-115.9547,47.8948],[-115.9456,47.8858],[-115.9355,47.8742],[-115.9252,47.8669],[-115.9193,47.8574],[-115.9065,47.8505],[-115.882,47.8494],[-115.8709,47.8349],[-115.8553,47.8282],[-115.8451,47.8149],[-115.8473,47.8034],[-115.8458,47.7932],[-115.8405,47.7804],[-115.8354,47.7706],[-115.8319,47.756],[-115.8147,47.7561],[-115.7973,47.7571],[-115.7858,47.7484],[-115.7836,47.7366],[-115.7805,47.7239],[-115.7637,47.7176],[-115.7448,47.7119],[-115.7317,47.7052],[-115.7238,47.6961],[-115.7283,47.6817],[-115.7292,47.6715],[-115.7313,47.662],[-115.7304,47.6423],[-115.712,47.6352],[-115.6944,47.6238],[-115.6974,47.6137],[-115.6972,47.6037],[-115.6884,47.5956],[-115.7028,47.5865],[-115.7067,47.5775],[-115.7212,47.5763],[-115.7312,47.5693],[-115.7444,47.5601],[-115.7543,47.5526],[-115.7518,47.542],[-115.7368,47.5397],[-115.7222,47.5336],[-115.7069,47.5349],[-115.6955,47.5276],[-115.7112,47.5233],[-115.6986,47.5023],[-115.6863,47.4849],[-115.668,47.4888],[-115.6609,47.4783],[-115.6473,47.478],[-115.6343,47.4815],[-115.6401,47.4597],[-115.6642,47.4539],[-115.6823,47.4569],[-115.7021,47.4525],[-115.717,47.4526],[-115.7319,47.4452],[-115.7457,47.4423],[-115.7524,47.4322],[-115.7593,47.4239],[-115.7427,47.4236],[-115.7214,47.4257],[-115.712,47.4154],[-115.6974,47.4154],[-115.6756,47.4094],[-115.6672,47.4016],[-115.6569,47.3958],[-115.6463,47.3874],[-115.6429,47.3774],[-115.6271,47.3806],[-115.6096,47.3807],[-115.5958,47.3717],[-115.5776,47.3674],[-115.575,47.3559],[-115.5603,47.3522],[-115.5491,47.3472],[-115.5502,47.3337],[-115.541,47.3258],[-115.5328,47.3142],[-115.5285,47.2993],[-115.5153,47.2968],[-115.4964,47.2893],[-115.4836,47.2821],[-115.4667,47.2872],[-115.4573,47.2783],[-115.4372,47.2792],[-115.421,47.2776],[-115.4147,47.2682],[-115.3921,47.2654],[-115.3767,47.2646],[-115.3592,47.2596],[-115.3458,47.2606],[-115.3235,47.2563],[-115.3244,47.2457],[-115.3164,47.2333],[-115.3019,47.2259],[-115.2946,47.2162],[-115.296,47.2057],[-115.3012,47.1935],[-115.291,47.1868],[-115.2777,47.1821],[-115.2624,47.1817],[-115.2568,47.1698],[-115.2505,47.1599],[-115.2431,47.1507],[-115.2254,47.1488],[-115.2125,47.142],[-115.1991,47.1396],[-115.186,47.1294],[-115.1797,47.1206],[-115.1729,47.112],[-115.1603,47.1022],[-115.1443,47.102],[-115.1427,47.0921],[-115.1396,47.08],[-115.1311,47.069],[-115.1202,47.0614],[-115.1081,47.0518],[-115.0876,47.0458],[-115.0807,47.0356],[-115.0757,47.0259],[-115.0694,47.0151],[-115.0655,47.0006],[-115.0611,46.9919],[-115.0502,46.9812],[-115.0484,46.9698],[-115.0338,46.9717],[-115.017,46.9739],[-115.0013,46.9719],[-114.9939,46.9622],[-114.9864,46.9542],[-114.9763,46.943],[-114.9643,46.9375],[-114.9527,46.9266],[-114.9353,46.9197],[-114.9221,46.9125],[-114.931,46.9041],[-114.9351,46.8949],[-114.9311,46.8821],[-114.9406,46.8684],[-114.9483,46.8611],[-114.9289,46.8549],[-114.9287,46.8436],[-114.9277,46.8336],[-114.9153,46.8254],[-114.8996,46.8226],[-114.8984,46.8097],[-114.8749,46.8119],[-114.8611,46.8116],[-114.8552,46.8006],[-114.8412,46.7931],[-114.8296,46.783],[-114.808,46.7822],[-114.7896,46.7791],[-114.7836,46.7687],[-114.7652,46.7583],[-114.768,46.7492],[-114.77,46.735],[-114.7796,46.7286],[-114.7823,46.7193],[-114.7822,46.708],[-114.7691,46.705],[-114.7608,46.6967],[-114.7484,46.7014],[-114.7421,46.7105],[-114.7261,46.7146],[-114.7108,46.7173],[-114.7086,46.7272],[-114.7012,46.7349],[-114.6854,46.7369],[-114.6712,46.7368],[-114.6508,46.7335],[-114.6446,46.7228],[-114.6333,46.7156],[-114.6215,46.7079],[-114.6242,46.6955],[-114.6318,46.6839],[-114.6402,46.6754],[-114.6398,46.666],[-114.6305,46.6594],[-114.6145,46.6547],[-114.6164,46.6436],[-114.6053,46.6358],[-114.5923,46.6328],[-114.5797,46.6354],[-114.5708,46.6432],[-114.5556,46.6446],[-114.5423,46.6496],[-114.5285,46.6423],[-114.5086,46.6394],[-114.4926,46.6362],[-114.481,46.6319],[-114.4671,46.6318],[-114.4526,46.6419],[-114.4404,46.6532],[-114.4244,46.6606],[-114.411,46.6574],[-114.3997,46.6626],[-114.3848,46.6626],[-114.361,46.6689],[-114.3444,46.662],[-114.3302,46.6587],[-114.3211,46.6475],[-114.3203,46.6385],[-114.3222,46.6267],[-114.3271,46.6172],[-114.3298,46.6034],[-114.3364,46.5936],[-114.3337,46.579],[-114.3395,46.564],[-114.3426,46.5552],[-114.344,46.5413],[-114.3492,46.5295],[-114.342,46.5203],[-114.3479,46.5113],[-114.3597,46.5049],[-114.3756,46.5018],[-114.3948,46.5032],[-114.4034,46.4941],[-114.4012,46.4791],[-114.3947,46.4694],[-114.382,46.4626],[-114.3816,46.4534],[-114.3762,46.4428],[-114.3814,46.4339],[-114.3837,46.4191],[-114.3868,46.4101],[-114.3991,46.4051],[-114.4098,46.3994],[-114.4222,46.3873],[-114.4168,46.3754],[-114.4105,46.3651],[-114.4136,46.3467],[-114.4143,46.3355],[-114.4225,46.3241],[-114.4309,46.3115],[-114.4307,46.3002],[-114.4254,46.2879],[-114.4354,46.2766],[-114.4537,46.2709],[-114.4669,46.272],[-114.469,46.2596],[-114.4683,46.2488],[-114.4543,46.2417],[-114.4486,46.233],[-114.4458,46.2195],[-114.4491,46.2091],[-114.4442,46.1999],[-114.445,46.1859],[-114.4459,46.1739],[-114.4629,46.1681],[-114.476,46.1606],[-114.4889,46.1675],[-114.5016,46.1655],[-114.515,46.1674],[-114.5152,46.1556],[-114.5271,46.1462],[-114.5208,46.136],[-114.5214,46.126],[-114.5044,46.1184],[-114.4898,46.1135],[-114.4752,46.1132],[-114.4681,46.105],[-114.4598,46.0934],[-114.4625,46.0784],[-114.4714,46.0687],[-114.4747,46.0584],[-114.4935,46.0524],[-114.4983,46.042],[-114.5074,46.0319],[-114.4893,46.0279],[-114.4738,46.0166],[-114.4841,46.0082],[-114.485,45.9969],[-114.4643,45.9975],[-114.4476,45.9874],[-114.4294,45.9866],[-114.4191,45.9809],[-114.4102,45.9722],[-114.4022,45.9639],[-114.4069,45.9542],[-114.4249,45.9436],[-114.4276,45.9331],[-114.4149,45.9218],[-114.4132,45.9115],[-114.4043,45.9035],[-114.3937,45.893],[-114.3886,45.8822],[-114.3966,45.871],[-114.4096,45.8523],[-114.4383,45.8626],[-114.4569,45.8547],[-114.47,45.8515],[-114.4858,45.8516],[-114.499,45.8507],[-114.5152,45.8398],[-114.5126,45.8296],[-114.5296,45.8193],[-114.531,45.8099],[-114.5414,45.7992],[-114.5444,45.79],[-114.5616,45.7804],[-114.5575,45.7643],[-114.5441,45.7584],[-114.5459,45.7475],[-114.5357,45.7392],[-114.5267,45.7276],[-114.5042,45.7217],[-114.4982,45.7117],[-114.4968,45.6993],[-114.5086,45.6895],[-114.5009,45.6823],[-114.4996,45.6696],[-114.5091,45.6568],[-114.5231,45.6494],[-114.5384,45.6506],[-114.5423,45.642],[-114.5597,45.6406],[-114.5595,45.6284],[-114.5533,45.6189],[-114.5385,45.6078],[-114.5473,45.6001],[-114.5541,45.5912],[-114.5549,45.5822],[-114.5585,45.566],[-114.565,45.5578],[-114.5509,45.5596],[-114.533,45.5658],[-114.5163,45.568],[-114.5069,45.5593],[-114.4919,45.5571],[-114.4738,45.5633],[-114.4578,45.5617],[-114.4616,45.5509],[-114.4503,45.5422],[-114.437,45.5308],[-114.4291,45.5215],[-114.4247,45.5099],[-114.4027,45.5055],[-114.3878,45.502],[-114.3764,45.4951],[-114.3652,45.4856],[-114.3611,45.4744],[-114.3507,45.4665],[-114.34,45.4597],[-114.3239,45.4661],[-114.3095,45.4693],[-114.2998,45.4763],[-114.2863,45.4794],[-114.2704,45.4844],[-114.2607,45.4967],[-114.2585,45.5112],[-114.2471,45.5252],[-114.2487,45.5346],[-114.2484,45.5454],[-114.2272,45.5459],[-114.2123,45.5397],[-114.1922,45.5371],[-114.1865,45.5455],[-114.1719,45.5505],[-114.1539,45.5528],[-114.1362,45.557],[-114.129,45.5654],[-114.129,45.5774],[-114.0978,45.5868],[-114.0823,45.5968],[-114.0816,45.6111],[-114.0718,45.6177],[-114.067,45.628],[-114.0518,45.6327],[-114.0432,45.6405],[-114.0333,45.6482],[-114.0188,45.6485],[-114.0153,45.6634],[-114.0237,45.6706],[-114.0209,45.6806],[-114.019,45.6928],[-114.0053,45.6942],[-113.9936,45.7009],[-113.9715,45.7027],[-113.9691,45.6928],[-113.9511,45.6922],[-113.9391,45.6958],[-113.9342,45.6822],[-113.9291,45.6704],[-113.9195,45.6579],[-113.9084,45.6531],[-113.8973,45.6467],[-113.9022,45.6377],[-113.8999,45.6289],[-113.8933,45.6205],[-113.8742,45.6201],[-113.8612,45.6236],[-113.8486,45.6201],[-113.8389,45.6107],[-113.8252,45.6131],[-113.8126,45.6065],[-113.8045,45.5942],[-113.7971,45.5821],[-113.811,45.5746],[-113.8209,45.5661],[-113.8179,45.5567],[-113.8221,45.547],[-113.8294,45.5371],[-113.8331,45.5242],[-113.8183,45.522],[-113.8028,45.5232],[-113.7816,45.5219],[-113.7666,45.5209],[-113.7722,45.5122],[-113.7685,45.5027],[-113.7634,45.4915],[-113.76,45.4807],[-113.7756,45.4712],[-113.7836,45.4557],[-113.7748,45.4472],[-113.7768,45.435],[-113.765,45.4311],[-113.7703,45.4206],[-113.776,45.4085],[-113.7609,45.4065],[-113.7491,45.4028],[-113.7344,45.3924],[-113.7339,45.3817],[-113.7389,45.3681],[-113.7297,45.3557],[-113.7392,45.3461],[-113.7381,45.3284],[-113.7291,45.3205],[-113.7185,45.3134],[-113.71,45.301],[-113.7006,45.2925],[-113.6885,45.2867],[-113.6808,45.2793],[-113.6909,45.2728],[-113.6925,45.2634],[-113.6851,45.2551],[-113.6719,45.2488],[-113.6578,45.2414],[-113.6491,45.234],[-113.6429,45.2214],[-113.637,45.2129],[-113.6185,45.2027],[-113.6054,45.1927],[-113.5919,45.1842],[-113.5929,45.171],[-113.5909,45.1618],[-113.5839,45.1538],[-113.5708,45.148],[-113.5735,45.1364],[-113.5698,45.1243],[-113.5545,45.1187],[-113.5388,45.1123],[-113.5202,45.115],[-113.5059,45.1092],[-113.5117,45.0999],[-113.5226,45.0927],[-113.5141,45.0848],[-113.502,45.0812],[-113.4871,45.0747],[-113.4853,45.0635],[-113.465,45.0628],[-113.452,45.0592],[-113.451,45.0485],[-113.4558,45.0402],[-113.4462,45.0335],[-113.4487,45.0207],[-113.439,45.0098],[-113.4462,44.9993],[-113.4468,44.9869],[-113.4454,44.9747],[-113.4439,44.9602],[-113.4523,44.9522],[-113.4652,44.9479],[-113.4808,44.9503],[-113.4938,44.9485],[-113.4962,44.9375],[-113.4911,44.9268],[-113.4767,44.9118],[-113.4758,44.8986],[-113.467,44.8908],[-113.4626,44.8819],[-113.4563,44.8723],[-113.4521,44.8633],[-113.4394,44.8555],[-113.426,44.8484],[-113.4222,44.8378],[-113.4094,44.8408],[-113.3943,44.8369],[-113.3771,44.8348],[-113.3677,44.8251],[-113.3561,44.8198],[-113.3461,44.8006],[-113.3544,44.793],[-113.3418,44.7849],[-113.3295,44.7886],[-113.3195,44.7944],[-113.3009,44.7995],[-113.2853,44.8083],[-113.2727,44.8144],[-113.2591,44.8193],[-113.2465,44.8227],[-113.2393,44.8146],[-113.2217,44.8106],[-113.2092,44.809],[-113.1953,44.8023],[-113.1834,44.7936],[-113.174,44.7847],[-113.1634,44.7788],[-113.1498,44.7788],[-113.1318,44.773],[-113.1338,44.7635],[-113.1343,44.7523],[-113.1215,44.7472],[-113.1174,44.7333],[-113.1016,44.7294],[-113.0998,44.7177],[-113.1013,44.7062],[-113.094,44.6953],[-113.0799,44.6889],[-113.0678,44.6788],[-113.0697,44.669],[-113.0681,44.6583],[-113.0656,44.6493],[-113.0515,44.637],[-113.0534,44.622],[-113.0704,44.6163],[-113.0788,44.608],[-113.0876,44.6001],[-113.0739,44.5939],[-113.0627,44.5864],[-113.0454,44.5689],[-113.0368,44.5604],[-113.0478,44.5483],[-113.0379,44.5394],[-113.0227,44.5348],[-113.0132,44.5282],[-113.0054,44.5201],[-113.0159,44.5138],[-113.017,44.504],[-113.0265,44.4962],[-113.02,44.4837],[-113.0067,44.4717],[-113.0061,44.4572],[-112.9927,44.4456],[-112.9794,44.4336],[-112.9642,44.4238],[-112.9511,44.4174],[-112.9396,44.4125],[-112.9258,44.4105],[-112.9165,44.4042],[-112.9027,44.3991],[-112.8913,44.4055],[-112.8854,44.3968],[-112.8827,44.3871],[-112.8767,44.3775],[-112.8635,44.3695],[-112.8551,44.36],[-112.8419,44.3608],[-112.8299,44.3655],[-112.8138,44.3762],[-112.8119,44.3879],[-112.813,44.3977],[-112.8219,44.4074],[-112.8307,44.4159],[-112.8394,44.4238],[-112.8281,44.4315],[-112.8259,44.444],[-112.8154,44.4524],[-112.8025,44.4572],[-112.7972,44.4669],[-112.7855,44.4791],[-112.7722,44.4836],[-112.7552,44.4885],[-112.7393,44.491],[-112.7339,44.4998],[-112.7191,44.5043],[-112.698,44.4999],[-112.6859,44.4933],[-112.672,44.4914],[-112.6553,44.4871],[-112.6425,44.4899],[-112.6296,44.4883],[-112.602,44.4907],[-112.5848,44.4811],[-112.5697,44.4827],[-112.5493,44.4845],[-112.5347,44.4783],[-112.5182,44.4758],[-112.5114,44.4671],[-112.5002,44.463],[-112.4912,44.4703],[-112.4799,44.475],[-112.4644,44.4749],[-112.4553,44.4667],[-112.4419,44.4661],[-112.4339,44.4586],[-112.4165,44.4533],[-112.4026,44.4563],[-112.3908,44.4507],[-112.3783,44.4557],[-112.37,44.4657],[-112.364,44.4764],[-112.3585,44.4857],[-112.3583,44.496],[-112.3572,44.5058],[-112.3582,44.5199],[-112.3589,44.5288],[-112.3518,44.5379],[-112.3307,44.5384],[-112.315,44.5419],[-112.3129,44.5535],[-112.2982,44.5589],[-112.2887,44.5679],[-112.2756,44.5658],[-112.2588,44.5692],[-112.2428,44.5681],[-112.2293,44.5641],[-112.2271,44.5546],[-112.2217,44.5435],[-112.194,44.5369],[-112.1797,44.533],[-112.1646,44.5415],[-112.1489,44.5368],[-112.1352,44.5371],[-112.1262,44.5288],[-112.1146,44.525],[-112.1016,44.5208],[-112.0933,44.53],[-112.0808,44.5338],[-112.0633,44.5361],[-112.0508,44.5344],[-112.0374,44.5322],[-112.035,44.5427],[-112.0201,44.5433],[-112.0077,44.541],[-111.9964,44.5356],[-111.9802,44.5363],[-111.9692,44.5415],[-111.9613,44.549],[-111.9489,44.5563],[-111.935,44.558],[-111.9193,44.5575],[-111.8996,44.5576],[-111.8897,44.5646],[-111.874,44.5627],[-111.8636,44.5513],[-111.8518,44.5428],[-111.845,44.5321],[-111.8358,44.5226],[-111.8243,44.5107],[-111.8114,44.5113],[-111.8076,44.5207],[-111.7954,44.5266],[-111.7828,44.5245],[-111.7726,44.5301],[-111.7592,44.533],[-111.7464,44.5408],[-111.7311,44.5427],[-111.7156,44.5434],[-111.7052,44.5568],[-111.6912,44.5566],[-111.6736,44.5567],[-111.6611,44.5541],[-111.6459,44.5547],[-111.6327,44.5533],[-111.6173,44.5503],[-111.6047,44.553],[-111.5919,44.5593],[-111.5686,44.5577],[-111.5552,44.5551],[-111.5364,44.5506],[-111.5236,44.5479],[-111.5153,44.537],[-111.5007,44.5405],[-111.4856,44.5417],[-111.4696,44.54],[-111.4684,44.5515],[-111.4814,44.5559],[-111.492,44.5608],[-111.5048,44.562],[-111.5009,44.5713],[-111.5178,44.5822],[-111.5238,44.5946],[-111.5214,44.6036],[-111.5224,44.6131],[-111.5132,44.6213],[-111.5025,44.6268],[-111.5117,44.6389],[-111.5025,44.6464],[-111.4906,44.6497],[-111.4776,44.6603],[-111.4759,44.6695],[-111.4685,44.6787],[-111.4815,44.6854],[-111.4838,44.6945],[-111.4888,44.7056],[-111.4749,44.7086],[-111.4557,44.7161],[-111.4427,44.7202],[-111.4262,44.7175],[-111.4158,44.7109],[-111.4038,44.7213],[-111.3986,44.7307],[-111.3955,44.74],[-111.3925,44.7524],[-111.3771,44.7512],[-111.3663,44.7422],[-111.3552,44.7272],[-111.3416,44.7294],[-111.3288,44.7315],[-111.3225,44.7188],[-111.3068,44.7077],[-111.296,44.7021],[-111.2963,44.6911],[-111.2803,44.683],[-111.2697,44.6688],[-111.2756,44.6567],[-111.2713,44.6473],[-111.2532,44.6512],[-111.243,44.6434],[-111.2291,44.6311],[-111.2201,44.623],[-111.24,44.6148],[-111.2351,44.6054],[-111.2326,44.5894],[-111.2275,44.5772],[-111.2073,44.5751],[-111.1937,44.5731],[-111.181,44.5692],[-111.1807,44.5549],[-111.1589,44.5463],[-111.1506,44.535],[-111.1314,44.5324],[-111.1386,44.5189],[-111.1307,44.5001],[-111.1197,44.4943],[-111.1072,44.4869],[-111.092,44.4864],[-111.0773,44.4833],[-111.0647,44.4786],[-111.049,44.4741],[-111.0492,44.4381],[-111.0491,44.3749],[-111.0497,44.3536],[-111.0491,44.1324],[-111.0485,44.1148],[-111.0486,44.0629],[-111.0491,44.0201],[-111.0473,43.9999],[-111.0471,43.9835],[-111.0465,43.9084],[-111.0466,43.8615],[-111.0467,43.8288],[-111.0467,43.8158],[-111.0466,43.7833],[-111.0464,43.7508],[-111.0463,43.727],[-111.0461,43.6878],[-111.0457,43.6591],[-111.0456,43.641],[-111.0456,43.6202],[-111.0455,43.5831],[-111.0453,43.5434],[-111.0452,43.5011],[-111.0446,43.3157],[-111.0442,43.2004],[-111.0442,43.1892],[-111.0443,43.1772],[-111.0441,43.0724],[-111.0441,43.0603],[-111.0441,43.0463],[-111.0441,43.0293],[-111.0441,43.0194],[-111.0441,43.0022],[-111.044,42.9826],[-111.044,42.9695],[-111.044,42.9535],[-111.0441,42.8749],[-111.0441,42.8574],[-111.0439,42.8096],[-111.0438,42.7867],[-111.0436,42.7226],[-111.0447,42.657],[-111.046,42.5827],[-111.0467,42.5139],[-111.0468,42.5049],[-111.047,42.4009],[-111.0471,42.3495],[-111.0471,42.2808],[-111.0471,42.1948],[-111.0471,42.1827],[-111.0471,42.149],[-111.0467,42.0017],[-111.1763,42.0014],[-111.2827,42.0013],[-111.3,42.0012],[-111.3167,42.0012],[-111.449,42.0002],[-111.478,41.9996],[-111.5078,41.9995],[-111.6134,41.9993],[-111.7397,41.9993],[-111.7986,41.999],[-111.8128,41.9989],[-111.8368,41.9987],[-111.8961,41.9986],[-111.9251,41.9986],[-111.945,41.9986],[-111.9743,41.9985],[-112.0122,41.9983],[-112.0268,41.9982],[-112.0407,41.9981],[-112.1039,41.9978],[-112.1538,41.9972],[-112.1731,42.0015],[-112.186,42.0012],[-112.2207,42.0012],[-112.2364,42.0012],[-112.2649,42.0012],[-112.3648,42.0011],[-112.4407,42.0008],[-112.5086,42.0008],[-112.6477,42.0003],[-112.687,42.0002],[-112.7094,42.0001],[-112.7751,41.9998],[-112.8335,41.9994],[-112.8823,41.9991],[-112.9512,41.9986],[-112.9794,41.9983],[-113.0,41.9982],[-113.0416,41.9979],[-113.0932,41.9974],[-113.1868,41.9965],[-113.2928,41.9955],[-113.3585,41.9947],[-113.3967,41.9943],[-113.4636,41.9935],[-113.5261,41.9927],[-113.6012,41.9918],[-113.6492,41.9911],[-113.6769,41.9908],[-113.7647,41.9895],[-113.8433,41.9884],[-113.8677,41.9882],[-113.9016,41.9886],[-113.9327,41.99],[-113.9901,41.9931],[-114.0415,41.9939],[-114.0618,41.9938],[-114.1073,41.9938],[-114.2818,41.9942],[-114.4676,41.9955],[-114.4982,41.9946],[-114.5983,41.9945],[-114.6511,41.9961],[-114.6693,41.9967],[-114.7207,41.9982],[-114.8064,42.0018],[-114.8311,42.0022],[-114.8759,42.0013],[-114.8992,41.9999],[-114.9142,41.9999],[-114.9724,41.998],[-115.0318,41.996],[-115.2508,41.9962],[-115.3139,41.9961],[-115.57,41.9968],[-115.5868,41.9969],[-115.6259,41.9974],[-115.7111,41.9972],[-115.7332,41.9971],[-115.8702,41.9968],[-115.9416,41.9965],[-115.9868,41.9964],[-116.0471,41.9963],[-116.066,41.9975],[-116.1176,41.9975],[-116.1467,41.9975],[-116.1608,41.9975],[-116.3328,41.9973],[-116.3685,41.9963],[-116.4099,41.9966],[-116.4671,41.997],[-116.4844,41.9972],[-116.4982,41.9974],[-116.5253,41.9976],[-116.5822,41.9978],[-116.6259,41.9974],[-116.8623,41.9986],[-116.9692,41.999],[-117.0093,41.9981],[-117.0262,41.9999],[-117.0261,42.1176],[-117.0266,42.1333],[-117.0262,42.1664],[-117.0261,42.3572],[-117.0266,42.3786],[-117.0266,42.4305],[-117.0266,42.5522],[-117.0267,42.6249],[-117.0263,42.807],[-117.0267,43.0249],[-117.0267,43.3153],[-117.0267,43.4208],[-117.0267,43.5457],[-117.0267,43.5647],[-117.0267,43.5737],[-117.0269,43.5936],[-117.0268,43.6107],[-117.027,43.621],[-117.0267,43.6317],[-117.0267,43.6644],[-117.0267,43.6755],[-117.0267,43.6937],[-117.0268,43.7062],[-117.0268,43.7329],[-117.0266,43.8081],[-117.0221,43.8173],[-117.0279,43.8263],[-117.0252,43.8413],[-117.0104,43.8448],[-117.0199,43.8538],[-117.0108,43.8623],[-116.9914,43.8639],[-116.9822,43.8712],[-116.9838,43.8808],[-116.9762,43.8946],[-116.9773,43.9058],[-116.9796,43.9153],[-116.9626,43.9175],[-116.9594,43.9277],[-116.9676,43.9348],[-116.9643,43.9443],[-116.9604,43.9546],[-116.9723,43.9584],[-116.9598,43.9638],[-116.9709,43.9683],[-116.9734,43.9771],[-116.9599,43.9829],[-116.9428,43.984],[-116.9424,43.9994],[-116.9359,44.0127],[-116.9347,44.0219],[-116.9434,44.0356],[-116.9557,44.0426],[-116.972,44.0486],[-116.9746,44.059],[-116.977,44.0818],[-116.9672,44.0909],[-116.9431,44.0941],[-116.9337,44.1],[-116.9277,44.1094],[-116.9256,44.1189],[-116.9164,44.1255],[-116.9112,44.14],[-116.9017,44.1486],[-116.8943,44.1581],[-116.8958,44.1713],[-116.9028,44.1795],[-116.9157,44.1832],[-116.9254,44.1915],[-116.9393,44.1938],[-116.9655,44.1941],[-116.9737,44.208],[-116.9702,44.2175],[-116.974,44.2298],[-116.9735,44.24],[-116.9869,44.2455],[-117.001,44.2454],[-117.0156,44.2454],[-117.0276,44.2489],[-117.0423,44.2428],[-117.0455,44.232],[-117.0594,44.2372],[-117.0742,44.2477],[-117.0895,44.2582],[-117.0936,44.2694],[-117.1022,44.2788],[-117.118,44.2789],[-117.1309,44.2695],[-117.1385,44.2594],[-117.1571,44.2575],[-117.1703,44.2589],[-117.1931,44.271],[-117.217,44.2884],[-117.2226,44.2976],[-117.2178,44.3072],[-117.2055,44.3118],[-117.1922,44.3286],[-117.1961,44.3464],[-117.207,44.3552],[-117.2279,44.368],[-117.243,44.391],[-117.2348,44.3997],[-117.2255,44.4077],[-117.2183,44.4207],[-117.2146,44.448],[-117.217,44.459],[-117.2215,44.4701],[-117.2259,44.4794],[-117.2164,44.4862],[-117.2002,44.492],[-117.1925,44.5033],[-117.1898,44.5134],[-117.1816,44.523],[-117.1672,44.5234],[-117.1524,44.5318],[-117.1442,44.5456],[-117.1429,44.5572],[-117.146,44.5686],[-117.134,44.5752],[-117.1248,44.5838],[-117.1253,44.5938],[-117.1205,44.6147],[-117.1148,44.6249],[-117.0982,44.6407],[-117.095,44.652],[-117.0959,44.6647],[-117.0861,44.6718],[-117.0786,44.6803],[-117.0787,44.6901],[-117.0722,44.7005],[-117.0618,44.7067],[-117.0605,44.7217],[-117.0505,44.7325],[-117.0478,44.7415],[-117.0383,44.7482],[-117.0214,44.7508],[-117.006,44.756],[-116.992,44.7592],[-116.9778,44.768],[-116.9668,44.7752],[-116.949,44.778],[-116.9368,44.7829],[-116.9308,44.791],[-116.9311,44.8048],[-116.9205,44.8144],[-116.9058,44.8348],[-116.8984,44.8423],[-116.8986,44.852],[-116.8836,44.8583],[-116.876,44.8667],[-116.857,44.8808],[-116.8505,44.8935],[-116.8461,44.9052],[-116.8421,44.9149],[-116.8385,44.9236],[-116.8357,44.9406],[-116.8465,44.9515],[-116.8479,44.9648],[-116.8364,44.9692],[-116.8263,44.9825],[-116.839,44.984],[-116.8443,44.9749],[-116.8583,44.9788],[-116.8461,44.9999],[-116.8448,45.0153],[-116.8427,45.0294],[-116.8261,45.0373],[-116.8146,45.0481],[-116.7973,45.0603],[-116.7837,45.077],[-116.7842,45.0881],[-116.7748,45.1055],[-116.7546,45.114],[-116.7486,45.1229],[-116.7455,45.133],[-116.734,45.1383],[-116.7275,45.156],[-116.7242,45.1649],[-116.7095,45.203],[-116.7097,45.2172],[-116.7042,45.228],[-116.7032,45.2408],[-116.6956,45.2554],[-116.6872,45.2676],[-116.6756,45.2749],[-116.6722,45.2889],[-116.6726,45.298],[-116.6746,45.3143],[-116.6533,45.3511],[-116.6266,45.388],[-116.6191,45.3982],[-116.5974,45.4128],[-116.5924,45.4274],[-116.5882,45.4429],[-116.5759,45.4525],[-116.564,45.4602],[-116.555,45.4728],[-116.5532,45.4959],[-116.5566,45.5062],[-116.5438,45.5142],[-116.5355,45.5251],[-116.5275,45.5396],[-116.5239,45.5482],[-116.5175,45.5568],[-116.504,45.561],[-116.4903,45.5745],[-116.4834,45.5826],[-116.4747,45.5918],[-116.4636,45.6028],[-116.4635,45.6158],[-116.4729,45.6249],[-116.481,45.6322],[-116.4833,45.6415],[-116.4945,45.6557],[-116.5123,45.6702],[-116.524,45.6776],[-116.5354,45.6917],[-116.538,45.7149],[-116.5357,45.7342],[-116.5439,45.747],[-116.5535,45.7534],[-116.5774,45.7675],[-116.593,45.7785],[-116.632,45.785],[-116.6463,45.7798],[-116.6596,45.78],[-116.6801,45.7936],[-116.687,45.8063],[-116.6972,45.8201],[-116.7084,45.8251],[-116.7363,45.8262],[-116.751,45.8185],[-116.7827,45.8254],[-116.7891,45.8335],[-116.7878,45.8443],[-116.7945,45.8561],[-116.8141,45.8776],[-116.83,45.8864],[-116.8435,45.8923],[-116.8573,45.9042],[-116.8665,45.917],[-116.8705,45.9324],[-116.8757,45.945],[-116.876,45.9544],[-116.8909,45.96],[-116.8947,45.9697],[-116.9005,45.9828],[-116.9114,45.9889],[-116.9187,45.9999],[-116.9212,46.0135],[-116.9298,46.0236],[-116.9297,46.0347],[-116.9359,46.0436],[-116.9435,46.0544],[-116.9486,46.0679],[-116.9574,46.0754],[-116.9789,46.08],[-116.9825,46.0894],[-116.9741,46.0977],[-116.9595,46.0991],[-116.9513,46.1112],[-116.9503,46.1235],[-116.9406,46.1324],[-116.9355,46.1424],[-116.9344,46.1542],[-116.9226,46.1607],[-116.924,46.1709],[-116.9397,46.1795],[-116.9524,46.1935],[-116.963,46.1997],[-116.9661,46.2095],[-116.9594,46.2198],[-116.9553,46.2309],[-116.9588,46.2423],[-116.9644,46.2533],[-116.9726,46.2633],[-116.9874,46.2729],[-116.9849,46.2897],[-116.9898,46.2994],[-117.0075,46.3053],[-117.0207,46.3148],[-117.0234,46.3264],[-117.0238,46.336],[-117.0344,46.3413],[-117.0517,46.3438],[-117.0626,46.3525],[-117.0628,46.3653],[-117.0531,46.3747],[-117.0419,46.3922],[-117.0383,46.406],[-117.0347,46.4183],[-117.0398,46.4347],[-117.0398,46.4543],[-117.0398,46.4696],[-117.0397,46.5417],[-117.0395,46.6208],[-117.0395,46.6381],[-117.0394,46.7002],[-117.0395,46.7186],[-117.0395,46.7324],[-117.0398,46.8154],[-117.0397,46.8258],[-117.0397,46.8734],[-117.0397,46.9124],[-117.0397,46.9611],[-117.0398,47.0489],[-117.0398,47.0902],[-117.0398,47.1231],[-117.0398,47.134],[-117.0398,47.1547],[-117.0399,47.1819],[-117.0399,47.2033],[-117.0399,47.2255],[-117.04,47.2402],[-117.04,47.2593],[-117.0399,47.3105],[-117.0398,47.3472],[-117.0401,47.366],[-117.0399,47.3991],[-117.0399,47.4124],[-117.0399,47.4349],[-117.04,47.4633],[-117.0399,47.4778],[-117.0405,47.5223],[-117.0407,47.5329],[-117.0413,47.5582],[-117.0409,47.5715],[-117.0409,47.5847],[-117.041,47.5985],[-117.0411,47.6218],[-117.0414,47.6781],[-117.0416,47.6954],[-117.0416,47.7045],[-117.0417,47.7227],[-117.0416,47.7353],[-117.0421,47.7451],[-117.0427,47.7609],[-117.0421,47.7786],[-117.042,47.8224],[-117.0423,47.8325],[-117.0425,47.8613],[-117.0424,47.8745],[-117.0424,47.8861],[-117.0424,47.9584],[-117.0423,47.9775],[-117.0417,48.0455],[-117.0414,48.0855],[-117.0411,48.1249],[-117.0398,48.1666],[-117.0394,48.1773],[-117.0393,48.1918],[-117.0386,48.2079],[-117.0375,48.2598],[-117.0352,48.3709],[-117.0353,48.4227],[-117.0353,48.4382],[-117.0354,48.4788],[-117.0354,48.4999],[-117.0349,48.5689],[-117.0346,48.6082],[-117.0345,48.6208],[-117.0337,48.6553],[-117.0333,48.7499],[-117.0324,48.8467],[-117.0321,48.8749],[-117.0324,48.9992],[-116.7572,48.9998],[-116.5403,48.9999],[-116.5042,48.9999],[-116.4408,49.0001],[-116.3826,49.0001],[-116.3545,49.0001],[-116.3363,49.0001],[-116.2757,49.0],[-116.178,49.0001],[-116.1274,49.0001],[-116.0635,49.0001],[-116.0491,49.0001]]}},{"type":"Feature","properties":{},"geometry":{"type":"LineString","coordinates":[[-116.0271,49.0],[-116.0101,49.001],[-115.9929,49.001],[-115.9644,49.0009],[-115.5514,49.0008],[-115.52,49.0007],[-115.5026,49.0007],[-115.4844,49.0],[-115.4544,49.0],[-115.3742,49.0001],[-115.2673,48.9995],[-115.2079,48.9992],[-115.1923,48.9993],[-115.1707,48.9993],[-115.0558,48.9997],[-114.9515,49.0001],[-114.8976,49.0001],[-114.8619,49.0001],[-114.8003,49.0001],[-114.7837,49.0],[-114.7635,49.0],[-114.7262,49.0001],[-114.6767,49.0003],[-114.6378,49.0008],[-114.6122,49.0008],[-114.5061,49.001],[-114.4918,49.001],[-114.4572,49.0011],[-114.4106,49.0012],[-114.3668,49.001],[-114.3528,49.0009],[-114.3137,49.0008],[-114.2366,49.0002],[-114.2011,48.9992],[-114.1802,48.9997],[-114.1066,48.9992],[-114.0683,48.9989],[-114.0532,48.9989],[-114.0204,48.9988],[-114.0003,48.9987],[-113.9598,48.9987],[-113.9062,48.9987],[-113.8838,48.9985],[-113.8641,48.9983],[-113.7618,48.9979],[-113.717,48.9976],[-113.7016,48.9977],[-113.6819,48.9977],[-113.6609,48.9977],[-113.6185,48.9979],[-113.5302,48.9979],[-113.504,48.9979],[-113.4742,48.998],[-113.3789,48.9981],[-113.3412,48.9982],[-113.2579,48.9983],[-113.1422,48.9984],[-113.1245,48.9985],[-113.1102,48.9986],[-113.0954,48.9985],[-113.0777,48.9985],[-113.0108,48.9986],[-112.9968,48.9986],[-112.9609,48.9986],[-112.9432,48.9985],[-112.7883,48.9986],[-112.7524,48.9986],[-112.699,48.9987],[-112.6317,48.9987],[-112.5601,48.9987],[-112.5257,48.9987],[-112.5003,48.9988],[-112.4108,48.9987],[-112.2997,48.9987],[-112.2772,48.9987],[-112.2532,48.9987],[-112.2312,48.9987],[-112.2091,48.9987],[-112.1652,48.9987],[-112.1438,48.9987],[-112.1173,48.9987],[-112.0599,48.9987],[-112.0149,48.9986],[-111.9999,48.9985],[-111.9728,48.9984],[-111.9579,48.9984],[-111.9425,48.9985],[-111.9204,48.9983],[-111.8841,48.9981],[-111.8412,48.9979],[-111.8087,48.9977],[-111.7866,48.9976],[-111.7652,48.9976],[-111.6846,48.9972],[-111.6661,48.9971],[-111.6307,48.997],[-111.609,48.9968],[-111.5845,48.9968],[-111.5461,48.9967],[-111.5257,48.9968],[-111.5073,48.9968],[-111.4768,48.9969],[-111.3966,48.997],[-111.3779,48.997],[-111.341,48.9972],[-111.2964,48.9972],[-111.2699,48.9972],[-111.0039,48.9975],[-110.99,48.9976],[-110.8875,48.9981],[-110.7431,48.9986],[-110.7204,48.9986],[-110.6738,48.9987],[-110.6368,48.9987],[-110.5942,48.9989],[-110.5746,48.9988],[-110.5433,48.9985]]}},{"type":"Feature","properties":{},"geometry":{"type":"LineString","coordinates":[[-110.577,44.9925],[-110.7045,44.9922],[-110.7527,44.9971],[-110.7901,45.0009],[-110.9901,45.0008],[-111.0451,45.0009],[-111.0545,44.9394],[-111.0544,44.8604],[-111.0542,44.8138],[-111.0541,44.7527],[-111.054,44.7262],[-111.0536,44.6663],[-111.0526,44.4997],[-111.0524,44.4784],[-111.0702,44.4822],[-111.092,44.4864],[-111.1072,44.4869],[-111.1197,44.4943],[-111.1307,44.5001],[-111.1386,44.5169],[-111.1314,44.5324],[-111.1506,44.535],[-111.1589,44.5463],[-111.1738,44.5493],[-111.1802,44.5664],[-111.1937,44.5731],[-111.2073,44.5751],[-111.2204,44.5769],[-111.2321,44.585],[-111.2323,44.5975],[-111.2403,44.6137],[-111.2272,44.6183],[-111.2291,44.6311],[-111.2424,44.643],[-111.2531,44.65],[-111.2688,44.6472],[-111.2805,44.6548],[-111.2718,44.6625],[-111.2768,44.6759],[-111.2881,44.6861],[-111.2972,44.6936],[-111.3003,44.7039],[-111.3179,44.7145],[-111.3237,44.7246],[-111.3325,44.7313],[-111.3481,44.7253],[-111.3619,44.7349],[-111.3751,44.7485],[-111.3851,44.7549],[-111.3974,44.7468],[-111.3994,44.7343],[-111.3978,44.7241],[-111.4077,44.7165],[-111.425,44.7147],[-111.4427,44.7202],[-111.4557,44.7161],[-111.4717,44.7098],[-111.4853,44.7078],[-111.4872,44.6979],[-111.4849,44.6876],[-111.4739,44.6815],[-111.4759,44.6695],[-111.4776,44.6603],[-111.4875,44.6537],[-111.4914,44.6438],[-111.5044,44.6445],[-111.5165,44.6409],[-111.5076,44.6325],[-111.5132,44.6213],[-111.5224,44.6131],[-111.5249,44.6041],[-111.5238,44.5946],[-111.5193,44.5842],[-111.507,44.5768],[-111.5084,44.5675],[-111.492,44.5608],[-111.4814,44.5559],[-111.468,44.555],[-111.4676,44.5446],[-111.4838,44.5408],[-111.4975,44.5421],[-111.5087,44.5362],[-111.5184,44.5436],[-111.5364,44.5506],[-111.5459,44.5566],[-111.5628,44.5552],[-111.5801,44.5597],[-111.6011,44.5541],[-111.6127,44.5488],[-111.6327,44.5533],[-111.6459,44.5547],[-111.6593,44.5527],[-111.6736,44.5567],[-111.6851,44.5609],[-111.7017,44.56],[-111.7094,44.5502],[-111.7211,44.544],[-111.7372,44.5431],[-111.7592,44.533],[-111.7726,44.5301],[-111.7828,44.5245],[-111.7954,44.5266],[-111.8076,44.5207],[-111.8081,44.5112],[-111.8215,44.5089],[-111.8309,44.5168],[-111.8423,44.5262],[-111.8493,44.5398],[-111.8563,44.5477],[-111.8649,44.5571],[-111.8688,44.5658],[-111.8795,44.5604],[-111.8918,44.5641],[-111.9083,44.5564],[-111.9238,44.5573],[-111.9411,44.5562],[-111.9512,44.5499],[-111.9622,44.5452],[-111.9716,44.5376],[-111.9886,44.5372],[-112.0029,44.5378],[-112.0164,44.5419],[-112.0327,44.5466],[-112.0341,44.5377],[-112.0324,44.5287],[-112.0452,44.5334],[-112.0633,44.5361],[-112.0808,44.5338],[-112.0933,44.53],[-112.1016,44.5208],[-112.1146,44.525],[-112.1262,44.5288],[-112.132,44.5378],[-112.1451,44.5393],[-112.1646,44.5415],[-112.1776,44.5352],[-112.194,44.5369],[-112.2217,44.5435],[-112.2289,44.5532],[-112.2301,44.5628],[-112.2428,44.5681],[-112.2569,44.5713],[-112.2756,44.5658],[-112.2887,44.5679],[-112.2973,44.5607],[-112.3096,44.5561],[-112.315,44.5419],[-112.3307,44.5384],[-112.3488,44.5387],[-112.3589,44.5288],[-112.3582,44.5199],[-112.3579,44.5102],[-112.3568,44.498],[-112.3585,44.4857],[-112.364,44.4764],[-112.3667,44.4671],[-112.3783,44.4557],[-112.3863,44.4478],[-112.3987,44.4532],[-112.4165,44.4533],[-112.433,44.4545],[-112.4409,44.4648],[-112.4553,44.4667],[-112.4604,44.4751],[-112.472,44.4791],[-112.4836,44.4744],[-112.4941,44.4682],[-112.5088,44.4653],[-112.5134,44.4747],[-112.5347,44.4783],[-112.5474,44.4831],[-112.5697,44.4827],[-112.5827,44.4821],[-112.602,44.4907],[-112.6194,44.4871],[-112.633,44.491],[-112.6553,44.4871],[-112.672,44.4914],[-112.6859,44.4933],[-112.698,44.4999],[-112.7191,44.5043],[-112.7339,44.4998],[-112.7393,44.491],[-112.7552,44.4885],[-112.7722,44.4836],[-112.7855,44.4791],[-112.7972,44.4669],[-112.8025,44.4572],[-112.8154,44.4524],[-112.8259,44.444],[-112.8276,44.4329],[-112.8394,44.4251],[-112.8307,44.4159],[-112.8219,44.4074],[-112.8111,44.3989],[-112.8119,44.3879],[-112.8132,44.3767],[-112.8299,44.3655],[-112.8419,44.3608],[-112.8551,44.36],[-112.8635,44.3695],[-112.8767,44.3775],[-112.8827,44.3871],[-112.8854,44.3968],[-112.8913,44.4055],[-112.9027,44.3991],[-112.9165,44.4042],[-112.9258,44.4105],[-112.9396,44.4125],[-112.9511,44.4174],[-112.9642,44.4238],[-112.9794,44.4336],[-112.9927,44.4456],[-113.0051,44.4537],[-113.0088,44.4659],[-113.02,44.4837],[-113.0265,44.4946],[-113.017,44.504],[-113.0159,44.5138],[-113.0054,44.5201],[-113.0132,44.5282],[-113.0227,44.5348],[-113.0379,44.5394],[-113.0478,44.5483],[-113.0368,44.5604],[-113.0454,44.5689],[-113.0672,44.5791],[-113.0663,44.5887],[-113.0798,44.5965],[-113.0788,44.608],[-113.0704,44.6163],[-113.0571,44.6186],[-113.0498,44.6291],[-113.059,44.6435],[-113.0646,44.6528],[-113.0697,44.669],[-113.0678,44.6788],[-113.0814,44.6834],[-113.094,44.6953],[-113.1013,44.7062],[-113.1015,44.7163],[-113.1023,44.7258],[-113.1121,44.7333],[-113.1215,44.7472],[-113.1343,44.7523],[-113.1338,44.7635],[-113.1318,44.773],[-113.1473,44.7771],[-113.1594,44.7809],[-113.174,44.7847],[-113.1834,44.7936],[-113.1953,44.8023],[-113.2092,44.809],[-113.2217,44.8106],[-113.2377,44.8139],[-113.2465,44.8227],[-113.2591,44.8193],[-113.2727,44.8144],[-113.2853,44.8083],[-113.2994,44.8026],[-113.3195,44.7944],[-113.3295,44.7886],[-113.3418,44.7849],[-113.353,44.7909],[-113.3467,44.7989],[-113.3561,44.8198],[-113.3677,44.8251],[-113.3771,44.8348],[-113.3905,44.8377],[-113.4094,44.8408],[-113.4216,44.8376],[-113.426,44.8484],[-113.4394,44.8555],[-113.4521,44.8633],[-113.4563,44.8723],[-113.4626,44.8819],[-113.467,44.8908],[-113.478,44.8963],[-113.4745,44.9056],[-113.4846,44.92],[-113.4926,44.9306],[-113.4984,44.9417],[-113.4877,44.9469],[-113.4725,44.9482],[-113.4604,44.9523],[-113.4468,44.9554],[-113.4494,44.97],[-113.4465,44.9832],[-113.4466,44.9978],[-113.4379,45.0073],[-113.4487,45.0207],[-113.4462,45.0335],[-113.4558,45.0402],[-113.451,45.0485],[-113.452,45.0592],[-113.465,45.0628],[-113.4853,45.0635],[-113.4871,45.0747],[-113.502,45.0812],[-113.5141,45.0848],[-113.5225,45.0917],[-113.5117,45.0999],[-113.5059,45.1092],[-113.5132,45.1168],[-113.5296,45.1164],[-113.5501,45.113],[-113.5676,45.1243],[-113.5766,45.1315],[-113.5674,45.1432],[-113.58,45.1484],[-113.5907,45.1559],[-113.5943,45.1668],[-113.5896,45.1776],[-113.5972,45.1865],[-113.6107,45.1973],[-113.637,45.2129],[-113.6429,45.2214],[-113.6491,45.234],[-113.6578,45.2414],[-113.6719,45.2488],[-113.6846,45.2531],[-113.6925,45.2634],[-113.6909,45.2728],[-113.6808,45.2793],[-113.6885,45.2867],[-113.7006,45.2925],[-113.71,45.301],[-113.7158,45.3114],[-113.7237,45.3189],[-113.7354,45.325],[-113.7402,45.344],[-113.7344,45.3531],[-113.7334,45.3631],[-113.7332,45.3728],[-113.7326,45.3864],[-113.7439,45.3966],[-113.7609,45.4065],[-113.7742,45.4065],[-113.7767,45.4168],[-113.7642,45.4223],[-113.7735,45.4317],[-113.7748,45.4472],[-113.7836,45.4557],[-113.7746,45.463],[-113.7681,45.4739],[-113.7604,45.4867],[-113.7657,45.5011],[-113.7696,45.5097],[-113.7663,45.5203],[-113.7816,45.5219],[-113.7966,45.5235],[-113.8091,45.5199],[-113.8254,45.5213],[-113.8284,45.5323],[-113.8237,45.5462],[-113.8179,45.5567],[-113.821,45.5654],[-113.811,45.5746],[-113.7984,45.5816],[-113.8045,45.5942],[-113.8126,45.6065],[-113.8229,45.6121],[-113.8389,45.6107],[-113.8478,45.6172],[-113.8612,45.6236],[-113.8742,45.6201],[-113.8895,45.6179],[-113.9037,45.6216],[-113.9017,45.631],[-113.8979,45.641],[-113.9036,45.6512],[-113.9159,45.657],[-113.9251,45.6681],[-113.9311,45.6776],[-113.934,45.6917],[-113.9483,45.693],[-113.9619,45.6897],[-113.9708,45.699],[-113.9881,45.7057],[-113.9976,45.6967],[-114.0118,45.6939],[-114.0148,45.6841],[-114.0274,45.6758],[-114.0153,45.6634],[-114.0188,45.6485],[-114.0333,45.6482],[-114.0432,45.6405],[-114.0518,45.6327],[-114.067,45.628],[-114.0718,45.6177],[-114.0816,45.6111],[-114.0823,45.5968],[-114.0978,45.5868],[-114.1216,45.5843],[-114.1321,45.5722],[-114.1338,45.5613],[-114.1504,45.5578],[-114.1655,45.5523],[-114.1796,45.551],[-114.1922,45.5371],[-114.2123,45.5397],[-114.2272,45.5459],[-114.2484,45.5454],[-114.2487,45.5346],[-114.2471,45.5252],[-114.2535,45.5151],[-114.2607,45.4967],[-114.2704,45.4844],[-114.2863,45.4794],[-114.2998,45.4763],[-114.3095,45.4693],[-114.3239,45.4661],[-114.3344,45.4591],[-114.3507,45.4665],[-114.3611,45.4744],[-114.3652,45.4856],[-114.3764,45.4951],[-114.3878,45.502],[-114.4027,45.5055],[-114.418,45.5097],[-114.4295,45.5175],[-114.4306,45.5295],[-114.4399,45.537],[-114.4569,45.5442],[-114.4628,45.554],[-114.4719,45.5652],[-114.4853,45.5618],[-114.4983,45.5555],[-114.5154,45.5658],[-114.5276,45.5708],[-114.542,45.5638],[-114.5526,45.557],[-114.5655,45.5626],[-114.5562,45.5734],[-114.5583,45.5843],[-114.5493,45.5953],[-114.5385,45.6058],[-114.545,45.6171],[-114.5595,45.6284],[-114.564,45.6376],[-114.546,45.643],[-114.5384,45.6506],[-114.5231,45.6494],[-114.5127,45.656],[-114.4996,45.6696],[-114.499,45.6787],[-114.5138,45.6838],[-114.5014,45.6937],[-114.4954,45.7031],[-114.5025,45.7175],[-114.5152,45.7274],[-114.5308,45.7333],[-114.5465,45.743],[-114.5469,45.7527],[-114.5512,45.7639],[-114.5665,45.7733],[-114.553,45.7873],[-114.545,45.7979],[-114.531,45.8099],[-114.5296,45.8193],[-114.5144,45.8271],[-114.5152,45.8398],[-114.504,45.8459],[-114.4858,45.8516],[-114.4749,45.8466],[-114.4616,45.8551],[-114.4487,45.8591],[-114.4215,45.8552],[-114.405,45.8671],[-114.3918,45.8795],[-114.3887,45.8921],[-114.3951,45.9008],[-114.4132,45.9115],[-114.4149,45.9218],[-114.4276,45.9331],[-114.4249,45.9436],[-114.4134,45.9498],[-114.4025,45.9579],[-114.4061,45.97],[-114.4191,45.9809],[-114.4294,45.9866],[-114.4476,45.9874],[-114.4575,45.9974],[-114.4741,45.9922],[-114.4878,46.0036],[-114.4735,46.0131],[-114.4805,46.0304],[-114.5001,46.0285],[-114.5062,46.0389],[-114.4929,46.0502],[-114.4813,46.0553],[-114.4694,46.0618],[-114.4716,46.0759],[-114.4609,46.0853],[-114.4605,46.0978],[-114.471,46.1059],[-114.4862,46.1134],[-114.5017,46.1191],[-114.5205,46.1249],[-114.5178,46.135],[-114.527,46.1449],[-114.5147,46.1536],[-114.5156,46.1661],[-114.5016,46.1655],[-114.4889,46.1675],[-114.476,46.1606],[-114.4642,46.1657],[-114.4452,46.1679],[-114.445,46.1859],[-114.4442,46.1999],[-114.4491,46.2091],[-114.4458,46.2195],[-114.4486,46.233],[-114.4543,46.2417],[-114.4665,46.2471],[-114.469,46.2596],[-114.4669,46.272],[-114.4537,46.2709],[-114.4354,46.2766],[-114.4273,46.2836],[-114.4307,46.3002],[-114.4309,46.3115],[-114.4225,46.3241],[-114.4143,46.3355],[-114.4136,46.3467],[-114.4105,46.3651],[-114.4168,46.3754],[-114.4222,46.3873],[-114.4104,46.3961],[-114.3991,46.4051],[-114.3868,46.4101],[-114.3837,46.4191],[-114.3814,46.4339],[-114.3688,46.4365],[-114.3841,46.4465],[-114.3806,46.4574],[-114.3831,46.4662],[-114.3961,46.4734],[-114.4014,46.4889],[-114.4026,46.5002],[-114.3831,46.5049],[-114.3695,46.5037],[-114.3519,46.5077],[-114.3428,46.5183],[-114.3492,46.5295],[-114.344,46.5413],[-114.3475,46.551],[-114.3395,46.564],[-114.3312,46.5725],[-114.3402,46.5873],[-114.3303,46.5995],[-114.3225,46.6113],[-114.3278,46.6202],[-114.3218,46.6311],[-114.3228,46.642],[-114.3249,46.6536],[-114.3331,46.6609],[-114.3529,46.6635],[-114.3781,46.6671],[-114.3945,46.6648],[-114.409,46.6613],[-114.4244,46.6606],[-114.4368,46.6557],[-114.4494,46.6494],[-114.4671,46.6318],[-114.481,46.6319],[-114.4926,46.6362],[-114.5086,46.6394],[-114.5285,46.6423],[-114.5413,46.6497],[-114.5556,46.6446],[-114.5698,46.6433],[-114.5797,46.6354],[-114.5923,46.6328],[-114.6053,46.6358],[-114.6164,46.6436],[-114.6153,46.6527],[-114.6305,46.6594],[-114.6398,46.666],[-114.6402,46.6754],[-114.6318,46.6839],[-114.6232,46.6916],[-114.6232,46.7022],[-114.6246,46.7118],[-114.6382,46.7202],[-114.6458,46.7279],[-114.6585,46.7345],[-114.6749,46.7368],[-114.6894,46.7366],[-114.7034,46.73],[-114.7102,46.7202],[-114.7261,46.7146],[-114.7398,46.7119],[-114.7484,46.7014],[-114.7608,46.6967],[-114.7685,46.7045],[-114.7815,46.7068],[-114.7847,46.7179],[-114.7796,46.7286],[-114.77,46.735],[-114.7656,46.7456],[-114.7652,46.758],[-114.7738,46.7652],[-114.7864,46.7779],[-114.8034,46.7779],[-114.8194,46.7814],[-114.8368,46.7926],[-114.8508,46.7988],[-114.8606,46.8057],[-114.8658,46.8145],[-114.8871,46.8095],[-114.8952,46.8016],[-114.8951,46.8174],[-114.9063,46.8224],[-114.9184,46.8272],[-114.9287,46.8364],[-114.9243,46.8475],[-114.9378,46.857],[-114.9438,46.8682],[-114.9316,46.8768],[-114.9325,46.8877],[-114.9367,46.8973],[-114.9293,46.9099],[-114.9253,46.9187],[-114.9419,46.9241],[-114.961,46.9304],[-114.9702,46.9387],[-114.9831,46.9493],[-114.9931,46.9593],[-115.0009,46.9677],[-115.0113,46.9741],[-115.0284,46.9757],[-115.0484,46.9698],[-115.0502,46.9812],[-115.0611,46.9919],[-115.0655,47.0006],[-115.0728,47.0134],[-115.0723,47.0238],[-115.0807,47.0356],[-115.0876,47.0458],[-115.1026,47.0474],[-115.1167,47.0578],[-115.1232,47.0657],[-115.1349,47.0757],[-115.1417,47.0857],[-115.1402,47.0968],[-115.158,47.1028],[-115.1722,47.1072],[-115.1788,47.1174],[-115.1867,47.1282],[-115.1982,47.1371],[-115.2125,47.142],[-115.2219,47.149],[-115.2431,47.1507],[-115.249,47.1591],[-115.2568,47.1698],[-115.2595,47.1795],[-115.2726,47.1827],[-115.2868,47.1835],[-115.3005,47.1881],[-115.296,47.2057],[-115.2946,47.2162],[-115.2988,47.2255],[-115.3111,47.2297],[-115.321,47.2425],[-115.3187,47.2514],[-115.3404,47.2629],[-115.3538,47.2621],[-115.3713,47.2653],[-115.3851,47.2677],[-115.4047,47.2651],[-115.4214,47.272],[-115.4325,47.2795],[-115.4496,47.2784],[-115.4611,47.2853],[-115.4765,47.2842],[-115.4888,47.2881],[-115.507,47.2918],[-115.5285,47.2993],[-115.5283,47.3092],[-115.5371,47.3178],[-115.5388,47.3291],[-115.5491,47.3472],[-115.5603,47.3522],[-115.575,47.3559],[-115.5761,47.3657],[-115.591,47.3701],[-115.6021,47.3775],[-115.6154,47.3819],[-115.6301,47.3793],[-115.6484,47.3827],[-115.6506,47.3926],[-115.6634,47.4029],[-115.6769,47.4021],[-115.6869,47.4117],[-115.6993,47.4167],[-115.7167,47.4186],[-115.7304,47.4249],[-115.7521,47.4223],[-115.7524,47.4322],[-115.7479,47.4417],[-115.7319,47.4452],[-115.717,47.4526],[-115.7021,47.4525],[-115.6823,47.4569],[-115.6642,47.4539],[-115.649,47.4562],[-115.6319,47.4736],[-115.6442,47.4799],[-115.6603,47.478],[-115.668,47.4888],[-115.681,47.4855],[-115.6901,47.5008],[-115.7091,47.5155],[-115.7017,47.5263],[-115.7069,47.5349],[-115.7222,47.5336],[-115.7345,47.5393],[-115.7518,47.542],[-115.7543,47.5526],[-115.7443,47.559],[-115.7312,47.5693],[-115.7212,47.5763],[-115.7067,47.5775],[-115.7028,47.5865],[-115.6918,47.5933],[-115.6972,47.6037],[-115.6974,47.6137],[-115.6944,47.6238],[-115.7079,47.6348],[-115.7245,47.6396],[-115.7365,47.6547],[-115.7312,47.6661],[-115.7283,47.6817],[-115.7228,47.6947],[-115.7317,47.7052],[-115.7423,47.7117],[-115.7592,47.7192],[-115.774,47.7179],[-115.7843,47.73],[-115.7809,47.7425],[-115.7937,47.7519],[-115.804,47.7582],[-115.825,47.7524],[-115.8354,47.7617],[-115.8374,47.7748],[-115.8475,47.7852],[-115.8489,47.8002],[-115.8486,47.8107],[-115.8508,47.8214],[-115.8593,47.8311],[-115.8753,47.8433],[-115.8979,47.8445],[-115.9101,47.853],[-115.925,47.8649],[-115.9355,47.8742],[-115.9432,47.8855],[-115.9534,47.8941],[-115.9664,47.8983],[-115.9654,47.9109],[-115.9783,47.9145],[-115.9848,47.9227],[-115.995,47.9331],[-116.0033,47.9408],[-116.0075,47.9508],[-116.0198,47.9632],[-116.0283,47.9706],[-116.0491,47.9768],[-116.0492,47.9999],[-116.0491,48.059],[-116.0491,48.0795],[-116.049,48.0891],[-116.0489,48.1249],[-116.049,48.1914],[-116.049,48.2161],[-116.049,48.2612],[-116.049,48.3205],[-116.049,48.3937],[-116.0491,48.4403],[-116.0492,48.4812],[-116.0491,48.502],[-116.0491,48.5153],[-116.0491,48.5446],[-116.0491,48.6115],[-116.0491,48.6454],[-116.0491,48.7914],[-116.0491,49.0001],[-116.0271,49.0]]}},{"type":"Feature","properties":{},"geometry":{"type":"LineString","coordinates":[[-117.0262,41.9999],[-117.0093,41.9981],[-116.9692,41.999],[-116.8623,41.9986],[-116.6268,41.9978],[-116.5869,41.9974],[-116.5253,41.9976],[-116.5017,41.9973],[-116.4844,41.9972],[-116.4671,41.997],[-116.4099,41.9966],[-116.3782,41.9964],[-116.3328,41.9973],[-116.1639,41.9976],[-116.1467,41.9975],[-116.1176,41.9975],[-116.066,41.9975],[-116.0471,41.9963],[-115.9868,41.9964],[-115.9416,41.9965],[-115.8702,41.9968],[-115.7332,41.9971],[-115.7111,41.9972],[-115.6259,41.9974],[-115.5868,41.9969],[-115.57,41.9968],[-115.3139,41.9961],[-115.2543,41.9967],[-115.0382,41.996],[-114.9724,41.998],[-114.9142,41.9999],[-114.8992,41.9999],[-114.8759,42.0013],[-114.8311,42.0022],[-114.8064,42.0018],[-114.721,41.9982],[-114.6748,41.9968],[-114.6511,41.9961],[-114.5983,41.9945],[-114.4983,41.9946],[-114.4676,41.9955],[-114.2819,41.9942],[-114.1074,41.994],[-114.0618,41.9939],[-114.0483,41.9938],[-114.0396,41.8848],[-114.0411,41.8506],[-114.0399,41.7538],[-114.04,41.6249],[-114.0404,41.6154],[-114.0409,41.4999],[-114.0414,41.22],[-114.0426,41.2109],[-114.0421,40.9999],[-114.0424,40.942],[-114.0432,40.7717],[-114.0438,40.7592],[-114.0437,40.7477],[-114.0435,40.7263],[-114.0438,40.6898],[-114.0453,40.5066],[-114.0456,40.4958],[-114.0452,40.4303],[-114.0462,40.3983],[-114.0462,40.232],[-114.0467,40.1169],[-114.0467,40.1042],[-114.0468,40.0301],[-114.0466,39.9969],[-114.0467,39.9806],[-114.0471,39.9061],[-114.0472,39.821],[-114.0478,39.7942],[-114.0476,39.7794],[-114.0473,39.7594],[-114.0473,39.7248],[-114.0477,39.5427]]}},{"type":"Feature","properties":{},"geometry":{"type":"LineString","coordinates":[[-120.0018,39.5344],[-120.0017,39.5487],[-120.0016,39.6068],[-120.0015,39.6358],[-120.0015,39.6503],[-120.0014,39.6736],[-120.0013,39.7224],[-120.0012,39.7342],[-120.0005,39.78],[-119.9997,39.8514],[-119.9983,39.9235],[-119.9976,39.9565],[-119.9973,40.0718],[-119.9972,40.0916],[-119.9971,40.1264],[-119.9969,40.1572],[-119.9962,40.2625],[-119.9962,40.3213],[-119.9961,40.4023],[-119.9959,40.4999],[-119.9975,40.721],[-119.9985,40.7499],[-119.9985,40.7592],[-119.9992,40.8659],[-119.9996,41.0218],[-119.9999,41.184],[-119.9995,41.4999],[-119.9989,41.5578],[-119.9983,41.6188],[-119.9983,41.7499],[-119.9993,41.8753],[-119.9992,41.9949],[-119.9868,41.9957],[-119.8761,41.9972],[-119.8489,41.9973],[-119.7901,41.9975],[-119.7257,41.9963],[-119.4446,41.9955],[-119.3602,41.9944],[-119.3242,41.9942],[-119.251,41.9938],[-119.2319,41.9942],[-119.2083,41.9932],[-119.001,41.9938],[-118.8296,41.9926],[-118.7956,41.9924],[-118.7772,41.9927],[-118.6964,41.9918],[-118.6447,41.9929],[-118.6287,41.9933],[-118.6018,41.9939],[-118.501,41.9954],[-118.1974,41.997],[-118.1239,41.9973],[-117.8735,41.9983],[-117.7378,41.9982],[-117.7058,41.9982],[-117.626,41.9981],[-117.6132,41.9985],[-117.5302,41.9991],[-117.5067,41.9992],[-117.4431,41.9997],[-117.4036,41.9993],[-117.2176,41.9999],[-117.1978,42.0004],[-117.0686,42.0],[-117.0554,41.9999],[-117.0409,41.9999],[-117.0262,41.9999]]}},{"type":"Feature","properties":{},"geometry":{"type":"LineString","coordinates":[[-124.3214,42.0646],[-124.3214,42.0646]]}},{"type":"Feature","properties":{},"geometry":{"type":"LineString","coordinates":[[-124.425,42.3128],[-124.425,42.3128]]}},{"type":"Feature","properties":{},"geometry":{"type":"LineString","coordinates":[[-124.4756,42.6657],[-124.4756,42.6657]]}},{"type":"Feature","properties":{},"geometry":{"type":"LineString","coordinates":[[-123.6413,46.248],[-123.6577,46.2434],[-123.6459,46.2485],[-123.6413,46.248]]}},{"type":"Feature","properties":{},"geometry":{"type":"LineString","coordinates":[[-123.9863,46.2082],[-123.9729,46.2127],[-123.9617,46.2079],[-123.9474,46.2022],[-123.927,46.1916],[-123.9053,46.1807],[-123.9025,46.1687],[-123.8833,46.1687],[-123.8609,46.1586],[-123.8476,46.1586],[-123.8384,46.1666],[-123.8519,46.176],[-123.8619,46.1823],[-123.8497,46.191],[-123.8244,46.1906],[-123.7987,46.1953],[-123.7832,46.1985],[-123.771,46.2041],[-123.7576,46.213],[-123.7481,46.2061],[-123.7357,46.2013],[-123.7253,46.1951],[-123.6934,46.1898],[-123.6787,46.1963],[-123.6754,46.2124],[-123.6609,46.2163],[-123.6442,46.2132],[-123.6264,46.2142],[-123.602,46.2247],[-123.5824,46.2305],[-123.5596,46.2434],[-123.5482,46.249],[-123.5477,46.2591],[-123.5264,46.2634],[-123.5012,46.271],[-123.4796,46.2691],[-123.4646,46.2616],[-123.4476,46.2498],[-123.4363,46.2382],[-123.4276,46.2293],[-123.431,46.1816],[-123.3904,46.1544],[-123.3714,46.1464],[-123.3463,46.1451],[-123.3323,46.1461],[-123.3026,46.1447],[-123.2802,46.1448],[-123.2512,46.1565],[-123.2308,46.1643],[-123.2131,46.1725],[-123.1664,46.189],[-123.1197,46.1855],[-123.105,46.1777],[-123.073,46.1634],[-123.0511,46.1536],[-123.0413,46.1464],[-123.0229,46.1394],[-123.0094,46.136],[-122.9667,46.1076],[-122.9397,46.0965],[-122.9041,46.0837],[-122.8859,46.062],[-122.8813,46.046],[-122.8781,46.0313],[-122.8643,46.0207],[-122.8503,46.0038],[-122.8386,45.9825],[-122.814,45.961],[-122.8062,45.9324],[-122.8112,45.9139],[-122.7991,45.8864],[-122.785,45.8677],[-122.7853,45.8581],[-122.7857,45.8442],[-122.796,45.825],[-122.7957,45.8152],[-122.779,45.7912],[-122.7706,45.7818],[-122.7615,45.7592],[-122.7601,45.7344],[-122.7725,45.6996],[-122.7745,45.6804],[-122.7638,45.6571],[-122.7435,45.6469],[-122.7133,45.6374],[-122.6914,45.625],[-122.6753,45.6182],[-122.6439,45.6097],[-122.6077,45.6079],[-122.5889,45.6053],[-122.5513,45.5974],[-122.5237,45.5896],[-122.5054,45.5859],[-122.4923,45.5833],[-122.4793,45.5798],[-122.4553,45.568],[-122.4387,45.5636],[-122.4169,45.5667],[-122.4012,45.5711],[-122.3834,45.5756],[-122.3528,45.5694],[-122.3418,45.5585],[-122.3315,45.5482],[-122.2949,45.5435],[-122.2667,45.5438],[-122.249,45.5477],[-122.2017,45.5641],[-122.1837,45.5777],[-122.1668,45.5804],[-122.1407,45.5845],[-122.1262,45.5826],[-122.1124,45.5814],[-122.0444,45.6095],[-122.0226,45.6152],[-122.0037,45.6159],[-121.983,45.6228],[-121.9635,45.6328],[-121.9557,45.6436],[-121.9351,45.6442],[-121.922,45.6492],[-121.9083,45.6544],[-121.9009,45.662],[-121.8772,45.6868],[-121.8672,45.6933],[-121.8381,45.7003],[-121.8113,45.7068],[-121.7351,45.694],[-121.7117,45.6947],[-121.676,45.7031],[-121.6381,45.7047],[-121.6093,45.7095],[-121.5627,45.7199],[-121.5343,45.7263],[-121.5111,45.7228],[-121.4947,45.7185],[-121.4837,45.7125],[-121.4671,45.7036],[-121.4412,45.6973],[-121.4236,45.694],[-121.4017,45.6929],[-121.3835,45.6993],[-121.3655,45.7035],[-121.3513,45.7042],[-121.3378,45.7049],[-121.3122,45.6999],[-121.2945,45.6907],[-121.2512,45.6784],[-121.2158,45.6712],[-121.2048,45.656],[-121.1966,45.635],[-121.1961,45.6206],[-121.1838,45.6064],[-121.1705,45.6062],[-121.1455,45.6079],[-121.132,45.6098],[-121.1222,45.6161],[-121.0849,45.6479],[-121.0715,45.6509],[-121.0336,45.651],[-121.0074,45.6532],[-120.9835,45.6483],[-120.9531,45.6567],[-120.9159,45.6413],[-120.8956,45.6429],[-120.8856,45.6501],[-120.87,45.6612],[-120.8557,45.6715],[-120.8361,45.6758],[-120.7889,45.6862],[-120.7242,45.7064],[-120.6894,45.7158],[-120.6689,45.7301],[-120.6535,45.7372],[-120.635,45.7458],[-120.5912,45.7465],[-120.5595,45.7383],[-120.522,45.7098],[-120.5059,45.7],[-120.4824,45.6944],[-120.4531,45.6962],[-120.404,45.6992],[-120.3291,45.7111],[-120.2887,45.7202],[-120.2115,45.7259],[-120.1911,45.7435],[-120.1705,45.762],[-120.1414,45.7732],[-120.0701,45.7852],[-120.0551,45.791],[-120.0011,45.8119],[-119.9657,45.8244],[-119.9089,45.828],[-119.8761,45.8347],[-119.8027,45.8475],[-119.7729,45.8456],[-119.7299,45.8503],[-119.6722,45.8566],[-119.6234,45.9056],[-119.6005,45.9196],[-119.5716,45.9255],[-119.5369,45.913],[-119.5246,45.9086],[-119.4878,45.9063],[-119.4562,45.9156],[-119.4321,45.9183],[-119.3644,45.9216],[-119.3225,45.9332],[-119.2658,45.939],[-119.2257,45.9327],[-119.2043,45.9293],[-119.1695,45.9276],[-119.1414,45.931],[-119.1261,45.9329],[-119.0932,45.9427],[-119.0615,45.9585],[-119.0271,45.9691],[-119.0086,45.9793],[-118.9872,45.9998],[-118.9412,46.0006],[-118.8681,46.0007],[-118.7887,46.0008],[-118.7252,46.0009],[-118.6779,46.0009],[-118.6587,46.001],[-118.6393,46.001],[-118.6068,46.0009],[-118.5905,46.0008],[-118.5757,46.0007],[-118.5549,46.0008],[-118.5371,46.0008],[-118.497,46.0006],[-118.4708,46.0006],[-118.424,46.0006],[-118.4038,46.0006],[-118.3873,46.0006],[-118.3678,46.0006],[-118.3405,46.0005],[-118.315,46.0005],[-118.2835,46.0008],[-118.2564,46.0004],[-118.2367,46.0004],[-118.146,46.0007],[-118.131,46.0003],[-117.9969,46.0008],[-117.9777,46.0007],[-117.7179,45.9999],[-117.6236,45.9991],[-117.6034,45.9989],[-117.5048,45.9983],[-117.4801,45.9979],[-117.4399,45.9986],[-117.3907,45.9986],[-117.3539,45.9963],[-117.3377,45.9987],[-117.2805,45.9985],[-117.2167,45.9984],[-117.0902,45.9976],[-117.07,45.9975],[-117.0513,45.9968],[-116.9859,45.997],[-116.9407,45.9963],[-116.916,45.9954],[-116.9005,45.9828],[-116.8947,45.9697],[-116.8909,45.96],[-116.876,45.9544],[-116.8757,45.945],[-116.8705,45.9324],[-116.8665,45.917],[-116.8598,45.9073],[-116.8435,45.8923],[-116.83,45.8864],[-116.8192,45.8809],[-116.7966,45.859],[-116.7902,45.8499],[-116.7875,45.8402],[-116.7827,45.8254],[-116.7634,45.8166],[-116.7452,45.8214],[-116.7155,45.8268],[-116.6981,45.8209],[-116.687,45.8063],[-116.6801,45.7936],[-116.6653,45.782],[-116.6463,45.7798],[-116.632,45.785],[-116.605,45.781],[-116.5774,45.7675],[-116.5594,45.7552],[-116.5466,45.751],[-116.5372,45.7373],[-116.538,45.7149],[-116.5364,45.6967],[-116.5283,45.6815],[-116.5123,45.6702],[-116.4945,45.6557],[-116.4873,45.6477],[-116.4828,45.6368],[-116.4723,45.6294],[-116.4698,45.6206],[-116.4636,45.6028],[-116.4716,45.5936],[-116.4831,45.5852],[-116.4903,45.5745],[-116.5028,45.5666],[-116.5103,45.5568],[-116.5259,45.5537],[-116.5275,45.5396],[-116.5355,45.5251],[-116.5438,45.5142],[-116.5546,45.5079],[-116.5532,45.4959],[-116.5588,45.4812],[-116.5548,45.4629],[-116.5759,45.4525],[-116.5882,45.4429],[-116.5924,45.4274],[-116.5974,45.4128],[-116.6191,45.3982],[-116.6266,45.388],[-116.6533,45.3511],[-116.6738,45.3215],[-116.6726,45.298],[-116.6722,45.2889],[-116.6745,45.2763],[-116.687,45.2679],[-116.6956,45.2554],[-116.6987,45.2456],[-116.7042,45.228],[-116.7097,45.2172],[-116.7085,45.2074],[-116.7242,45.1715],[-116.7251,45.1591],[-116.7288,45.1444],[-116.743,45.1349],[-116.7466,45.1249],[-116.7546,45.114],[-116.7748,45.1055],[-116.7825,45.0958],[-116.7838,45.0783],[-116.7973,45.0603],[-116.8086,45.0507],[-116.8261,45.0373],[-116.8427,45.0294],[-116.8458,45.0185],[-116.8446,45.0014],[-116.8568,44.9843],[-116.857,44.9752],[-116.842,44.9808],[-116.8263,44.9825],[-116.8364,44.9692],[-116.8479,44.9648],[-116.8465,44.9515],[-116.8357,44.9406],[-116.8322,44.9314],[-116.8421,44.9149],[-116.8461,44.9052],[-116.8505,44.8935],[-116.857,44.8808],[-116.8653,44.8706],[-116.8782,44.8647],[-116.8877,44.8558],[-116.8962,44.8483],[-116.9001,44.8367],[-116.9205,44.8144],[-116.9311,44.8048],[-116.9331,44.7945],[-116.9347,44.7839],[-116.949,44.778],[-116.9668,44.7752],[-116.9778,44.768],[-116.992,44.7592],[-117.006,44.756],[-117.0184,44.7519],[-117.0317,44.7499],[-117.0442,44.7451],[-117.0482,44.7359],[-117.0586,44.7303],[-117.0618,44.7067],[-117.0722,44.7005],[-117.0791,44.6922],[-117.0798,44.6825],[-117.0813,44.6736],[-117.0959,44.6647],[-117.095,44.652],[-117.0982,44.6407],[-117.1082,44.6271],[-117.1178,44.6201],[-117.1253,44.5938],[-117.1248,44.5838],[-117.134,44.5752],[-117.146,44.5686],[-117.1429,44.5572],[-117.1442,44.5456],[-117.1492,44.5362],[-117.161,44.5252],[-117.1816,44.523],[-117.1898,44.5134],[-117.1925,44.5033],[-117.2002,44.492],[-117.2111,44.4854],[-117.2241,44.4837],[-117.2244,44.4739],[-117.217,44.459],[-117.2146,44.448],[-117.2151,44.4272],[-117.2255,44.4077],[-117.2348,44.3997],[-117.243,44.391],[-117.2351,44.3739],[-117.2169,44.3602],[-117.1973,44.3474],[-117.1898,44.3366],[-117.2033,44.313],[-117.2152,44.3091],[-117.2225,44.299],[-117.217,44.2884],[-117.1986,44.2741],[-117.1703,44.2589],[-117.1571,44.2575],[-117.1434,44.2583],[-117.1331,44.2642],[-117.121,44.2776],[-117.1077,44.2808],[-117.0946,44.271],[-117.0909,44.2603],[-117.0783,44.2499],[-117.0673,44.244],[-117.0565,44.2309],[-117.0423,44.2428],[-117.0319,44.2486],[-117.0169,44.2454],[-117.0037,44.2454],[-116.9869,44.2455],[-116.9735,44.24],[-116.974,44.2298],[-116.9704,44.2212],[-116.9737,44.208],[-116.9717,44.1973],[-116.9495,44.1916],[-116.9354,44.194],[-116.924,44.1884],[-116.9028,44.1795],[-116.8958,44.1713],[-116.8941,44.1602],[-116.9008,44.1501],[-116.9112,44.14],[-116.9138,44.1284],[-116.9256,44.1189],[-116.9277,44.1094],[-116.9337,44.1],[-116.9431,44.0941],[-116.957,44.0917],[-116.9743,44.0883],[-116.9746,44.059],[-116.9732,44.0494],[-116.9562,44.0429],[-116.9434,44.0356],[-116.9357,44.0247],[-116.9359,44.0127],[-116.9437,44.0032],[-116.9358,43.9909],[-116.9599,43.9829],[-116.9734,43.9771],[-116.9709,43.9683],[-116.9598,43.9638],[-116.9723,43.9584],[-116.9604,43.9546],[-116.9643,43.9443],[-116.9676,43.9348],[-116.9594,43.9277],[-116.9626,43.9175],[-116.9796,43.9153],[-116.9773,43.9058],[-116.9761,43.8948],[-116.9838,43.8808],[-116.9822,43.8712],[-116.9914,43.8639],[-117.0087,43.8627],[-117.0216,43.8564],[-117.0107,43.8498],[-117.0128,43.84],[-117.0319,43.8342],[-117.0236,43.8238],[-117.023,43.8138],[-117.0267,43.7339],[-117.0267,43.7148],[-117.0267,43.6937],[-117.0266,43.683],[-117.0267,43.6644],[-117.0267,43.6317],[-117.027,43.621],[-117.0268,43.6107],[-117.0268,43.6004],[-117.0268,43.5787],[-117.0267,43.5647],[-117.0267,43.5457],[-117.0267,43.4208],[-117.0267,43.3153],[-117.0267,43.0251],[-117.0263,42.8074],[-117.0267,42.6249],[-117.0266,42.5522],[-117.0266,42.4305],[-117.0266,42.3786],[-117.0261,42.3572],[-117.0262,42.1664],[-117.0266,42.1333],[-117.0261,42.1176],[-117.0262,41.9999],[-117.0409,41.9999],[-117.0554,41.9999],[-117.0686,42.0],[-117.1978,42.0004],[-117.2176,41.9999],[-117.4036,41.9993],[-117.4431,41.9997],[-117.5067,41.9992],[-117.5302,41.9991],[-117.6132,41.9985],[-117.626,41.9981],[-117.7058,41.9982],[-117.7378,41.9982],[-117.8735,41.9983],[-118.1239,41.9973],[-118.1972,41.997],[-118.501,41.9954],[-118.6018,41.9939],[-118.6287,41.9933],[-118.6447,41.9929],[-118.6964,41.9918],[-118.7759,41.9927],[-118.7956,41.9924],[-118.8296,41.9926],[-119.001,41.9938],[-119.2083,41.9932],[-119.2319,41.9942],[-119.251,41.9938],[-119.3242,41.9942],[-119.3601,41.9944],[-119.4446,41.9955],[-119.7257,41.9963],[-119.7901,41.9975],[-119.8489,41.9973],[-119.8729,41.9976],[-119.9868,41.9957],[-119.9992,41.9949],[-120.0467,41.9949],[-120.0882,41.9949],[-120.1594,41.9946],[-120.188,41.9945],[-120.2721,41.993],[-120.3258,41.9931],[-120.414,41.9931],[-120.489,41.9936],[-120.5084,41.9935],[-120.5649,41.9932],[-120.6159,41.993],[-120.681,41.9936],[-120.7862,41.9938],[-120.8192,41.9938],[-120.8782,41.9938],[-120.9402,41.9935],[-120.9804,41.993],[-121.0221,41.9933],[-121.081,41.9953],[-121.1112,41.9959],[-121.125,41.9961],[-121.1742,41.9972],[-121.2503,41.9973],[-121.2973,41.9974],[-121.3165,41.997],[-121.329,41.9968],[-121.3449,41.9962],[-121.4355,41.9973],[-121.519,41.9983],[-121.5911,41.9992],[-121.6806,42.0004],[-121.6947,42.0006],[-121.801,42.0021],[-121.8251,42.0024],[-121.8893,42.0032],[-121.9398,42.0038],[-121.9541,42.0035],[-122.0346,42.0047],[-122.0472,42.0053],[-122.1441,42.0066],[-122.1635,42.0073],[-122.1894,42.0074],[-122.2607,42.0076],[-122.2848,42.008],[-122.3203,42.0086],[-122.3681,42.0093],[-122.4035,42.0088],[-122.4166,42.0084],[-122.4933,42.0081],[-122.5489,42.0075],[-122.6154,42.0056],[-122.6347,42.005],[-122.6725,42.0047],[-122.7131,42.0042],[-122.7536,42.0042],[-122.8138,42.0041],[-122.8673,42.0039],[-122.884,42.0038],[-122.9617,42.0035],[-122.9883,42.0034],[-123.044,42.0031],[-123.0629,42.0048],[-123.0809,42.0051],[-123.1027,42.0066],[-123.1252,42.0082],[-123.1457,42.0088],[-123.1839,42.0058],[-123.2311,42.0039],[-123.2456,42.0034],[-123.3443,41.9994],[-123.4447,42.0006],[-123.475,42.0007],[-123.5179,42.0008],[-123.5693,42.0006],[-123.624,41.9998],[-123.6572,41.9951],[-123.7214,41.9969],[-123.7875,41.9958],[-123.8117,41.9952],[-123.8342,41.9961],[-123.967,41.9961],[-123.9992,41.9961],[-124.085,41.9967],[-124.1025,41.9968],[-124.1214,41.997],[-124.2116,41.9985],[-124.2189,42.0079],[-124.2305,42.0132],[-124.2391,42.0226],[-124.254,42.0292],[-124.2639,42.0409],[-124.2777,42.046],[-124.2913,42.044],[-124.2996,42.0517],[-124.304,42.0609],[-124.3163,42.0682],[-124.3238,42.0804],[-124.3352,42.0874],[-124.3421,42.0979],[-124.354,42.1035],[-124.3527,42.1133],[-124.3542,42.1241],[-124.3518,42.135],[-124.3585,42.1438],[-124.366,42.1523],[-124.3603,42.1623],[-124.3617,42.172],[-124.3636,42.1828],[-124.3703,42.1913],[-124.3753,42.2011],[-124.3782,42.2112],[-124.3823,42.2239],[-124.3892,42.2321],[-124.3977,42.2399],[-124.411,42.2505],[-124.4085,42.2606],[-124.4082,42.2796],[-124.4105,42.2987],[-124.4198,42.3155],[-124.4317,42.3211],[-124.4315,42.3307],[-124.4269,42.3415],[-124.4264,42.352],[-124.4248,42.377],[-124.4262,42.3956],[-124.4256,42.4062],[-124.4287,42.4178],[-124.4359,42.4372],[-124.4317,42.4475],[-124.4238,42.4574],[-124.422,42.4704],[-124.4214,42.4851],[-124.4222,42.4964],[-124.4114,42.5134],[-124.4061,42.5247],[-124.3998,42.5383],[-124.3927,42.5617],[-124.39,42.5748],[-124.3951,42.5847],[-124.402,42.5921],[-124.4043,42.6012],[-124.4015,42.61],[-124.4014,42.6201],[-124.4055,42.629],[-124.4094,42.6382],[-124.4098,42.6495],[-124.4168,42.6616],[-124.4292,42.6666],[-124.4507,42.6758],[-124.4475,42.6847],[-124.4553,42.6944],[-124.4598,42.7075],[-124.4645,42.7173],[-124.4739,42.7327],[-124.4912,42.7416],[-124.5037,42.7398],[-124.5137,42.7329],[-124.5143,42.744],[-124.5162,42.7557],[-124.5205,42.7709],[-124.5244,42.7898],[-124.5323,42.8063],[-124.5442,42.823],[-124.5528,42.8301],[-124.5645,42.8342],[-124.5524,42.8406],[-124.5446,42.8514],[-124.5365,42.8624],[-124.5362,42.8723],[-124.5283,42.8795],[-124.5001,42.9175],[-124.4809,42.9515],[-124.4626,42.9914],[-124.4557,43.0083],[-124.4486,43.0271],[-124.4362,43.0713],[-124.4347,43.0815],[-124.4335,43.0923],[-124.4352,43.1047],[-124.4378,43.114],[-124.4293,43.1215],[-124.4017,43.1849],[-124.3953,43.2111],[-124.3956,43.2239],[-124.3825,43.2702],[-124.3889,43.2905],[-124.394,43.2993],[-124.4028,43.3059],[-124.3941,43.3157],[-124.3876,43.326],[-124.377,43.3342],[-124.3533,43.3427],[-124.3432,43.3515],[-124.3307,43.3666],[-124.315,43.3884],[-124.2869,43.4363],[-124.2795,43.4519],[-124.2556,43.5022],[-124.232,43.5624],[-124.219,43.6109],[-124.2145,43.6276],[-124.2105,43.6533],[-124.2063,43.6666],[-124.2002,43.6896],[-124.1936,43.7061],[-124.1777,43.7672],[-124.1686,43.809],[-124.1645,43.8315],[-124.1587,43.8637],[-124.1503,43.9109],[-124.1441,43.9584],[-124.1383,43.9953],[-124.1372,44.0136],[-124.1369,44.023],[-124.1343,44.0421],[-124.1306,44.066],[-124.1258,44.0928],[-124.124,44.1058],[-124.1236,44.1172],[-124.1258,44.1261],[-124.1259,44.136],[-124.117,44.1719],[-124.1167,44.186],[-124.1144,44.1982],[-124.1147,44.2167],[-124.1111,44.2351],[-124.1153,44.246],[-124.1117,44.2554],[-124.1089,44.2655],[-124.116,44.2746],[-124.1117,44.2832],[-124.1108,44.2989],[-124.1081,44.3098],[-124.1065,44.3218],[-124.1006,44.3319],[-124.0987,44.3411],[-124.0926,44.3706],[-124.0869,44.4052],[-124.0847,44.4202],[-124.0837,44.4304],[-124.0837,44.44],[-124.0836,44.455],[-124.0833,44.478],[-124.0844,44.4869],[-124.0836,44.5011],[-124.078,44.522],[-124.0764,44.5312],[-124.0715,44.5596],[-124.0697,44.5725],[-124.0672,44.5899],[-124.0666,44.599],[-124.0673,44.608],[-124.0684,44.6172],[-124.067,44.6279],[-124.0633,44.6392],[-124.0583,44.6587],[-124.06,44.6694],[-124.0741,44.6732],[-124.0684,44.6831],[-124.0653,44.6956],[-124.0599,44.716],[-124.0579,44.7352],[-124.0602,44.7451],[-124.0643,44.7537],[-124.0663,44.7627],[-124.0755,44.7714],[-124.0732,44.7893],[-124.0678,44.8043],[-124.0679,44.8141],[-124.0676,44.8247],[-124.061,44.8344],[-124.0488,44.85],[-124.0459,44.859],[-124.0377,44.8842],[-124.0323,44.9008],[-124.0254,44.927],[-124.0257,44.9365],[-124.0239,44.949],[-124.0205,44.9626],[-124.0172,44.9755],[-124.0145,44.9873],[-124.0125,44.9979],[-124.0106,45.0089],[-124.0102,45.0238],[-124.0117,45.0335],[-124.0055,45.0429],[-124.018,45.0498],[-124.0159,45.0648],[-124.0122,45.0769],[-123.9968,45.0902],[-123.9877,45.1008],[-123.9773,45.1385],[-123.9729,45.1596],[-123.9705,45.1727],[-123.9687,45.1953],[-123.9725,45.2161],[-123.9713,45.2268],[-123.9636,45.2757],[-123.9633,45.2934],[-123.9641,45.3161],[-123.969,45.328],[-123.9729,45.3369],[-124.0078,45.3368],[-123.9797,45.3477],[-123.9657,45.3862],[-123.9606,45.4308],[-123.962,45.4432],[-123.9747,45.4673],[-123.9701,45.4769],[-123.9766,45.4852],[-123.9708,45.4935],[-123.9576,45.5104],[-123.9514,45.5371],[-123.9494,45.5487],[-123.9495,45.5624],[-123.9567,45.5713],[-123.9523,45.5863],[-123.9503,45.5988],[-123.9483,45.6115],[-123.9452,45.6315],[-123.943,45.6455],[-123.9413,45.6562],[-123.9397,45.689],[-123.9409,45.7036],[-123.9422,45.7183],[-123.9436,45.728],[-123.952,45.7376],[-123.9629,45.7436],[-123.9694,45.7514],[-123.9684,45.7617],[-123.9826,45.7618],[-123.9788,45.7729],[-123.9693,45.7806],[-123.968,45.7985],[-123.9615,45.8371],[-123.9622,45.8472],[-123.9646,45.8568],[-123.9627,45.87],[-123.9643,45.8819],[-123.9656,45.8923],[-123.9676,45.9078],[-123.9741,45.9172],[-123.9779,45.9286],[-123.9887,45.9358],[-123.9937,45.9464],[-123.9808,45.9528],[-123.9751,45.9617],[-123.9574,45.9745],[-123.9418,45.9757],[-123.9338,45.9896],[-123.9279,46.0096],[-123.9289,46.0329],[-123.9293,46.042],[-123.9334,46.0717],[-123.9416,46.0976],[-123.9475,46.1161],[-123.9592,46.1417],[-123.9638,46.15],[-123.9741,46.1688],[-123.9865,46.188],[-123.9968,46.204],[-124.0103,46.2235],[-124.0214,46.2301],[-124.0126,46.2369],[-123.9993,46.2337],[-123.9889,46.2271],[-123.996,46.2191],[-123.9898,46.2092],[-123.9863,46.2082]]}},{"type":"Feature","properties":{},"geometry":{"type":"LineString","coordinates":[[-124.0215,46.2869],[-124.0138,46.2733],[-124.0283,46.274],[-124.0362,46.2815],[-124.0256,46.2907],[-124.0215,46.2869]]}},{"type":"Feature","properties":{},"geometry":{"type":"LineString","coordinates":[[-114.0477,39.5427],[-114.0473,39.7248],[-114.0473,39.7594],[-114.0476,39.7794],[-114.0478,39.7942],[-114.0472,39.821],[-114.0471,39.906],[-114.0467,39.9806],[-114.0466,39.9969],[-114.0468,40.0301],[-114.0464,40.0979],[-114.0467,40.1169],[-114.0462,40.232],[-114.0462,40.3983],[-114.0458,40.4248],[-114.0455,40.4945],[-114.0453,40.5066],[-114.0438,40.6898],[-114.0435,40.726],[-114.0436,40.7396],[-114.0438,40.7555],[-114.0432,40.7717],[-114.0424,40.942],[-114.0421,40.9999],[-114.0414,41.2078],[-114.0414,41.22],[-114.0402,41.4917],[-114.0404,41.6148],[-114.04,41.6249],[-114.0399,41.7538],[-114.0412,41.8506],[-114.0396,41.8848],[-114.0415,41.9939],[-113.9901,41.9931],[-113.9327,41.99],[-113.9016,41.9886],[-113.8677,41.9882],[-113.8433,41.9884],[-113.7647,41.9895],[-113.6769,41.9908],[-113.6492,41.9911],[-113.6012,41.9918],[-113.5261,41.9927],[-113.4636,41.9935],[-113.3967,41.9943],[-113.3585,41.9947],[-113.2928,41.9955],[-113.1868,41.9965],[-113.0932,41.9974],[-113.0416,41.9979],[-113.0,41.9982],[-112.9794,41.9983],[-112.9512,41.9986],[-112.8823,41.9991],[-112.8335,41.9994],[-112.7751,41.9998],[-112.7094,42.0001],[-112.687,42.0002],[-112.6477,42.0003],[-112.5086,42.0008],[-112.4407,42.0008],[-112.3648,42.0011],[-112.2649,42.0012],[-112.2413,42.0012],[-112.2207,42.0012],[-112.186,42.0012],[-112.1731,42.0015],[-112.1592,41.9984],[-112.1094,41.9977],[-112.0407,41.9981],[-112.0268,41.9982],[-112.0122,41.9983],[-111.9743,41.9985],[-111.95,41.9985],[-111.9351,41.9986],[-111.8961,41.9986],[-111.8449,41.9987],[-111.8132,41.9989],[-111.7986,41.999],[-111.7508,41.9993],[-111.6134,41.9993],[-111.5078,41.9995],[-111.478,41.9996],[-111.449,42.0002],[-111.3167,42.0012],[-111.3,42.0012],[-111.2827,42.0013],[-111.1763,42.0014],[-111.0467,42.0017],[-111.0462,41.7797],[-111.0458,41.5798],[-111.0458,41.5656],[-111.0459,41.5216],[-111.0463,41.3777],[-111.0466,41.3607],[-111.0466,41.2858],[-111.0466,41.2517],[-111.0466,41.2009],[-111.0466,41.156],[-111.0467,40.998],[-111.0338,40.9979],[-110.8721,40.9973],[-110.7507,40.9968],[-110.7298,40.9966],[-110.715,40.9963],[-110.6068,40.9963],[-110.5457,40.9963],[-110.5007,40.9947]]}},{"type":"Feature","properties":{},"geometry":{"type":"LineString","coordinates":[[-122.6772,47.1484],[-122.6842,47.1399],[-122.697,47.1357],[-122.6947,47.1259],[-122.712,47.1277],[-122.7222,47.1371],[-122.7333,47.146],[-122.7417,47.155],[-122.7272,47.1607],[-122.7239,47.1765],[-122.7108,47.1854],[-122.6958,47.189],[-122.6817,47.1812],[-122.6741,47.1678],[-122.6734,47.1499],[-122.6772,47.1484]]}},{"type":"Feature","properties":{},"geometry":{"type":"LineString","coordinates":[[-122.6646,47.214],[-122.6487,47.2156],[-122.6418,47.205],[-122.6573,47.1935],[-122.6777,47.1911],[-122.6927,47.193],[-122.7153,47.199],[-122.7269,47.2044],[-122.7167,47.2168],[-122.7072,47.2248],[-122.6918,47.2312],[-122.6761,47.2261],[-122.6687,47.2158],[-122.6646,47.214]]}},{"type":"Feature","properties":{},"geometry":{"type":"LineString","coordinates":[[-123.8534,46.9587],[-123.8688,46.9596],[-123.8813,46.9634],[-123.8648,46.9651],[-123.8534,46.9587]]}},{"type":"Feature","properties":{},"geometry":{"type":"LineString","coordinates":[[-122.6364,47.1476],[-122.6359,47.164],[-122.6304,47.1535],[-122.6364,47.1476]]}},{"type":"Feature","properties":{},"geometry":{"type":"LineString","coordinates":[[-124.4809,47.6746],[-124.4809,47.6746]]}},{"type":"Feature","properties":{},"geometry":{"type":"LineString","coordinates":[[-124.5043,47.7974],[-124.5043,47.7974]]}},{"type":"Feature","properties":{},"geometry":{"type":"LineString","coordinates":[[-124.6459,47.9044],[-124.6459,47.9044]]}},{"type":"Feature","properties":{},"geometry":{"type":"LineString","coordinates":[[-124.7463,48.155],[-124.7463,48.155]]}},{"type":"Feature","properties":{},"geometry":{"type":"LineString","coordinates":[[-124.7552,48.1742],[-124.7552,48.1742]]}},{"type":"Feature","properties":{},"geometry":{"type":"LineString","coordinates":[[-124.5951,48.3811],[-124.5951,48.3811]]}},{"type":"Feature","properties":{},"geometry":{"type":"LineString","coordinates":[[-124.7372,48.3956],[-124.7372,48.3956]]}},{"type":"Feature","properties":{},"geometry":{"type":"LineString","coordinates":[[-123.1585,48.673],[-123.1435,48.6644],[-123.1275,48.6568],[-123.158,48.6662],[-123.1794,48.6633],[-123.2004,48.6626],[-123.2197,48.6707],[-123.2317,48.6783],[-123.2375,48.6891],[-123.22,48.6892],[-123.2021,48.6869],[-123.188,48.6853],[-123.1725,48.6808],[-123.1585,48.673]]}},{"type":"Feature","properties":{},"geometry":{"type":"LineString","coordinates":[[-122.8415,48.3173],[-122.8415,48.3173]]}},{"type":"Feature","properties":{},"geometry":{"type":"LineString","coordinates":[[-122.5732,48.4014],[-122.5732,48.4014]]}},{"type":"Feature","properties":{},"geometry":{"type":"LineString","coordinates":[[-122.7119,48.4681],[-122.6973,48.4661],[-122.7101,48.4616],[-122.7119,48.4681]]}},{"type":"Feature","properties":{},"geometry":{"type":"LineString","coordinates":[[-122.524,48.3625],[-122.5392,48.3628],[-122.5254,48.3639],[-122.524,48.3625]]}},{"type":"Feature","properties":{},"geometry":{"type":"LineString","coordinates":[[-123.148,48.6399],[-123.148,48.6399]]}},{"type":"Feature","properties":{},"geometry":{"type":"LineString","coordinates":[[-123.1051,48.6334],[-123.1265,48.6355],[-123.1467,48.6427],[-123.1609,48.6469],[-123.1407,48.6441],[-123.1165,48.6396],[-123.1051,48.6334]]}},{"type":"Feature","properties":{},"geometry":{"type":"LineString","coordinates":[[-123.1264,48.6494],[-123.1264,48.6494]]}},{"type":"Feature","properties":{},"geometry":{"type":"LineString","coordinates":[[-123.0784,48.646],[-123.0784,48.646]]}},{"type":"Feature","properties":{},"geometry":{"type":"LineString","coordinates":[[-123.0098,48.7223],[-123.0089,48.7127],[-123.005,48.7039],[-123.0051,48.6943],[-123.0144,48.685],[-123.029,48.6783],[-123.0423,48.6757],[-123.0357,48.6853],[-123.0471,48.6958],[-123.0712,48.6993],[-123.0544,48.7038],[-123.0402,48.7173],[-123.0255,48.718],[-123.0098,48.7223]]}},{"type":"Feature","properties":{},"geometry":{"type":"LineString","coordinates":[[-123.0325,48.7319],[-123.0325,48.7319]]}},{"type":"Feature","properties":{},"geometry":{"type":"LineString","coordinates":[[-122.8184,48.7446],[-122.8377,48.7438],[-122.8184,48.7446]]}},{"type":"Feature","properties":{},"geometry":{"type":"LineString","coordinates":[[-122.5673,48.5366],[-122.5673,48.5366]]}},{"type":"Feature","properties":{},"geometry":{"type":"LineString","coordinates":[[-122.5442,48.5206],[-122.5442,48.5206]]}},{"type":"Feature","properties":{},"geometry":{"type":"LineString","coordinates":[[-122.5526,48.5341],[-122.5526,48.5341]]}},{"type":"Feature","properties":{},"geometry":{"type":"LineString","coordinates":[[-122.6093,48.5809],[-122.6093,48.5809]]}},{"type":"Feature","properties":{},"geometry":{"type":"LineString","coordinates":[[-122.657,48.6099],[-122.6757,48.6099],[-122.6918,48.6167],[-122.6854,48.6277],[-122.6715,48.6248],[-122.6625,48.6174],[-122.657,48.6099]]}},{"type":"Feature","properties":{},"geometry":{"type":"LineString","coordinates":[[-122.6087,48.6444],[-122.6213,48.6491],[-122.6353,48.6518],[-122.6484,48.6618],[-122.6577,48.6705],[-122.6677,48.6784],[-122.6785,48.6879],[-122.6851,48.698],[-122.6918,48.7115],[-122.7094,48.7169],[-122.7211,48.7216],[-122.7223,48.7316],[-122.7188,48.7406],[-122.7031,48.7436],[-122.6937,48.7355],[-122.684,48.7269],[-122.6811,48.7164],[-122.668,48.7087],[-122.6652,48.6974],[-122.6519,48.6943],[-122.635,48.6848],[-122.6247,48.6767],[-122.6174,48.6681],[-122.6134,48.6585],[-122.6087,48.6444]]}},{"type":"Feature","properties":{},"geometry":{"type":"LineString","coordinates":[[-122.6017,48.6057],[-122.6147,48.611],[-122.6017,48.614],[-122.6017,48.6057]]}},{"type":"Feature","properties":{},"geometry":{"type":"LineString","coordinates":[[-122.5776,48.6476],[-122.5929,48.65],[-122.5867,48.6605],[-122.5776,48.6476]]}},{"type":"Feature","properties":{},"geometry":{"type":"LineString","coordinates":[[-122.9572,48.7866],[-122.9401,48.785],[-122.9541,48.7815],[-122.9685,48.784],[-122.9572,48.7866]]}},{"type":"Feature","properties":{},"geometry":{"type":"LineString","coordinates":[[-122.8971,48.7701],[-122.8754,48.7636],[-122.8975,48.7654],[-122.8779,48.7512],[-122.8919,48.7474],[-122.9096,48.7497],[-122.9236,48.7546],[-122.9184,48.767],[-122.8997,48.7701],[-122.8971,48.7701]]}},{"type":"Feature","properties":{},"geometry":{"type":"LineString","coordinates":[[-122.6418,47.2703],[-122.6281,47.2675],[-122.6216,47.2586],[-122.6073,47.2496],[-122.5889,47.2371],[-122.5905,47.2278],[-122.6025,47.2175],[-122.6186,47.2252],[-122.6252,47.2347],[-122.6347,47.2434],[-122.6466,47.2536],[-122.6573,47.2627],[-122.6686,47.2704],[-122.657,47.2752],[-122.6418,47.2703]]}},{"type":"Feature","properties":{},"geometry":{"type":"LineString","coordinates":[[-122.8364,47.2559],[-122.8414,47.2643],[-122.8323,47.2729],[-122.8322,47.2618],[-122.8364,47.2559]]}},{"type":"Feature","properties":{},"geometry":{"type":"LineString","coordinates":[[-122.4377,47.4074],[-122.4075,47.4004],[-122.3736,47.3887],[-122.391,47.3828],[-122.4044,47.3786],[-122.418,47.3749],[-122.4296,47.3692],[-122.4449,47.3594],[-122.4509,47.3492],[-122.4697,47.3446],[-122.4745,47.3591],[-122.4667,47.3686],[-122.4531,47.3725],[-122.4448,47.382],[-122.4331,47.3881],[-122.4396,47.4042],[-122.454,47.4026],[-122.4659,47.3952],[-122.4522,47.3952],[-122.4514,47.383],[-122.465,47.3873],[-122.4783,47.3842],[-122.4878,47.3651],[-122.4897,47.3517],[-122.4912,47.3352],[-122.5049,47.3307],[-122.5189,47.3333],[-122.5281,47.3455],[-122.526,47.3589],[-122.5178,47.3687],[-122.5208,47.383],[-122.5277,47.3923],[-122.524,47.4021],[-122.5147,47.414],[-122.5132,47.4233],[-122.514,47.4489],[-122.509,47.4611],[-122.4979,47.4759],[-122.4836,47.4827],[-122.4788,47.4969],[-122.4766,47.5111],[-122.4572,47.5058],[-122.4604,47.4938],[-122.4525,47.4811],[-122.445,47.4732],[-122.4334,47.4664],[-122.4431,47.4535],[-122.4386,47.442],[-122.4364,47.4303],[-122.4307,47.4215],[-122.4375,47.4126],[-122.4377,47.4074]]}},{"type":"Feature","properties":{},"geometry":{"type":"LineString","coordinates":[[-122.9167,48.1287],[-122.9333,48.1212],[-122.9486,48.1176],[-122.9295,48.1334],[-122.9167,48.1287]]}},{"type":"Feature","properties":{},"geometry":{"type":"LineString","coordinates":[[-123.0315,48.5915],[-123.0315,48.5915]]}},{"type":"Feature","properties":{},"geometry":{"type":"LineString","coordinates":[[-123.0401,48.617],[-123.0542,48.6175],[-123.0401,48.617]]}},{"type":"Feature","properties":{},"geometry":{"type":"LineString","coordinates":[[-123.0184,48.5948],[-123.0184,48.5948]]}},{"type":"Feature","properties":{},"geometry":{"type":"LineString","coordinates":[[-123.1581,48.6169],[-123.1458,48.625],[-123.1313,48.6211],[-123.1174,48.6221],[-123.1005,48.6191],[-123.1,48.6055],[-123.085,48.594],[-123.0656,48.5854],[-123.0518,48.5756],[-123.0357,48.5638],[-123.022,48.5626],[-123.0111,48.5566],[-123.0059,48.5465],[-122.9978,48.5367],[-122.9822,48.5364],[-122.9685,48.5328],[-122.972,48.5203],[-122.9866,48.5164],[-123.0049,48.5208],[-123.0183,48.5158],[-123.0154,48.5064],[-123.0171,48.4964],[-123.0089,48.484],[-123.0059,48.4709],[-122.9869,48.4626],[-122.9715,48.4638],[-122.9603,48.4553],[-122.9748,48.4536],[-123.0069,48.4564],[-123.0231,48.4569],[-123.0369,48.4579],[-123.0473,48.4642],[-123.0602,48.4708],[-123.0684,48.4799],[-123.0831,48.4834],[-123.0971,48.4851],[-123.1119,48.4917],[-123.1241,48.4959],[-123.1358,48.5023],[-123.1454,48.5097],[-123.1518,48.5187],[-123.1632,48.5301],[-123.1622,48.5391],[-123.1615,48.5482],[-123.172,48.5552],[-123.1769,48.5662],[-123.1711,48.5758],[-123.1806,48.5828],[-123.1946,48.5864],[-123.2033,48.5955],[-123.1957,48.6078],[-123.1821,48.6168],[-123.1675,48.6191],[-123.1581,48.6169]]}},{"type":"Feature","properties":{},"geometry":{"type":"LineString","coordinates":[[-123.0156,48.6028],[-123.0156,48.6028]]}},{"type":"Feature","properties":{},"geometry":{"type":"LineString","coordinates":[[-123.007,48.5857],[-122.9875,48.5909],[-122.9708,48.5916],[-122.9573,48.5884],[-122.9409,48.5861],[-122.9375,48.5766],[-122.9285,48.5852],[-122.9048,48.5824],[-122.9185,48.5643],[-122.9247,48.5546],[-122.9264,48.5637],[-122.9378,48.5575],[-122.943,48.548],[-122.9592,48.5494],[-122.9732,48.5524],[-122.987,48.5571],[-122.9725,48.5587],[-122.9808,48.568],[-122.9922,48.575],[-123.0142,48.579],[-123.0174,48.5894],[-123.007,48.5857]]}},{"type":"Feature","properties":{},"geometry":{"type":"LineString","coordinates":[[-122.8109,48.5889],[-122.791,48.5801],[-122.7786,48.5695],[-122.769,48.5593],[-122.778,48.549],[-122.7874,48.5425],[-122.7947,48.5345],[-122.8077,48.5313],[-122.8163,48.54],[-122.8185,48.55],[-122.8294,48.5618],[-122.8311,48.5725],[-122.8243,48.5837],[-122.8109,48.5889]]}},{"type":"Feature","properties":{},"geometry":{"type":"LineString","coordinates":[[-122.8042,48.5943],[-122.8171,48.59],[-122.8145,48.6012],[-122.8042,48.5943]]}},{"type":"Feature","properties":{},"geometry":{"type":"LineString","coordinates":[[-122.678,48.5771],[-122.6698,48.5693],[-122.6837,48.5603],[-122.6813,48.5483],[-122.6932,48.5435],[-122.7165,48.5398],[-122.724,48.5499],[-122.7213,48.559],[-122.7362,48.569],[-122.7376,48.5783],[-122.7336,48.5868],[-122.7296,48.5957],[-122.7197,48.605],[-122.7044,48.6044],[-122.6935,48.5956],[-122.6931,48.5855],[-122.678,48.5771]]}},{"type":"Feature","properties":{},"geometry":{"type":"LineString","coordinates":[[-122.5775,48.5447],[-122.5772,48.5342],[-122.5999,48.5369],[-122.6199,48.5292],[-122.6357,48.526],[-122.6493,48.5288],[-122.6543,48.538],[-122.6536,48.549],[-122.6469,48.5576],[-122.6516,48.5692],[-122.6524,48.5834],[-122.6371,48.5843],[-122.6293,48.5722],[-122.6108,48.5611],[-122.5971,48.5544],[-122.584,48.5515],[-122.5775,48.5447]]}},{"type":"Feature","properties":{},"geometry":{"type":"LineString","coordinates":[[-122.7008,48.4838],[-122.6868,48.4878],[-122.688,48.4782],[-122.7042,48.4738],[-122.71,48.4821],[-122.7008,48.4838]]}},{"type":"Feature","properties":{},"geometry":{"type":"LineString","coordinates":[[-122.883,48.5552],[-122.8723,48.5629],[-122.8646,48.5554],[-122.8737,48.5447],[-122.8583,48.5423],[-122.8418,48.54],[-122.8543,48.5348],[-122.8614,48.5251],[-122.8664,48.5113],[-122.8735,48.5027],[-122.865,48.4946],[-122.8535,48.4861],[-122.8519,48.4751],[-122.8576,48.4636],[-122.8436,48.4611],[-122.8512,48.4492],[-122.8369,48.4507],[-122.8267,48.4607],[-122.834,48.4698],[-122.8341,48.4852],[-122.8406,48.5031],[-122.837,48.5168],[-122.816,48.5249],[-122.793,48.5254],[-122.7774,48.5177],[-122.7692,48.5096],[-122.7847,48.5102],[-122.7927,48.5019],[-122.8162,48.4878],[-122.8189,48.4773],[-122.8177,48.4639],[-122.8156,48.4549],[-122.8017,48.4505],[-122.8079,48.4412],[-122.8141,48.4308],[-122.8021,48.4262],[-122.8203,48.4207],[-122.8323,48.4269],[-122.8483,48.4276],[-122.8626,48.4264],[-122.8495,48.4231],[-122.8727,48.418],[-122.8953,48.421],[-122.8828,48.4272],[-122.8894,48.4359],[-122.874,48.4374],[-122.8906,48.4454],[-122.9044,48.4462],[-122.9262,48.437],[-122.9163,48.4494],[-122.9213,48.4587],[-122.9346,48.4549],[-122.9424,48.4636],[-122.9429,48.4737],[-122.945,48.4828],[-122.9425,48.4927],[-122.937,48.5038],[-122.9335,48.5139],[-122.9203,48.5227],[-122.9187,48.5326],[-122.9203,48.5507],[-122.9058,48.5502],[-122.8909,48.5582],[-122.8901,48.5691],[-122.8835,48.5607],[-122.883,48.5552]]}},{"type":"Feature","properties":{},"geometry":{"type":"LineString","coordinates":[[-122.7582,48.6935],[-122.7662,48.7012],[-122.7582,48.6935]]}},{"type":"Feature","properties":{},"geometry":{"type":"LineString","coordinates":[[-122.7748,48.6964],[-122.7748,48.6964]]}},{"type":"Feature","properties":{},"geometry":{"type":"LineString","coordinates":[[-122.9459,48.7118],[-122.9313,48.7113],[-122.9171,48.7137],[-122.8989,48.7146],[-122.8853,48.7121],[-122.8703,48.7095],[-122.8584,48.7049],[-122.8373,48.6999],[-122.822,48.6923],[-122.8014,48.6827],[-122.7877,48.6759],[-122.7731,48.671],[-122.742,48.6623],[-122.7548,48.6564],[-122.7593,48.6467],[-122.7757,48.6394],[-122.785,48.6327],[-122.7997,48.6247],[-122.8093,48.6161],[-122.8016,48.6076],[-122.8157,48.6056],[-122.8271,48.5999],[-122.8285,48.612],[-122.8482,48.622],[-122.861,48.6395],[-122.8696,48.6467],[-122.8817,48.6535],[-122.8836,48.675],[-122.8824,48.6852],[-122.8905,48.693],[-122.9064,48.691],[-122.9202,48.6861],[-122.9131,48.675],[-122.9117,48.6629],[-122.9098,48.6539],[-122.8966,48.6468],[-122.8814,48.638],[-122.8774,48.6269],[-122.8681,48.6161],[-122.8623,48.6042],[-122.8714,48.5947],[-122.8842,48.5887],[-122.901,48.592],[-122.915,48.5912],[-122.934,48.593],[-122.9475,48.5972],[-122.9538,48.606],[-122.9561,48.6185],[-122.9578,48.6275],[-122.9746,48.6351],[-122.9839,48.6421],[-122.9929,48.6346],[-122.9847,48.627],[-122.9782,48.6189],[-122.9709,48.6094],[-122.977,48.5991],[-122.9956,48.5925],[-123.008,48.599],[-122.991,48.6037],[-123.0004,48.6151],[-123.0165,48.6112],[-123.03,48.6209],[-123.0303,48.6299],[-123.0194,48.6389],[-123.0146,48.6491],[-123.0039,48.6584],[-122.9913,48.6666],[-122.9844,48.6748],[-122.9707,48.6809],[-122.9589,48.6866],[-122.9488,48.6937],[-122.9423,48.7021],[-122.9499,48.7109],[-122.9459,48.7118]]}},{"type":"Feature","properties":{},"geometry":{"type":"LineString","coordinates":[[-122.6504,48.7123],[-122.6319,48.7106],[-122.6165,48.7078],[-122.6059,48.6997],[-122.6224,48.6939],[-122.6412,48.7052],[-122.6504,48.7123]]}},{"type":"Feature","properties":{},"geometry":{"type":"LineString","coordinates":[[-122.4841,47.5317],[-122.4995,47.5337],[-122.5063,47.5442],[-122.4914,47.5454],[-122.4803,47.5401],[-122.4841,47.5317]]}},{"type":"Feature","properties":{},"geometry":{"type":"LineString","coordinates":[[-122.6575,48.4018],[-122.6448,48.4055],[-122.6309,48.403],[-122.6172,48.4071],[-122.602,48.4099],[-122.5954,48.3972],[-122.5858,48.389],[-122.5839,48.38],[-122.5889,48.363],[-122.5971,48.3557],[-122.5655,48.3482],[-122.5513,48.3421],[-122.5357,48.3323],[-122.5272,48.3251],[-122.5066,48.31],[-122.5047,48.3004],[-122.5195,48.2883],[-122.531,48.2824],[-122.5518,48.2815],[-122.5578,48.2734],[-122.5749,48.2949],[-122.5995,48.2983],[-122.6168,48.2945],[-122.6259,48.2858],[-122.6259,48.2714],[-122.6437,48.2762],[-122.6311,48.2826],[-122.643,48.2888],[-122.6563,48.2833],[-122.6634,48.2738],[-122.6526,48.2651],[-122.653,48.2515],[-122.6692,48.2406],[-122.6865,48.2399],[-122.7041,48.2381],[-122.7283,48.2325],[-122.7299,48.2236],[-122.7238,48.2151],[-122.7056,48.2166],[-122.693,48.2222],[-122.6784,48.2209],[-122.6653,48.2237],[-122.6483,48.2269],[-122.6346,48.2198],[-122.6166,48.2124],[-122.6049,48.2064],[-122.6007,48.1962],[-122.5881,48.1859],[-122.5851,48.1743],[-122.581,48.1596],[-122.5679,48.1486],[-122.5664,48.1328],[-122.56,48.1245],[-122.56,48.1131],[-122.5716,48.1051],[-122.5672,48.0955],[-122.5546,48.0774],[-122.5455,48.0691],[-122.5469,48.0574],[-122.537,48.0423],[-122.5368,48.0332],[-122.5388,48.0225],[-122.5282,48.0161],[-122.518,48.0224],[-122.5133,48.034],[-122.5134,48.0463],[-122.5163,48.0572],[-122.5139,48.0668],[-122.5169,48.0811],[-122.5227,48.0898],[-122.5133,48.0975],[-122.496,48.0956],[-122.484,48.0867],[-122.4728,48.0776],[-122.4616,48.0685],[-122.4484,48.0543],[-122.4373,48.049],[-122.4254,48.0434],[-122.4119,48.0416],[-122.4006,48.0366],[-122.3874,48.034],[-122.374,48.0268],[-122.3728,48.01],[-122.3716,48.0003],[-122.3641,47.9913],[-122.3543,47.9845],[-122.3503,47.9694],[-122.3496,47.9588],[-122.3568,47.9445],[-122.3654,47.9349],[-122.3768,47.9237],[-122.3758,47.9103],[-122.3904,47.9057],[-122.3954,47.9141],[-122.4033,47.9222],[-122.4124,47.913],[-122.431,47.9147],[-122.4455,47.9302],[-122.4446,47.9393],[-122.4408,47.9518],[-122.4467,47.9632],[-122.4554,47.9717],[-122.4688,47.983],[-122.4788,47.9898],[-122.5013,47.9871],[-122.5148,47.9812],[-122.5212,47.973],[-122.5468,47.9672],[-122.5512,47.9766],[-122.5431,47.986],[-122.5429,47.9964],[-122.56,48.0065],[-122.5798,48.01],[-122.5937,48.02],[-122.6008,48.0285],[-122.5968,48.0388],[-122.5949,48.0563],[-122.6057,48.0642],[-122.614,48.0728],[-122.6073,48.088],[-122.5983,48.1106],[-122.6021,48.1352],[-122.6052,48.1442],[-122.6117,48.1546],[-122.6243,48.1618],[-122.6461,48.164],[-122.6653,48.1601],[-122.6767,48.154],[-122.6842,48.1688],[-122.6931,48.1815],[-122.705,48.1895],[-122.735,48.2],[-122.7446,48.2097],[-122.763,48.2153],[-122.77,48.2244],[-122.7624,48.2383],[-122.7575,48.2516],[-122.7526,48.2601],[-122.7389,48.2743],[-122.7301,48.2828],[-122.7272,48.2937],[-122.7226,48.3043],[-122.7123,48.3107],[-122.7027,48.3217],[-122.6949,48.3297],[-122.6872,48.3413],[-122.6737,48.3547],[-122.6684,48.3647],[-122.6649,48.3748],[-122.6647,48.4015],[-122.6575,48.4018]]}},{"type":"Feature","properties":{},"geometry":{"type":"LineString","coordinates":[[-122.7133,49.0022],[-122.6985,49.0022],[-122.6844,49.0022],[-122.6693,49.0022],[-122.6499,49.0022],[-122.636,49.0023],[-122.6192,49.0023],[-122.6054,49.0023],[-122.589,49.0022],[-122.573,49.0023],[-122.5507,49.0023],[-122.4628,49.0022],[-122.4187,49.0022],[-122.3632,49.0023],[-122.3427,49.0022],[-122.327,49.0022],[-122.2911,49.0024],[-122.2716,49.0023],[-122.257,49.0023],[-122.2345,49.0022],[-122.2139,49.0023],[-122.184,49.0024],[-122.1449,49.0023],[-122.1139,49.0022],[-122.0,49.0001],[-121.978,49.0],[-121.9452,49.0001],[-121.7513,48.9974],[-121.4339,48.9996],[-121.3955,48.9999],[-121.2729,49.0],[-121.25,49.0],[-121.2154,49.0],[-121.0904,49.0001],[-121.0653,49.0001],[-121.0,49.0],[-120.8484,49.0001],[-120.8038,49.0001],[-120.7707,49.0],[-120.7486,49.0],[-120.7224,49.0],[-120.6814,49.0001],[-120.6187,49.0001],[-120.5565,49.0001],[-120.5162,49.0],[-120.5,49.0],[-120.4847,49.0],[-120.4631,49.0],[-120.4025,49.0001],[-120.37,49.0001],[-120.3268,49.0002],[-120.3044,49.0002],[-120.2699,49.0003],[-120.2445,49.0003],[-120.2265,49.0003],[-120.0355,48.9995],[-120.0012,48.9994],[-119.9193,49.0001],[-119.901,49.0001],[-119.8788,49.0001],[-119.801,49.0001],[-119.7732,49.0001],[-119.7488,49.0001],[-119.7259,49.0001],[-119.703,49.0],[-119.6711,49.0001],[-119.6439,49.0001],[-119.6261,49.0001],[-119.5443,49.0],[-119.5,49.0001],[-119.4739,49.0001],[-119.4565,49.0001],[-119.4419,49.0001],[-119.422,49.0001],[-119.2949,49.0],[-119.25,49.0],[-119.1854,49.0001],[-119.1417,49.0001],[-119.0834,49.0001],[-119.0298,49.0],[-119.0085,49.0],[-118.9641,49.0002],[-118.9468,49.0001],[-118.8908,49.0002],[-118.8644,49.0002],[-118.8503,49.0002],[-118.833,49.0002],[-118.8106,49.0002],[-118.7713,49.0002],[-118.7504,49.0002],[-118.7053,49.0002],[-118.6831,49.0002],[-118.6584,49.0002],[-118.6191,49.0002],[-118.5911,49.0001],[-118.5566,49.0001],[-118.5343,49.0],[-118.505,49.0],[-118.4777,49.0],[-118.4496,49.0002],[-118.4354,49.0001],[-118.42,49.0001],[-118.4049,49.0001],[-118.3766,49.0001],[-118.352,49.0002],[-118.3359,49.0002],[-118.3199,49.0002],[-118.3029,49.0002],[-118.2891,49.0002],[-118.27,49.0002],[-118.2443,49.0002],[-118.2302,49.0003],[-118.2092,49.0002],[-118.192,49.0002],[-118.1544,49.0002],[-118.1355,49.0002],[-118.1176,49.0002],[-118.0832,49.0003],[-118.0622,49.0003],[-118.0466,49.0003],[-118.0245,49.0003],[-118.0019,49.0004],[-117.8844,48.9999],[-117.8564,49.0006],[-117.8342,49.0006],[-117.8053,49.0006],[-117.7585,49.0006],[-117.722,49.0007],[-117.6755,49.0008],[-117.6363,49.0008],[-117.5953,49.0008],[-117.5765,49.0008],[-117.43,49.0004],[-117.2998,49.0],[-117.2682,48.9999],[-117.1261,48.9989],[-117.0324,48.9992],[-117.0321,48.8749],[-117.0324,48.8467],[-117.0333,48.7499],[-117.0337,48.6569],[-117.0344,48.6285],[-117.0346,48.6082],[-117.0349,48.5689],[-117.0354,48.4999],[-117.0354,48.4788],[-117.0353,48.4382],[-117.0353,48.4231],[-117.0352,48.3712],[-117.0375,48.2598],[-117.0386,48.2079],[-117.0391,48.1966],[-117.0395,48.186],[-117.0395,48.1747],[-117.0411,48.1249],[-117.0414,48.0855],[-117.0417,48.0456],[-117.0423,47.9775],[-117.0424,47.9663],[-117.0424,47.8861],[-117.0424,47.8745],[-117.0425,47.8613],[-117.0425,47.839],[-117.042,47.8224],[-117.0421,47.7786],[-117.0425,47.7665],[-117.0421,47.7451],[-117.0417,47.7359],[-117.0417,47.7227],[-117.0416,47.7068],[-117.0416,47.6977],[-117.0415,47.6832],[-117.0411,47.6236],[-117.041,47.5985],[-117.0409,47.5847],[-117.0408,47.5741],[-117.0412,47.5585],[-117.0407,47.5329],[-117.0405,47.5233],[-117.0399,47.4778],[-117.04,47.4633],[-117.0399,47.4349],[-117.0399,47.4124],[-117.0399,47.3991],[-117.0402,47.3749],[-117.0398,47.3472],[-117.0399,47.3105],[-117.04,47.2593],[-117.04,47.2402],[-117.0399,47.2255],[-117.0399,47.2033],[-117.0399,47.1819],[-117.0398,47.1547],[-117.0398,47.134],[-117.0398,47.1231],[-117.0398,47.091],[-117.0398,47.0489],[-117.0397,46.9673],[-117.0397,46.9124],[-117.0397,46.8734],[-117.0397,46.826],[-117.0398,46.8161],[-117.0395,46.7367],[-117.0395,46.7219],[-117.0394,46.7023],[-117.0395,46.6423],[-117.0395,46.6208],[-117.0397,46.5417],[-117.0398,46.4718],[-117.0397,46.4627],[-117.0398,46.4347],[-117.0398,46.4254],[-117.0355,46.41],[-117.0407,46.3986],[-117.0469,46.3796],[-117.0575,46.3714],[-117.0627,46.3536],[-117.056,46.3455],[-117.0344,46.3413],[-117.0238,46.336],[-117.0234,46.3264],[-117.0223,46.3175],[-117.0075,46.3053],[-116.9898,46.2994],[-116.9849,46.2897],[-116.9909,46.2804],[-116.9761,46.266],[-116.9667,46.2569],[-116.9588,46.2423],[-116.9553,46.2309],[-116.9594,46.2198],[-116.9661,46.2095],[-116.963,46.1997],[-116.9524,46.1935],[-116.9417,46.185],[-116.9336,46.1736],[-116.9219,46.1678],[-116.9306,46.1568],[-116.9355,46.1424],[-116.9406,46.1324],[-116.9503,46.1235],[-116.9513,46.1112],[-116.9553,46.1022],[-116.9741,46.0977],[-116.9825,46.0894],[-116.9789,46.08],[-116.9632,46.0759],[-116.9486,46.0679],[-116.9435,46.0544],[-116.9391,46.0449],[-116.9297,46.0347],[-116.9298,46.0236],[-116.9212,46.0135],[-116.9187,45.9999],[-116.9407,45.9963],[-116.9859,45.997],[-117.0513,45.9968],[-117.07,45.9975],[-117.0902,45.9976],[-117.2126,45.9983],[-117.2805,45.9985],[-117.3377,45.9987],[-117.3539,45.9963],[-117.3821,45.9981],[-117.4399,45.9986],[-117.4751,45.9979],[-117.5048,45.9983],[-117.6032,45.9989],[-117.6236,45.9991],[-117.7179,45.9999],[-117.9777,46.0007],[-117.9969,46.0008],[-118.1262,46.0003],[-118.146,46.0007],[-118.2289,46.0004],[-118.2525,46.0005],[-118.2835,46.0008],[-118.315,46.0005],[-118.3405,46.0005],[-118.3672,46.0006],[-118.3873,46.0006],[-118.4038,46.0006],[-118.424,46.0006],[-118.4708,46.0006],[-118.497,46.0006],[-118.5371,46.0008],[-118.5549,46.0008],[-118.5694,46.0008],[-118.5905,46.0008],[-118.6068,46.0009],[-118.6377,46.001],[-118.6587,46.001],[-118.6779,46.0009],[-118.7252,46.0009],[-118.7858,46.0008],[-118.8681,46.0007],[-118.9412,46.0006],[-118.9778,46.0],[-119.0086,45.9793],[-119.0271,45.9691],[-119.0615,45.9585],[-119.0932,45.9427],[-119.1261,45.9329],[-119.1414,45.931],[-119.1695,45.9276],[-119.1955,45.9279],[-119.2257,45.9327],[-119.2571,45.9399],[-119.3128,45.9342],[-119.3569,45.9237],[-119.4321,45.9183],[-119.4503,45.9174],[-119.4878,45.9063],[-119.5246,45.9086],[-119.5369,45.913],[-119.5716,45.9255],[-119.6005,45.9196],[-119.6234,45.9056],[-119.6699,45.8569],[-119.7299,45.8503],[-119.7729,45.8456],[-119.8027,45.8475],[-119.8681,45.836],[-119.9075,45.8281],[-119.9657,45.8244],[-119.9995,45.8125],[-120.0551,45.791],[-120.0701,45.7852],[-120.1414,45.7732],[-120.1705,45.762],[-120.1911,45.7435],[-120.2108,45.726],[-120.2822,45.7213],[-120.3291,45.7111],[-120.404,45.6992],[-120.4531,45.6962],[-120.4824,45.6944],[-120.5059,45.7],[-120.522,45.7098],[-120.5533,45.7337],[-120.5912,45.7465],[-120.635,45.7458],[-120.6535,45.7372],[-120.6689,45.7301],[-120.6894,45.7158],[-120.7242,45.7064],[-120.7889,45.6862],[-120.8361,45.6758],[-120.8557,45.6715],[-120.87,45.6612],[-120.8856,45.6501],[-120.8956,45.6429],[-120.9135,45.64],[-120.944,45.6564],[-120.978,45.6493],[-121.0074,45.6532],[-121.0336,45.651],[-121.0644,45.6525],[-121.0849,45.6479],[-121.1201,45.6231],[-121.1277,45.6125],[-121.1455,45.6079],[-121.1679,45.6061],[-121.1838,45.6064],[-121.1966,45.6167],[-121.1952,45.6295],[-121.2004,45.6498],[-121.2158,45.6712],[-121.2512,45.6784],[-121.2873,45.687],[-121.3122,45.6999],[-121.3378,45.7049],[-121.3513,45.7042],[-121.3655,45.7035],[-121.3835,45.6993],[-121.4017,45.6929],[-121.4236,45.694],[-121.4412,45.6973],[-121.4628,45.7014],[-121.4815,45.7114],[-121.4947,45.7184],[-121.5111,45.7228],[-121.532,45.7263],[-121.5627,45.7199],[-121.6093,45.7095],[-121.6312,45.7047],[-121.6684,45.7051],[-121.7074,45.6948],[-121.7351,45.694],[-121.8113,45.7068],[-121.8381,45.7003],[-121.8582,45.6954],[-121.8757,45.6877],[-121.9019,45.6707],[-121.9044,45.6583],[-121.922,45.6492],[-121.9351,45.6442],[-121.9518,45.645],[-121.9613,45.6359],[-121.9798,45.6248],[-122.0037,45.6159],[-122.0226,45.6152],[-122.0444,45.6095],[-122.1002,45.5842],[-122.1262,45.5826],[-122.1407,45.5845],[-122.1668,45.5804],[-122.1837,45.5777],[-122.1975,45.5673],[-122.2489,45.5478],[-122.2626,45.5443],[-122.2948,45.5435],[-122.3315,45.5482],[-122.3391,45.5558],[-122.3528,45.5694],[-122.3722,45.574],[-122.3918,45.5745],[-122.4107,45.5676],[-122.4387,45.5636],[-122.4539,45.5673],[-122.4719,45.5768],[-122.4923,45.5833],[-122.5054,45.5859],[-122.5237,45.5896],[-122.546,45.5961],[-122.5814,45.6039],[-122.6026,45.6076],[-122.635,45.6093],[-122.675,45.618],[-122.691,45.6247],[-122.7133,45.6374],[-122.7381,45.6441],[-122.7624,45.6564],[-122.7745,45.6804],[-122.7727,45.698],[-122.7622,45.7286],[-122.761,45.7504],[-122.7695,45.7806],[-122.779,45.7912],[-122.7956,45.81],[-122.796,45.825],[-122.7857,45.8442],[-122.7853,45.8581],[-122.785,45.8677],[-122.7947,45.88],[-122.8084,45.906],[-122.8062,45.9324],[-122.8118,45.9531],[-122.8334,45.9773],[-122.8459,45.9958],[-122.8562,46.0145],[-122.8777,46.031],[-122.8813,46.046],[-122.8845,46.0603],[-122.903,46.0823],[-122.9305,46.0932],[-122.9627,46.1048],[-123.0042,46.1338],[-123.0221,46.1391],[-123.0338,46.1443],[-123.0511,46.1536],[-123.073,46.1634],[-123.105,46.1777],[-123.1159,46.1853],[-123.1664,46.189],[-123.2131,46.1725],[-123.2308,46.1643],[-123.2512,46.1565],[-123.2802,46.1448],[-123.301,46.1446],[-123.3323,46.1461],[-123.3463,46.1451],[-123.3606,46.1463],[-123.3795,46.151],[-123.4226,46.176],[-123.4281,46.2233],[-123.4363,46.2382],[-123.4476,46.2498],[-123.4646,46.2616],[-123.4748,46.2678],[-123.5012,46.271],[-123.5162,46.2662],[-123.5381,46.2606],[-123.5522,46.2654],[-123.5644,46.2613],[-123.5816,46.2605],[-123.6032,46.2616],[-123.6249,46.2615],[-123.6514,46.2654],[-123.6695,46.2668],[-123.6801,46.2779],[-123.6788,46.2907],[-123.6878,46.2992],[-123.7007,46.3046],[-123.7154,46.3025],[-123.7241,46.2956],[-123.7415,46.2903],[-123.7536,46.2812],[-123.7667,46.2735],[-123.7827,46.2802],[-123.7956,46.2845],[-123.8117,46.2804],[-123.8165,46.2711],[-123.8338,46.2685],[-123.849,46.2605],[-123.8555,46.2527],[-123.871,46.2416],[-123.9093,46.2455],[-123.9196,46.2512],[-123.9301,46.2601],[-123.941,46.2672],[-123.9544,46.277],[-123.9589,46.286],[-123.9694,46.2914],[-123.9745,46.3031],[-123.9852,46.309],[-124.0013,46.3133],[-124.0204,46.3157],[-124.0299,46.3083],[-124.0443,46.3],[-124.0516,46.2915],[-124.0413,46.2784],[-124.0553,46.2778],[-124.0752,46.2715],[-124.0763,46.2965],[-124.0714,46.3055],[-124.0678,46.3169],[-124.0646,46.3269],[-124.0634,46.3388],[-124.062,46.3514],[-124.0603,46.3678],[-124.0584,46.3865],[-124.0574,46.4093],[-124.0572,46.4666],[-124.057,46.4913],[-124.0585,46.5127],[-124.062,46.5562],[-124.0684,46.6014],[-124.0696,46.6307],[-124.0692,46.6421],[-124.0664,46.6512],[-124.0528,46.6489],[-124.0459,46.6404],[-124.0359,46.6308],[-124.0455,46.6244],[-124.0471,46.6154],[-124.0409,46.6062],[-124.0323,46.5952],[-124.0236,46.5826],[-124.0231,46.5641],[-124.026,46.5316],[-124.0238,46.5133],[-124.0317,46.4964],[-124.03,46.4862],[-124.026,46.463],[-124.0172,46.4164],[-124.0162,46.3944],[-124.0153,46.3787],[-124.0072,46.3715],[-123.9848,46.3787],[-123.9639,46.3767],[-123.9523,46.3818],[-123.952,46.4026],[-123.9653,46.4087],[-123.9701,46.4244],[-123.9653,46.4333],[-123.9884,46.4451],[-123.9906,46.463],[-123.9927,46.4886],[-123.9837,46.4985],[-123.9792,46.4899],[-123.9718,46.4799],[-123.9568,46.4691],[-123.9425,46.4652],[-123.9437,46.4772],[-123.9426,46.4878],[-123.932,46.4932],[-123.923,46.5014],[-123.9243,46.5112],[-123.9103,46.5093],[-123.8955,46.5141],[-123.8972,46.5285],[-123.8933,46.5396],[-123.8962,46.5503],[-123.9169,46.5626],[-123.9223,46.5771],[-123.9289,46.5889],[-123.9391,46.5963],[-123.9537,46.6051],[-123.9592,46.6136],[-123.9589,46.6274],[-123.9606,46.6364],[-123.9442,46.627],[-123.9406,46.6409],[-123.9219,46.6503],[-123.9207,46.6681],[-123.9156,46.6786],[-123.8956,46.6837],[-123.8649,46.6987],[-123.8514,46.7026],[-123.8366,46.702],[-123.8294,46.7134],[-123.8471,46.7186],[-123.8621,46.7277],[-123.8767,46.7307],[-123.8871,46.7456],[-123.8986,46.7502],[-123.9164,46.7413],[-123.9128,46.7306],[-123.9291,46.7253],[-123.9487,46.7254],[-123.9686,46.7361],[-123.9797,46.7247],[-123.9752,46.714],[-123.9669,46.7052],[-123.9875,46.7075],[-124.0023,46.7074],[-124.0164,46.7189],[-124.0373,46.7221],[-124.0561,46.7291],[-124.081,46.735],[-124.0922,46.7416],[-124.095,46.7568],[-124.0967,46.7844],[-124.0983,46.7941],[-124.1012,46.8107],[-124.1081,46.8364],[-124.1169,46.8583],[-124.1216,46.87],[-124.1261,46.8811],[-124.1328,46.8964],[-124.1382,46.9055],[-124.122,46.9057],[-124.1106,46.9125],[-124.0995,46.9042],[-124.0904,46.8955],[-124.0951,46.8827],[-124.0893,46.8677],[-124.0731,46.8615],[-124.0551,46.8704],[-124.0524,46.8801],[-124.0493,46.8913],[-124.0362,46.8985],[-124.0137,46.9036],[-124.0084,46.9126],[-123.9925,46.9176],[-123.9794,46.923],[-123.9579,46.9213],[-123.9371,46.9286],[-123.9153,46.933],[-123.8829,46.9399],[-123.8702,46.9432],[-123.8513,46.9517],[-123.8446,46.9609],[-123.8591,46.9676],[-123.8757,46.9698],[-123.8894,46.9689],[-123.9023,46.9719],[-123.9216,46.9719],[-123.9392,46.9697],[-123.9545,46.9765],[-123.9834,46.9816],[-124.0122,46.9852],[-124.018,46.9936],[-124.0071,47.0017],[-124.0171,47.0086],[-124.0263,47.0302],[-124.0396,47.0325],[-124.0504,47.0389],[-124.0641,47.0429],[-124.0896,47.042],[-124.1064,47.0426],[-124.1221,47.0417],[-124.1415,47.0351],[-124.1513,47.0211],[-124.1467,47.0099],[-124.1374,46.9992],[-124.1397,46.9884],[-124.1383,46.9741],[-124.1356,46.9652],[-124.1283,46.9508],[-124.1141,46.9471],[-124.1065,46.9364],[-124.1255,46.9415],[-124.1391,46.9421],[-124.1519,46.937],[-124.1739,46.9272],[-124.1745,46.9416],[-124.1712,46.9584],[-124.1691,46.9939],[-124.1705,47.0175],[-124.1712,47.0287],[-124.1721,47.0438],[-124.1735,47.0664],[-124.1749,47.0779],[-124.1767,47.093],[-124.1805,47.1097],[-124.1838,47.1248],[-124.184,47.1353],[-124.1897,47.1468],[-124.1924,47.1584],[-124.1959,47.174],[-124.201,47.1912],[-124.2057,47.2071],[-124.209,47.2182],[-124.213,47.2282],[-124.2195,47.2447],[-124.2361,47.2868],[-124.2464,47.2965],[-124.2575,47.3041],[-124.2712,47.305],[-124.2864,47.3252],[-124.2933,47.3393],[-124.2992,47.3473],[-124.3149,47.3538],[-124.3241,47.3676],[-124.3243,47.3787],[-124.3266,47.3888],[-124.3302,47.4001],[-124.3378,47.4119],[-124.3376,47.433],[-124.3392,47.4465],[-124.3411,47.4589],[-124.3432,47.4743],[-124.3452,47.489],[-124.3515,47.519],[-124.3549,47.5335],[-124.3581,47.5465],[-124.3618,47.5627],[-124.3662,47.5824],[-124.3717,47.5996],[-124.3822,47.6323],[-124.396,47.6655],[-124.4121,47.6912],[-124.4196,47.7228],[-124.4252,47.7384],[-124.4406,47.7518],[-124.4502,47.7585],[-124.4622,47.7647],[-124.48,47.7673],[-124.4743,47.7756],[-124.4814,47.7887],[-124.4846,47.8083],[-124.4897,47.817],[-124.5067,47.8239],[-124.5226,47.8321],[-124.541,47.8341],[-124.5447,47.8452],[-124.558,47.8537],[-124.559,47.8631],[-124.5734,47.8667],[-124.5799,47.8746],[-124.5966,47.8786],[-124.6105,47.8717],[-124.6108,47.8806],[-124.6255,47.888],[-124.6297,47.897],[-124.6414,47.9079],[-124.6388,47.9192],[-124.6454,47.9353],[-124.652,47.9432],[-124.6623,47.9515],[-124.6638,47.9634],[-124.6746,47.9731],[-124.6708,47.9824],[-124.678,47.9923],[-124.6774,48.0093],[-124.681,48.0187],[-124.6825,48.0279],[-124.6854,48.0492],[-124.6937,48.0587],[-124.6965,48.0693],[-124.6951,48.0871],[-124.688,48.095],[-124.6928,48.1047],[-124.6951,48.1149],[-124.7049,48.1233],[-124.7168,48.1426],[-124.7217,48.1532],[-124.7317,48.1604],[-124.7317,48.17],[-124.7198,48.1774],[-124.7042,48.1844],[-124.6961,48.1986],[-124.6909,48.2126],[-124.6924,48.2239],[-124.6991,48.232],[-124.7059,48.2399],[-124.6915,48.2503],[-124.6809,48.2654],[-124.6808,48.2752],[-124.6851,48.2851],[-124.6834,48.2942],[-124.6693,48.2964],[-124.6621,48.3105],[-124.664,48.3203],[-124.6589,48.3311],[-124.6685,48.3399],[-124.6835,48.3385],[-124.696,48.3443],[-124.7037,48.3523],[-124.7125,48.365],[-124.7258,48.3707],[-124.7318,48.3812],[-124.7169,48.3898],[-124.7038,48.3871],[-124.6864,48.3895],[-124.6688,48.3885],[-124.6532,48.3907],[-124.6357,48.3882],[-124.6335,48.3791],[-124.6217,48.3678],[-124.6029,48.3693],[-124.5907,48.3736],[-124.578,48.3703],[-124.5565,48.3615],[-124.5475,48.3546],[-124.5255,48.349],[-124.5106,48.3432],[-124.4951,48.3369],[-124.4756,48.328],[-124.4572,48.319],[-124.4442,48.3122],[-124.4279,48.3061],[-124.414,48.3009],[-124.3956,48.2888],[-124.3809,48.2847],[-124.3614,48.2876],[-124.345,48.2806],[-124.3315,48.2749],[-124.3141,48.2715],[-124.2991,48.2682],[-124.2961,48.2588],[-124.2818,48.2577],[-124.2648,48.2546],[-124.2523,48.261],[-124.2386,48.2625],[-124.2228,48.2568],[-124.1993,48.2477],[-124.1757,48.2391],[-124.1496,48.2299],[-124.1307,48.2206],[-124.1119,48.22],[-124.1045,48.2091],[-124.1077,48.2001],[-124.0921,48.1967],[-124.0752,48.1907],[-124.0619,48.1871],[-124.0507,48.1777],[-124.0321,48.1743],[-124.0163,48.1713],[-123.9985,48.1721],[-123.981,48.1648],[-123.9553,48.1655],[-123.9399,48.1645],[-123.9156,48.1594],[-123.9018,48.1605],[-123.8865,48.161],[-123.8721,48.1588],[-123.8588,48.1543],[-123.8402,48.1559],[-123.8267,48.1611],[-123.8154,48.1554],[-123.7981,48.1558],[-123.7781,48.1555],[-123.7592,48.1596],[-123.7389,48.1603],[-123.7254,48.1592],[-123.7062,48.1634],[-123.6855,48.1638],[-123.6514,48.157],[-123.637,48.1503],[-123.6288,48.1393],[-123.613,48.139],[-123.5987,48.1358],[-123.5835,48.1364],[-123.5697,48.144],[-123.5511,48.1514],[-123.5349,48.1458],[-123.5223,48.1355],[-123.5072,48.1318],[-123.4927,48.1323],[-123.4734,48.1341],[-123.4557,48.1394],[-123.4401,48.142],[-123.4256,48.1422],[-123.4068,48.1415],[-123.4369,48.1395],[-123.4568,48.1353],[-123.4514,48.126],[-123.4379,48.1228],[-123.4247,48.1181],[-123.4074,48.1186],[-123.395,48.1142],[-123.3809,48.1149],[-123.3609,48.1159],[-123.3474,48.1176],[-123.3327,48.113],[-123.3146,48.1137],[-123.2896,48.1207],[-123.2689,48.1161],[-123.2544,48.1172],[-123.2391,48.1182],[-123.2207,48.1257],[-123.1945,48.1419],[-123.1644,48.1659],[-123.1448,48.1759],[-123.1019,48.185],[-123.1248,48.1756],[-123.1393,48.1665],[-123.1421,48.1571],[-123.1248,48.1535],[-123.1118,48.1484],[-123.0852,48.1271],[-123.0662,48.1205],[-123.0504,48.1028],[-123.0422,48.0896],[-123.0167,48.0854],[-123.0041,48.0905],[-122.9794,48.0959],[-122.9506,48.0982],[-122.9291,48.0962],[-122.9141,48.0944],[-122.9266,48.0741],[-122.9269,48.0646],[-122.886,48.0491],[-122.872,48.0476],[-122.8704,48.0385],[-122.861,48.0253],[-122.8609,48.0139],[-122.8673,48.0029],[-122.872,47.9935],[-122.8509,47.9959],[-122.8395,48.0018],[-122.8353,48.0145],[-122.8288,48.0336],[-122.8275,48.0468],[-122.8449,48.0518],[-122.8568,48.061],[-122.8783,48.0761],[-122.88,48.0888],[-122.8803,48.0989],[-122.8763,48.1109],[-122.8482,48.1269],[-122.8379,48.1365],[-122.8218,48.1359],[-122.7926,48.1411],[-122.7627,48.1428],[-122.7625,48.1312],[-122.7489,48.117],[-122.7719,48.1081],[-122.7921,48.0981],[-122.8014,48.0876],[-122.7881,48.0781],[-122.7844,48.0687],[-122.7742,48.0603],[-122.7705,48.0479],[-122.7592,48.0382],[-122.7485,48.0301],[-122.7349,48.0345],[-122.737,48.0434],[-122.74,48.0541],[-122.7393,48.0692],[-122.7389,48.081],[-122.7333,48.0912],[-122.7182,48.0974],[-122.6967,48.1032],[-122.693,48.0921],[-122.6911,48.0819],[-122.6857,48.073],[-122.6848,48.0633],[-122.6846,48.0492],[-122.6775,48.0362],[-122.6725,48.0203],[-122.6866,48.0089],[-122.6966,48.0151],[-122.709,48.0198],[-122.7219,48.0263],[-122.731,48.0178],[-122.7187,47.9981],[-122.7181,47.9877],[-122.7007,47.9734],[-122.6832,47.9722],[-122.6762,47.9587],[-122.6847,47.944],[-122.6804,47.9316],[-122.682,47.9214],[-122.6969,47.9194],[-122.6826,47.915],[-122.6704,47.922],[-122.6624,47.9307],[-122.6533,47.923],[-122.6534,47.9101],[-122.649,47.9006],[-122.6374,47.8899],[-122.6189,47.8902],[-122.6196,47.8776],[-122.6339,47.8684],[-122.6501,47.8639],[-122.6657,47.8666],[-122.6845,47.8678],[-122.6852,47.8525],[-122.6812,47.8438],[-122.6873,47.831],[-122.7014,47.8256],[-122.7109,47.8174],[-122.7252,47.8108],[-122.743,47.8099],[-122.7488,47.8017],[-122.7495,47.7889],[-122.7477,47.7779],[-122.7509,47.7678],[-122.7579,47.7577],[-122.7587,47.7488],[-122.7721,47.7399],[-122.7794,47.7292],[-122.7829,47.7187],[-122.7822,47.7072],[-122.7723,47.6949],[-122.7849,47.6873],[-122.8012,47.6854],[-122.8193,47.6851],[-122.8333,47.6925],[-122.8276,47.7052],[-122.8204,47.7128],[-122.815,47.726],[-122.8076,47.7371],[-122.8097,47.7474],[-122.8,47.7582],[-122.7957,47.7707],[-122.7898,47.7909],[-122.7881,47.8042],[-122.7974,47.8163],[-122.7976,47.8259],[-122.8097,47.8406],[-122.8207,47.8277],[-122.8235,47.8171],[-122.815,47.8075],[-122.8219,47.789],[-122.8418,47.779],[-122.8551,47.7823],[-122.8506,47.7968],[-122.8581,47.8044],[-122.8685,47.7911],[-122.8653,47.7811],[-122.8635,47.7686],[-122.8498,47.7608],[-122.8485,47.7518],[-122.8511,47.7385],[-122.8616,47.7448],[-122.8723,47.736],[-122.8837,47.723],[-122.8844,47.7134],[-122.8872,47.7019],[-122.8782,47.6901],[-122.8907,47.6817],[-122.901,47.6736],[-122.9089,47.665],[-122.9014,47.6539],[-122.9133,47.646],[-122.9267,47.6509],[-122.9352,47.6432],[-122.9417,47.6323],[-122.9545,47.627],[-122.9664,47.6188],[-122.9816,47.6131],[-122.9825,47.603],[-122.9961,47.59],[-123.0063,47.5765],[-123.0158,47.5645],[-123.022,47.5565],[-123.0309,47.54],[-123.0434,47.5334],[-123.0465,47.5237],[-123.0562,47.5095],[-123.0669,47.4948],[-123.0757,47.4876],[-123.0881,47.4764],[-123.1016,47.4624],[-123.1104,47.4547],[-123.1154,47.4402],[-123.1229,47.4283],[-123.1309,47.4164],[-123.1352,47.4059],[-123.1433,47.3941],[-123.1496,47.3794],[-123.157,47.3707],[-123.1549,47.3599],[-123.1506,47.3495],[-123.1347,47.353],[-123.1202,47.3601],[-123.1054,47.3624],[-123.0814,47.3559],[-123.0704,47.3497],[-123.0471,47.3495],[-123.0324,47.3518],[-123.0172,47.3563],[-123.0058,47.3642],[-122.9939,47.3703],[-122.9765,47.3772],[-122.9594,47.3796],[-122.9452,47.3828],[-122.9269,47.3893],[-122.9114,47.3891],[-122.903,47.3966],[-122.8907,47.4076],[-122.8779,47.411],[-122.8677,47.4221],[-122.8811,47.4231],[-122.8946,47.4213],[-122.9043,47.4144],[-122.925,47.4107],[-122.9411,47.4031],[-122.9557,47.4011],[-122.9694,47.3963],[-122.983,47.393],[-123.0046,47.383],[-123.016,47.3754],[-123.0219,47.3642],[-123.0421,47.3587],[-123.0532,47.3653],[-123.0695,47.3716],[-123.0856,47.3748],[-123.1006,47.3735],[-123.1135,47.3826],[-123.1202,47.3915],[-123.112,47.4019],[-123.1052,47.4098],[-123.0916,47.433],[-123.0832,47.4451],[-123.0695,47.4535],[-123.0602,47.4702],[-123.0455,47.4808],[-123.0338,47.4941],[-123.0316,47.5114],[-123.0237,47.5203],[-123.0141,47.5287],[-122.9965,47.5443],[-122.9891,47.5525],[-122.9753,47.5596],[-122.9713,47.5711],[-122.9651,47.5852],[-122.9492,47.5867],[-122.9366,47.5901],[-122.9228,47.5979],[-122.9178,47.6072],[-122.9197,47.6177],[-122.8962,47.6255],[-122.8748,47.6333],[-122.8596,47.6388],[-122.8553,47.6476],[-122.8408,47.6525],[-122.8273,47.6532],[-122.8379,47.6398],[-122.8235,47.6423],[-122.8081,47.6504],[-122.7883,47.6569],[-122.7715,47.6609],[-122.7578,47.6653],[-122.7496,47.6735],[-122.745,47.6828],[-122.7453,47.692],[-122.7465,47.7012],[-122.7483,47.7179],[-122.7384,47.7338],[-122.726,47.7463],[-122.7197,47.761],[-122.7075,47.7693],[-122.6931,47.7761],[-122.6851,47.7948],[-122.6775,47.8031],[-122.6649,47.8131],[-122.6524,47.822],[-122.6307,47.8352],[-122.6146,47.8508],[-122.5813,47.8574],[-122.5733,47.8677],[-122.5841,47.8973],[-122.5882,47.9129],[-122.5962,47.9202],[-122.6179,47.9253],[-122.617,47.939],[-122.6015,47.9317],[-122.5922,47.9225],[-122.5627,47.9203],[-122.5491,47.9191],[-122.5323,47.9121],[-122.5261,47.9],[-122.5126,47.8818],[-122.5145,47.866],[-122.5079,47.855],[-122.5066,47.8414],[-122.5061,47.8317],[-122.4825,47.8155],[-122.4852,47.8041],[-122.4953,47.797],[-122.4955,47.7867],[-122.4835,47.7819],[-122.4783,47.7712],[-122.4703,47.7571],[-122.4771,47.7462],[-122.4969,47.745],[-122.5152,47.7439],[-122.5326,47.7469],[-122.5511,47.746],[-122.5492,47.7368],[-122.554,47.726],[-122.5441,47.7182],[-122.5309,47.7048],[-122.5157,47.7085],[-122.5046,47.6991],[-122.5045,47.6859],[-122.5087,47.6708],[-122.4978,47.6618],[-122.515,47.6541],[-122.5082,47.6437],[-122.4932,47.6351],[-122.4945,47.6236],[-122.4967,47.6094],[-122.4982,47.5982],[-122.4939,47.589],[-122.4791,47.5837],[-122.4952,47.5801],[-122.5184,47.5741],[-122.5283,47.5676],[-122.5431,47.5563],[-122.5397,47.5438],[-122.5459,47.5296],[-122.5278,47.5243],[-122.5137,47.5194],[-122.5009,47.5161],[-122.4975,47.5073],[-122.5111,47.4922],[-122.5188,47.4813],[-122.5287,47.4723],[-122.5309,47.4626],[-122.533,47.4536],[-122.5335,47.4392],[-122.5318,47.4303],[-122.5398,47.4207],[-122.5445,47.4115],[-122.5509,47.4034],[-122.5515,47.3904],[-122.5416,47.3804],[-122.544,47.3681],[-122.5515,47.3595],[-122.5558,47.3475],[-122.568,47.3344],[-122.5751,47.3266],[-122.5718,47.3162],[-122.5663,47.3065],[-122.5556,47.297],[-122.5475,47.2853],[-122.5554,47.275],[-122.5656,47.2654],[-122.577,47.2568],[-122.5911,47.2562],[-122.5989,47.2669],[-122.6143,47.2696],[-122.6307,47.2772],[-122.6483,47.2799],[-122.6636,47.284],[-122.6785,47.2859],[-122.6924,47.28],[-122.6912,47.2981],[-122.6902,47.3074],[-122.6806,47.3184],[-122.6795,47.3278],[-122.6661,47.3336],[-122.6713,47.3438],[-122.6599,47.3526],[-122.6485,47.3586],[-122.6366,47.3663],[-122.6262,47.3756],[-122.6502,47.3746],[-122.6659,47.3713],[-122.6823,47.3655],[-122.6892,47.3554],[-122.707,47.3482],[-122.7209,47.3399],[-122.7257,47.3305],[-122.7293,47.3201],[-122.7415,47.3068],[-122.7455,47.2983],[-122.7512,47.2857],[-122.7524,47.2764],[-122.75,47.2669],[-122.735,47.2659],[-122.7379,47.2554],[-122.7248,47.2488],[-122.7228,47.2391],[-122.722,47.2291],[-122.7279,47.2154],[-122.7374,47.2082],[-122.7486,47.2197],[-122.7552,47.2097],[-122.7503,47.2011],[-122.7443,47.1926],[-122.7479,47.1834],[-122.7521,47.1725],[-122.7638,47.1661],[-122.7744,47.1716],[-122.7779,47.1825],[-122.7897,47.1876],[-122.7975,47.1994],[-122.8065,47.2106],[-122.8074,47.2206],[-122.8187,47.2278],[-122.8277,47.2388],[-122.8287,47.2482],[-122.825,47.2576],[-122.8187,47.2691],[-122.8106,47.2782],[-122.7985,47.2875],[-122.7895,47.3002],[-122.7926,47.3104],[-122.7952,47.3218],[-122.7928,47.3313],[-122.7899,47.3407],[-122.7953,47.3506],[-122.7862,47.358],[-122.8004,47.3586],[-122.8087,47.3661],[-122.816,47.3754],[-122.8133,47.3859],[-122.8132,47.395],[-122.8189,47.4036],[-122.8241,47.3916],[-122.8283,47.3819],[-122.8282,47.3725],[-122.8247,47.3634],[-122.8252,47.3534],[-122.8208,47.3423],[-122.8294,47.3347],[-122.8187,47.3275],[-122.8315,47.3143],[-122.8377,47.3233],[-122.843,47.3131],[-122.8526,47.3068],[-122.8475,47.297],[-122.8563,47.2894],[-122.8684,47.2802],[-122.8632,47.2701],[-122.866,47.2606],[-122.8684,47.2514],[-122.8648,47.2393],[-122.855,47.2327],[-122.8525,47.2225],[-122.8425,47.2131],[-122.8422,47.2002],[-122.8491,47.1904],[-122.8582,47.1742],[-122.852,47.1644],[-122.8406,47.1584],[-122.8441,47.1477],[-122.843,47.1388],[-122.842,47.1294],[-122.8368,47.1191],[-122.8299,47.1278],[-122.8294,47.1388],[-122.8273,47.149],[-122.8277,47.161],[-122.8215,47.1766],[-122.8092,47.1652],[-122.7987,47.1593],[-122.7914,47.1451],[-122.7873,47.1326],[-122.7774,47.1257],[-122.7629,47.1197],[-122.7498,47.1108],[-122.7375,47.1061],[-122.7254,47.1003],[-122.7103,47.0999],[-122.6938,47.1039],[-122.6785,47.1027],[-122.6709,47.1126],[-122.658,47.1272],[-122.6451,47.1351],[-122.6328,47.139],[-122.6219,47.1479],[-122.6169,47.1569],[-122.6138,47.1696],[-122.597,47.1753],[-122.585,47.1873],[-122.5836,47.1968],[-122.5805,47.2104],[-122.5722,47.2183],[-122.5649,47.2272],[-122.5634,47.2365],[-122.5563,47.2444],[-122.5523,47.2543],[-122.5447,47.2638],[-122.5342,47.2752],[-122.5288,47.2906],[-122.5368,47.3044],[-122.5477,47.3164],[-122.5333,47.3166],[-122.5197,47.308],[-122.507,47.3028],[-122.4993,47.2949],[-122.4867,47.2857],[-122.4717,47.2773],[-122.4531,47.2724],[-122.4403,47.262],[-122.4296,47.2685],[-122.4185,47.2759],[-122.4138,47.285],[-122.4242,47.2975],[-122.4398,47.2987],[-122.4346,47.3075],[-122.43,47.3197],[-122.4147,47.321],[-122.3962,47.3269],[-122.3811,47.3261],[-122.3642,47.336],[-122.3369,47.3414],[-122.3248,47.3485],[-122.325,47.3651],[-122.3255,47.3759],[-122.3272,47.3877],[-122.3305,47.3964],[-122.3346,47.4069],[-122.348,47.4159],[-122.3512,47.4308],[-122.3551,47.4419],[-122.367,47.4476],[-122.3831,47.4505],[-122.3703,47.4574],[-122.3702,47.4678],[-122.3641,47.4772],[-122.3649,47.4881],[-122.3757,47.4964],[-122.3866,47.5022],[-122.3965,47.5152],[-122.3939,47.5248],[-122.3967,47.5355],[-122.3994,47.5458],[-122.4024,47.5573],[-122.4097,47.5665],[-122.4211,47.576],[-122.4018,47.5839],[-122.3914,47.5923],[-122.3762,47.5859],[-122.3621,47.5838],[-122.3443,47.5908],[-122.3396,47.5992],[-122.3442,47.6077],[-122.3616,47.6186],[-122.3779,47.6265],[-122.3918,47.63],[-122.4042,47.6339],[-122.4146,47.6398],[-122.4201,47.6513],[-122.4298,47.6589],[-122.4227,47.6666],[-122.4092,47.6717],[-122.405,47.6867],[-122.4034,47.6977],[-122.3857,47.7045],[-122.3799,47.7133],[-122.3763,47.7226],[-122.3749,47.7342],[-122.3827,47.7478],[-122.3802,47.7585],[-122.389,47.7669],[-122.3944,47.7771],[-122.3913,47.7924],[-122.3949,47.8033],[-122.3835,47.8127],[-122.374,47.8213],[-122.3604,47.834],[-122.3465,47.8424],[-122.3359,47.8523],[-122.335,47.8613],[-122.3301,47.8753],[-122.3281,47.8933],[-122.3226,47.9092],[-122.3122,47.9237],[-122.3111,47.9367],[-122.3087,47.9463],[-122.2911,47.9521],[-122.278,47.9565],[-122.2597,47.9584],[-122.2402,47.9642],[-122.23,47.9709],[-122.2308,47.9801],[-122.2292,47.9994],[-122.2311,48.0087],[-122.2259,48.0182],[-122.2274,48.0309],[-122.2469,48.0342],[-122.2611,48.0414],[-122.2744,48.0482],[-122.2899,48.0524],[-122.2749,48.0504],[-122.2783,48.0614],[-122.2915,48.065],[-122.3049,48.073],[-122.3178,48.0792],[-122.3261,48.0929],[-122.3432,48.0976],[-122.3474,48.1067],[-122.3588,48.1175],[-122.3651,48.1258],[-122.3678,48.1349],[-122.365,48.1459],[-122.3674,48.1554],[-122.3702,48.1645],[-122.3635,48.1744],[-122.3616,48.1834],[-122.3703,48.1909],[-122.3697,48.2009],[-122.369,48.2107],[-122.3712,48.2197],[-122.3823,48.2263],[-122.3961,48.2292],[-122.412,48.227],[-122.4251,48.2298],[-122.4412,48.2354],[-122.4537,48.2289],[-122.4495,48.2147],[-122.4549,48.1966],[-122.4702,48.194],[-122.4784,48.1796],[-122.4758,48.1668],[-122.4643,48.1556],[-122.4559,48.146],[-122.4454,48.1358],[-122.433,48.1261],[-122.4215,48.1158],[-122.3923,48.0977],[-122.3795,48.0874],[-122.3685,48.0738],[-122.3594,48.0628],[-122.3724,48.056],[-122.385,48.0634],[-122.3934,48.0785],[-122.4095,48.0904],[-122.4197,48.0985],[-122.4296,48.1055],[-122.4431,48.107],[-122.4578,48.1208],[-122.4675,48.1304],[-122.4816,48.1249],[-122.4955,48.125],[-122.5087,48.1312],[-122.5147,48.1397],[-122.5162,48.1512],[-122.524,48.1625],[-122.5305,48.1745],[-122.5372,48.1837],[-122.5329,48.1954],[-122.5389,48.2097],[-122.5344,48.223],[-122.5352,48.2402],[-122.531,48.2498],[-122.5176,48.253],[-122.5038,48.257],[-122.4863,48.251],[-122.4702,48.2622],[-122.464,48.2705],[-122.4512,48.2666],[-122.4285,48.2596],[-122.4065,48.2518],[-122.3953,48.2572],[-122.3916,48.2678],[-122.3883,48.2775],[-122.3907,48.2893],[-122.388,48.3003],[-122.3973,48.3078],[-122.4021,48.3165],[-122.4087,48.3264],[-122.4227,48.3313],[-122.4369,48.3377],[-122.4501,48.3424],[-122.4622,48.3519],[-122.4826,48.3549],[-122.4986,48.3592],[-122.4988,48.3685],[-122.5195,48.37],[-122.5319,48.3751],[-122.5376,48.3929],[-122.5475,48.3999],[-122.5556,48.4074],[-122.5535,48.4164],[-122.5701,48.4171],[-122.5803,48.4109],[-122.5725,48.419],[-122.5587,48.4231],[-122.5512,48.4395],[-122.5504,48.4484],[-122.5661,48.4455],[-122.5782,48.4408],[-122.5816,48.4292],[-122.5958,48.4224],[-122.6098,48.4213],[-122.6186,48.4126],[-122.6338,48.4104],[-122.6485,48.4086],[-122.654,48.4179],[-122.6687,48.4202],[-122.6758,48.4365],[-122.6647,48.4461],[-122.6548,48.4541],[-122.6575,48.4715],[-122.6659,48.4814],[-122.6764,48.4896],[-122.6916,48.4905],[-122.7016,48.4976],[-122.6888,48.5043],[-122.6714,48.504],[-122.658,48.5081],[-122.6365,48.5148],[-122.6155,48.5213],[-122.6,48.5209],[-122.6043,48.5118],[-122.602,48.5023],[-122.5989,48.4916],[-122.5901,48.4838],[-122.5864,48.4685],[-122.5749,48.4633],[-122.5737,48.4774],[-122.5784,48.4878],[-122.5674,48.4993],[-122.5543,48.4939],[-122.5432,48.475],[-122.5374,48.4667],[-122.5333,48.4759],[-122.5245,48.4688],[-122.5109,48.463],[-122.4969,48.4638],[-122.4784,48.4681],[-122.47,48.4768],[-122.479,48.4854],[-122.4829,48.4977],[-122.485,48.5096],[-122.4831,48.52],[-122.488,48.5321],[-122.4955,48.5401],[-122.5005,48.5507],[-122.5044,48.5648],[-122.5224,48.567],[-122.5366,48.5744],[-122.552,48.5758],[-122.5603,48.5832],[-122.5425,48.5791],[-122.5237,48.5756],[-122.5046,48.5765],[-122.4919,48.5708],[-122.4824,48.5597],[-122.4689,48.5573],[-122.4626,48.5672],[-122.4489,48.5692],[-122.4376,48.5771],[-122.4292,48.594],[-122.4324,48.6045],[-122.4382,48.6131],[-122.4487,48.6226],[-122.4642,48.6257],[-122.4774,48.6374],[-122.4888,48.6454],[-122.5003,48.6562],[-122.5099,48.6644],[-122.4941,48.6703],[-122.4912,48.6836],[-122.4964,48.6936],[-122.5,48.7027],[-122.5045,48.6914],[-122.5156,48.7015],[-122.5192,48.7131],[-122.5133,48.7225],[-122.5026,48.7325],[-122.4912,48.7424],[-122.4945,48.7534],[-122.5124,48.7571],[-122.5282,48.7684],[-122.5358,48.7761],[-122.5533,48.7776],[-122.5692,48.7747],[-122.5863,48.7726],[-122.6008,48.7662],[-122.6101,48.7569],[-122.6278,48.7447],[-122.6371,48.7357],[-122.6457,48.7239],[-122.6519,48.7159],[-122.662,48.728],[-122.6735,48.7331],[-122.667,48.7484],[-122.6543,48.7663],[-122.6476,48.7786],[-122.6575,48.7884],[-122.6733,48.7964],[-122.683,48.8033],[-122.6984,48.8038],[-122.7045,48.7954],[-122.7061,48.7864],[-122.7092,48.8178],[-122.7118,48.8324],[-122.7171,48.8472],[-122.7265,48.8545],[-122.7473,48.8615],[-122.7563,48.8694],[-122.7857,48.8851],[-122.7932,48.8929],[-122.7761,48.8986],[-122.7649,48.9069],[-122.7513,48.9112],[-122.7454,48.9212],[-122.7466,48.9307],[-122.7556,48.9387],[-122.7704,48.9425],[-122.7875,48.9317],[-122.8129,48.9376],[-122.8225,48.9449],[-122.8172,48.956],[-122.8004,48.9694],[-122.7743,48.991],[-122.7596,48.9957],[-122.7498,49.0021],[-122.7356,49.0022],[-122.717,49.0022],[-122.7133,49.0022]]}},{"type":"Feature","properties":{},"geometry":{"type":"LineString","coordinates":[[-123.0246,48.984],[-123.0265,48.9741],[-123.041,48.9773],[-123.0569,48.9753],[-123.072,48.9739],[-123.0836,48.9798],[-123.0862,48.9898],[-123.0905,49.0019],[-123.0683,49.002],[-123.0541,49.002],[-123.0396,49.002],[-123.0288,48.9908],[-123.0246,48.984]]}},{"type":"Feature","properties":{},"geometry":{"type":"LineString","coordinates":[[-122.3035,48.0056],[-122.3174,48.0072],[-122.3345,48.0189],[-122.3203,48.0169],[-122.3088,48.0098],[-122.3035,48.0056]]}},{"type":"Feature","properties":{},"geometry":{"type":"LineString","coordinates":[[-111.0546,45.001],[-110.9901,45.0008],[-110.7901,45.0009],[-110.7527,44.9971],[-110.7045,44.9922],[-110.577,44.9925]]}},{"type":"Feature","properties":{},"geometry":{"type":"LineString","coordinates":[[-110.5007,40.9947],[-110.5398,40.9963],[-110.6068,40.9963],[-110.715,40.9963],[-110.7298,40.9966],[-110.7507,40.9968],[-110.8721,40.9973],[-111.0338,40.9979],[-111.0467,40.998],[-111.0466,41.156],[-111.0466,41.2009],[-111.0466,41.2481],[-111.0466,41.2858],[-111.0466,41.3607],[-111.0463,41.3777],[-111.0459,41.5216],[-111.0458,41.5656],[-111.0458,41.5798],[-111.0462,41.7796],[-111.0467,42.0017],[-111.0471,42.1425],[-111.0471,42.1827],[-111.0471,42.1948],[-111.0471,42.2808],[-111.0471,42.3494],[-111.047,42.4009],[-111.0468,42.5049],[-111.0467,42.5139],[-111.046,42.5827],[-111.0449,42.6486],[-111.0436,42.7226],[-111.0438,42.7867],[-111.0439,42.8096],[-111.0441,42.8574],[-111.0441,42.8749],[-111.044,42.9535],[-111.044,42.9645],[-111.0439,42.9751],[-111.0441,43.0022],[-111.0441,43.0187],[-111.0441,43.0293],[-111.044,43.0414],[-111.0441,43.0548],[-111.0442,43.0662],[-111.0442,43.1741],[-111.0442,43.1844],[-111.0442,43.1956],[-111.0446,43.3157],[-111.0452,43.5011],[-111.0453,43.5433],[-111.0455,43.5831],[-111.0456,43.6178],[-111.0456,43.641],[-111.0457,43.6591],[-111.0459,43.6794],[-111.0464,43.7221],[-111.0464,43.7508],[-111.0466,43.7833],[-111.0467,43.8083],[-111.0467,43.8288],[-111.0466,43.8615],[-111.0465,43.9084],[-111.0469,43.975],[-111.0473,43.9999],[-111.0491,44.0201],[-111.0488,44.0604],[-111.0485,44.1148],[-111.0491,44.1249],[-111.0497,44.3536],[-111.0491,44.3749],[-111.0492,44.4358],[-111.049,44.4741],[-111.0526,44.4997],[-111.0536,44.6663],[-111.054,44.7262],[-111.0541,44.7527],[-111.0542,44.8138],[-111.0544,44.8604],[-111.0545,44.9394],[-111.0546,44.9997],[-111.0546,45.001]]}}]}